"TimeCreated","Id","LevelDisplayName","ProviderName","MachineName","Message"
"28.05.2026 22:03:18","8021","Warnung","Microsoft-Windows-AppLocker","SLH-Tresen-Nuc","Die Ausführung von MICROSOFT.AAD.BROKERPLUGIN wurde zugelassen, wäre jedoch verhindert worden, wäre die AppLocker-Richtlinie erzwungen worden."
"28.05.2026 22:02:50","8021","Warnung","Microsoft-Windows-AppLocker","SLH-Tresen-Nuc","Die Ausführung von MICROSOFT.AAD.BROKERPLUGIN wurde zugelassen, wäre jedoch verhindert worden, wäre die AppLocker-Richtlinie erzwungen worden."
"28.05.2026 22:02:50","8021","Warnung","Microsoft-Windows-AppLocker","SLH-Tresen-Nuc","Die Ausführung von MICROSOFT.AAD.BROKERPLUGIN wurde zugelassen, wäre jedoch verhindert worden, wäre die AppLocker-Richtlinie erzwungen worden."
"28.05.2026 22:01:17","8021","Warnung","Microsoft-Windows-AppLocker","SLH-Tresen-Nuc","Die Ausführung von MICROSOFT.AAD.BROKERPLUGIN wurde zugelassen, wäre jedoch verhindert worden, wäre die AppLocker-Richtlinie erzwungen worden."
"28.05.2026 22:01:14","8021","Warnung","Microsoft-Windows-AppLocker","SLH-Tresen-Nuc","Die Ausführung von MICROSOFT.AAD.BROKERPLUGIN wurde zugelassen, wäre jedoch verhindert worden, wäre die AppLocker-Richtlinie erzwungen worden."
"28.05.2026 22:01:07","8021","Warnung","Microsoft-Windows-AppLocker","SLH-Tresen-Nuc","Die Ausführung von MICROSOFT.AAD.BROKERPLUGIN wurde zugelassen, wäre jedoch verhindert worden, wäre die AppLocker-Richtlinie erzwungen worden."
"28.05.2026 22:00:48","8021","Warnung","Microsoft-Windows-AppLocker","SLH-Tresen-Nuc","Die Ausführung von MICROSOFT.AAD.BROKERPLUGIN wurde zugelassen, wäre jedoch verhindert worden, wäre die AppLocker-Richtlinie erzwungen worden."
"28.05.2026 22:00:48","8021","Warnung","Microsoft-Windows-AppLocker","SLH-Tresen-Nuc","Die Ausführung von MICROSOFT.AAD.BROKERPLUGIN wurde zugelassen, wäre jedoch verhindert worden, wäre die AppLocker-Richtlinie erzwungen worden."
"28.05.2026 21:59:37","8021","Warnung","Microsoft-Windows-AppLocker","SLH-Tresen-Nuc","Die Ausführung von MICROSOFT.AAD.BROKERPLUGIN wurde zugelassen, wäre jedoch verhindert worden, wäre die AppLocker-Richtlinie erzwungen worden."
"28.05.2026 21:59:18","8021","Warnung","Microsoft-Windows-AppLocker","SLH-Tresen-Nuc","Die Ausführung von MICROSOFT.AAD.BROKERPLUGIN wurde zugelassen, wäre jedoch verhindert worden, wäre die AppLocker-Richtlinie erzwungen worden."
"28.05.2026 21:59:18","8021","Warnung","Microsoft-Windows-AppLocker","SLH-Tresen-Nuc","Die Ausführung von MICROSOFT.AAD.BROKERPLUGIN wurde zugelassen, wäre jedoch verhindert worden, wäre die AppLocker-Richtlinie erzwungen worden."
"28.05.2026 21:58:09","8021","Warnung","Microsoft-Windows-AppLocker","SLH-Tresen-Nuc","Die Ausführung von MICROSOFT.AAD.BROKERPLUGIN wurde zugelassen, wäre jedoch verhindert worden, wäre die AppLocker-Richtlinie erzwungen worden."
"28.05.2026 21:58:08","8021","Warnung","Microsoft-Windows-AppLocker","SLH-Tresen-Nuc","Die Ausführung von MICROSOFT.AAD.BROKERPLUGIN wurde zugelassen, wäre jedoch verhindert worden, wäre die AppLocker-Richtlinie erzwungen worden."
"28.05.2026 21:58:07","8021","Warnung","Microsoft-Windows-AppLocker","SLH-Tresen-Nuc","Die Ausführung von MICROSOFT.OFFICE.ACTIONSSERVER wurde zugelassen, wäre jedoch verhindert worden, wäre die AppLocker-Richtlinie erzwungen worden."
"28.05.2026 21:56:45","8021","Warnung","Microsoft-Windows-AppLocker","SLH-Tresen-Nuc","Die Ausführung von MICROSOFT.AAD.BROKERPLUGIN wurde zugelassen, wäre jedoch verhindert worden, wäre die AppLocker-Richtlinie erzwungen worden."
"28.05.2026 21:56:29","8021","Warnung","Microsoft-Windows-AppLocker","SLH-Tresen-Nuc","Die Ausführung von MICROSOFT.AAD.BROKERPLUGIN wurde zugelassen, wäre jedoch verhindert worden, wäre die AppLocker-Richtlinie erzwungen worden."
"28.05.2026 21:56:26","8021","Warnung","Microsoft-Windows-AppLocker","SLH-Tresen-Nuc","Die Ausführung von MICROSOFT.AAD.BROKERPLUGIN wurde zugelassen, wäre jedoch verhindert worden, wäre die AppLocker-Richtlinie erzwungen worden."
"28.05.2026 21:56:18","8021","Warnung","Microsoft-Windows-AppLocker","SLH-Tresen-Nuc","Die Ausführung von MICROSOFT.MICROSOFTEDGE.STABLE wurde zugelassen, wäre jedoch verhindert worden, wäre die AppLocker-Richtlinie erzwungen worden."
"28.05.2026 21:56:16","8021","Warnung","Microsoft-Windows-AppLocker","SLH-Tresen-Nuc","Die Ausführung von MICROSOFT.AAD.BROKERPLUGIN wurde zugelassen, wäre jedoch verhindert worden, wäre die AppLocker-Richtlinie erzwungen worden."
"28.05.2026 21:55:09","8021","Warnung","Microsoft-Windows-AppLocker","SLH-Tresen-Nuc","Die Ausführung von MICROSOFT.AAD.BROKERPLUGIN wurde zugelassen, wäre jedoch verhindert worden, wäre die AppLocker-Richtlinie erzwungen worden."
"28.05.2026 21:54:43","8021","Warnung","Microsoft-Windows-AppLocker","SLH-Tresen-Nuc","Die Ausführung von WINDOWS.IMMERSIVECONTROLPANEL wurde zugelassen, wäre jedoch verhindert worden, wäre die AppLocker-Richtlinie erzwungen worden."
"28.05.2026 21:54:42","8021","Warnung","Microsoft-Windows-AppLocker","SLH-Tresen-Nuc","Die Ausführung von MICROSOFT.AAD.BROKERPLUGIN wurde zugelassen, wäre jedoch verhindert worden, wäre die AppLocker-Richtlinie erzwungen worden."
"28.05.2026 21:54:41","8021","Warnung","Microsoft-Windows-AppLocker","SLH-Tresen-Nuc","Die Ausführung von WINDOWS.IMMERSIVECONTROLPANEL wurde zugelassen, wäre jedoch verhindert worden, wäre die AppLocker-Richtlinie erzwungen worden."
"28.05.2026 21:54:08","8021","Warnung","Microsoft-Windows-AppLocker","SLH-Tresen-Nuc","Die Ausführung von MICROSOFT.AAD.BROKERPLUGIN wurde zugelassen, wäre jedoch verhindert worden, wäre die AppLocker-Richtlinie erzwungen worden."
"28.05.2026 21:54:08","8021","Warnung","Microsoft-Windows-AppLocker","SLH-Tresen-Nuc","Die Ausführung von MICROSOFT.WINDOWSTERMINAL wurde zugelassen, wäre jedoch verhindert worden, wäre die AppLocker-Richtlinie erzwungen worden."
"28.05.2026 21:54:08","8021","Warnung","Microsoft-Windows-AppLocker","SLH-Tresen-Nuc","Die Ausführung von MICROSOFT.WINDOWSTERMINAL wurde zugelassen, wäre jedoch verhindert worden, wäre die AppLocker-Richtlinie erzwungen worden."
"28.05.2026 21:54:06","8021","Warnung","Microsoft-Windows-AppLocker","SLH-Tresen-Nuc","Die Ausführung von MICROSOFT.AAD.BROKERPLUGIN wurde zugelassen, wäre jedoch verhindert worden, wäre die AppLocker-Richtlinie erzwungen worden."
"28.05.2026 21:53:39","8021","Warnung","Microsoft-Windows-AppLocker","SLH-Tresen-Nuc","Die Ausführung von MICROSOFT.AAD.BROKERPLUGIN wurde zugelassen, wäre jedoch verhindert worden, wäre die AppLocker-Richtlinie erzwungen worden."
"28.05.2026 21:53:38","8021","Warnung","Microsoft-Windows-AppLocker","SLH-Tresen-Nuc","Die Ausführung von MICROSOFT.AAD.BROKERPLUGIN wurde zugelassen, wäre jedoch verhindert worden, wäre die AppLocker-Richtlinie erzwungen worden."
"28.05.2026 21:53:13","8021","Warnung","Microsoft-Windows-AppLocker","SLH-Tresen-Nuc","Die Ausführung von AD2F1837.HPPRINTERCONTROL wurde zugelassen, wäre jedoch verhindert worden, wäre die AppLocker-Richtlinie erzwungen worden."
"28.05.2026 21:53:12","8021","Warnung","Microsoft-Windows-AppLocker","SLH-Tresen-Nuc","Die Ausführung von MICROSOFT.WINDOWS.CONTENTDELIVERYMANAGER wurde zugelassen, wäre jedoch verhindert worden, wäre die AppLocker-Richtlinie erzwungen worden."
"28.05.2026 21:53:11","8021","Warnung","Microsoft-Windows-AppLocker","SLH-Tresen-Nuc","Die Ausführung von MICROSOFTWINDOWS.CLIENT.OOBE wurde zugelassen, wäre jedoch verhindert worden, wäre die AppLocker-Richtlinie erzwungen worden."
"28.05.2026 21:53:11","8021","Warnung","Microsoft-Windows-AppLocker","SLH-Tresen-Nuc","Die Ausführung von MICROSOFTWINDOWS.CLIENT.CBS wurde zugelassen, wäre jedoch verhindert worden, wäre die AppLocker-Richtlinie erzwungen worden."
"28.05.2026 21:53:11","8021","Warnung","Microsoft-Windows-AppLocker","SLH-Tresen-Nuc","Die Ausführung von MICROSOFT.YOURPHONE wurde zugelassen, wäre jedoch verhindert worden, wäre die AppLocker-Richtlinie erzwungen worden."
"28.05.2026 21:53:11","8021","Warnung","Microsoft-Windows-AppLocker","SLH-Tresen-Nuc","Die Ausführung von MICROSOFTWINDOWS.CLIENT.CBS wurde zugelassen, wäre jedoch verhindert worden, wäre die AppLocker-Richtlinie erzwungen worden."
"28.05.2026 21:53:11","8021","Warnung","Microsoft-Windows-AppLocker","SLH-Tresen-Nuc","Die Ausführung von MICROSOFTWINDOWS.CLIENT.CBS wurde zugelassen, wäre jedoch verhindert worden, wäre die AppLocker-Richtlinie erzwungen worden."
"28.05.2026 21:53:11","8021","Warnung","Microsoft-Windows-AppLocker","SLH-Tresen-Nuc","Die Ausführung von AD2F1837.HPPRINTERCONTROL wurde zugelassen, wäre jedoch verhindert worden, wäre die AppLocker-Richtlinie erzwungen worden."
"28.05.2026 21:53:11","8021","Warnung","Microsoft-Windows-AppLocker","SLH-Tresen-Nuc","Die Ausführung von MICROSOFTWINDOWS.CLIENT.OOBE wurde zugelassen, wäre jedoch verhindert worden, wäre die AppLocker-Richtlinie erzwungen worden."
"28.05.2026 21:53:11","8021","Warnung","Microsoft-Windows-AppLocker","SLH-Tresen-Nuc","Die Ausführung von MICROSOFTWINDOWS.CLIENT.CBS wurde zugelassen, wäre jedoch verhindert worden, wäre die AppLocker-Richtlinie erzwungen worden."
"28.05.2026 21:53:11","8021","Warnung","Microsoft-Windows-AppLocker","SLH-Tresen-Nuc","Die Ausführung von MICROSOFTWINDOWS.CLIENT.CBS wurde zugelassen, wäre jedoch verhindert worden, wäre die AppLocker-Richtlinie erzwungen worden."
"28.05.2026 21:53:10","8021","Warnung","Microsoft-Windows-AppLocker","SLH-Tresen-Nuc","Die Ausführung von MICROSOFT.YOURPHONE wurde zugelassen, wäre jedoch verhindert worden, wäre die AppLocker-Richtlinie erzwungen worden."
"28.05.2026 21:53:09","8021","Warnung","Microsoft-Windows-AppLocker","SLH-Tresen-Nuc","Die Ausführung von MICROSOFT.AAD.BROKERPLUGIN wurde zugelassen, wäre jedoch verhindert worden, wäre die AppLocker-Richtlinie erzwungen worden."
"28.05.2026 21:53:09","8021","Warnung","Microsoft-Windows-AppLocker","SLH-Tresen-Nuc","Die Ausführung von MICROSOFT.AAD.BROKERPLUGIN wurde zugelassen, wäre jedoch verhindert worden, wäre die AppLocker-Richtlinie erzwungen worden."
"28.05.2026 21:53:08","8021","Warnung","Microsoft-Windows-AppLocker","SLH-Tresen-Nuc","Die Ausführung von MICROSOFTWINDOWS.CLIENT.CBS wurde zugelassen, wäre jedoch verhindert worden, wäre die AppLocker-Richtlinie erzwungen worden."
"28.05.2026 21:53:07","8021","Warnung","Microsoft-Windows-AppLocker","SLH-Tresen-Nuc","Die Ausführung von MICROSOFT.OFFICE.ACTIONSSERVER wurde zugelassen, wäre jedoch verhindert worden, wäre die AppLocker-Richtlinie erzwungen worden."
"28.05.2026 21:50:25","8021","Warnung","Microsoft-Windows-AppLocker","SLH-Tresen-Nuc","Die Ausführung von MICROSOFT.AAD.BROKERPLUGIN wurde zugelassen, wäre jedoch verhindert worden, wäre die AppLocker-Richtlinie erzwungen worden."
"28.05.2026 21:50:25","8021","Warnung","Microsoft-Windows-AppLocker","SLH-Tresen-Nuc","Die Ausführung von MICROSOFT.AAD.BROKERPLUGIN wurde zugelassen, wäre jedoch verhindert worden, wäre die AppLocker-Richtlinie erzwungen worden."
"28.05.2026 21:47:49","8021","Warnung","Microsoft-Windows-AppLocker","SLH-Tresen-Nuc","Die Ausführung von MICROSOFT.WINDOWS.CONTENTDELIVERYMANAGER wurde zugelassen, wäre jedoch verhindert worden, wäre die AppLocker-Richtlinie erzwungen worden."
"28.05.2026 21:47:49","8021","Warnung","Microsoft-Windows-AppLocker","SLH-Tresen-Nuc","Die Ausführung von MICROSOFT.WINDOWS.CONTENTDELIVERYMANAGER wurde zugelassen, wäre jedoch verhindert worden, wäre die AppLocker-Richtlinie erzwungen worden."
"28.05.2026 21:47:07","8021","Warnung","Microsoft-Windows-AppLocker","SLH-Tresen-Nuc","Die Ausführung von MICROSOFT.WINDOWS.CONTENTDELIVERYMANAGER wurde zugelassen, wäre jedoch verhindert worden, wäre die AppLocker-Richtlinie erzwungen worden."
"28.05.2026 21:46:46","8021","Warnung","Microsoft-Windows-AppLocker","SLH-Tresen-Nuc","Die Ausführung von MICROSOFT.AAD.BROKERPLUGIN wurde zugelassen, wäre jedoch verhindert worden, wäre die AppLocker-Richtlinie erzwungen worden."
"28.05.2026 21:46:43","8021","Warnung","Microsoft-Windows-AppLocker","SLH-Tresen-Nuc","Die Ausführung von MICROSOFT.AAD.BROKERPLUGIN wurde zugelassen, wäre jedoch verhindert worden, wäre die AppLocker-Richtlinie erzwungen worden."
"28.05.2026 21:46:43","8021","Warnung","Microsoft-Windows-AppLocker","SLH-Tresen-Nuc","Die Ausführung von MICROSOFT.AAD.BROKERPLUGIN wurde zugelassen, wäre jedoch verhindert worden, wäre die AppLocker-Richtlinie erzwungen worden."
"28.05.2026 21:46:43","8021","Warnung","Microsoft-Windows-AppLocker","SLH-Tresen-Nuc","Die Ausführung von MICROSOFT.WINDOWS.CONTENTDELIVERYMANAGER wurde zugelassen, wäre jedoch verhindert worden, wäre die AppLocker-Richtlinie erzwungen worden."
"28.05.2026 21:46:43","8021","Warnung","Microsoft-Windows-AppLocker","SLH-Tresen-Nuc","Die Ausführung von MICROSOFT.WINDOWS.CONTENTDELIVERYMANAGER wurde zugelassen, wäre jedoch verhindert worden, wäre die AppLocker-Richtlinie erzwungen worden."
"28.05.2026 21:46:10","8021","Warnung","Microsoft-Windows-AppLocker","SLH-Tresen-Nuc","Die Ausführung von MICROSOFT.WINDOWS.CONTENTDELIVERYMANAGER wurde zugelassen, wäre jedoch verhindert worden, wäre die AppLocker-Richtlinie erzwungen worden."
"28.05.2026 21:46:04","8021","Warnung","Microsoft-Windows-AppLocker","SLH-Tresen-Nuc","Die Ausführung von SPOTIFYAB.SPOTIFYMUSIC wurde zugelassen, wäre jedoch verhindert worden, wäre die AppLocker-Richtlinie erzwungen worden."
"28.05.2026 21:45:19","8021","Warnung","Microsoft-Windows-AppLocker","SLH-Tresen-Nuc","Die Ausführung von MICROSOFT.AAD.BROKERPLUGIN wurde zugelassen, wäre jedoch verhindert worden, wäre die AppLocker-Richtlinie erzwungen worden."
"28.05.2026 21:45:19","8021","Warnung","Microsoft-Windows-AppLocker","SLH-Tresen-Nuc","Die Ausführung von MICROSOFT.AAD.BROKERPLUGIN wurde zugelassen, wäre jedoch verhindert worden, wäre die AppLocker-Richtlinie erzwungen worden."
"28.05.2026 21:45:18","8021","Warnung","Microsoft-Windows-AppLocker","SLH-Tresen-Nuc","Die Ausführung von MICROSOFT.STARTEXPERIENCESAPP wurde zugelassen, wäre jedoch verhindert worden, wäre die AppLocker-Richtlinie erzwungen worden."
"28.05.2026 21:45:18","8021","Warnung","Microsoft-Windows-AppLocker","SLH-Tresen-Nuc","Die Ausführung von MICROSOFT.WIDGETSPLATFORMRUNTIME wurde zugelassen, wäre jedoch verhindert worden, wäre die AppLocker-Richtlinie erzwungen worden."
"28.05.2026 21:45:15","8021","Warnung","Microsoft-Windows-AppLocker","SLH-Tresen-Nuc","Die Ausführung von MICROSOFTWINDOWS.CLIENT.CBS wurde zugelassen, wäre jedoch verhindert worden, wäre die AppLocker-Richtlinie erzwungen worden."
"28.05.2026 21:45:06","8021","Warnung","Microsoft-Windows-AppLocker","SLH-Tresen-Nuc","Die Ausführung von SPOTIFYAB.SPOTIFYMUSIC wurde zugelassen, wäre jedoch verhindert worden, wäre die AppLocker-Richtlinie erzwungen worden."
"28.05.2026 21:45:06","8021","Warnung","Microsoft-Windows-AppLocker","SLH-Tresen-Nuc","Die Ausführung von SPOTIFYAB.SPOTIFYMUSIC wurde zugelassen, wäre jedoch verhindert worden, wäre die AppLocker-Richtlinie erzwungen worden."
"28.05.2026 21:45:06","8021","Warnung","Microsoft-Windows-AppLocker","SLH-Tresen-Nuc","Die Ausführung von SPOTIFYAB.SPOTIFYMUSIC wurde zugelassen, wäre jedoch verhindert worden, wäre die AppLocker-Richtlinie erzwungen worden."
"28.05.2026 21:44:52","8021","Warnung","Microsoft-Windows-AppLocker","SLH-Tresen-Nuc","Die Ausführung von SPOTIFYAB.SPOTIFYMUSIC wurde zugelassen, wäre jedoch verhindert worden, wäre die AppLocker-Richtlinie erzwungen worden."
"28.05.2026 21:44:51","8021","Warnung","Microsoft-Windows-AppLocker","SLH-Tresen-Nuc","Die Ausführung von SPOTIFYAB.SPOTIFYMUSIC wurde zugelassen, wäre jedoch verhindert worden, wäre die AppLocker-Richtlinie erzwungen worden."
"28.05.2026 21:44:51","8021","Warnung","Microsoft-Windows-AppLocker","SLH-Tresen-Nuc","Die Ausführung von SPOTIFYAB.SPOTIFYMUSIC wurde zugelassen, wäre jedoch verhindert worden, wäre die AppLocker-Richtlinie erzwungen worden."
"28.05.2026 21:44:39","8021","Warnung","Microsoft-Windows-AppLocker","SLH-Tresen-Nuc","Die Ausführung von SPOTIFYAB.SPOTIFYMUSIC wurde zugelassen, wäre jedoch verhindert worden, wäre die AppLocker-Richtlinie erzwungen worden."
"28.05.2026 21:44:39","8021","Warnung","Microsoft-Windows-AppLocker","SLH-Tresen-Nuc","Die Ausführung von SPOTIFYAB.SPOTIFYMUSIC wurde zugelassen, wäre jedoch verhindert worden, wäre die AppLocker-Richtlinie erzwungen worden."
"28.05.2026 21:44:38","8021","Warnung","Microsoft-Windows-AppLocker","SLH-Tresen-Nuc","Die Ausführung von SPOTIFYAB.SPOTIFYMUSIC wurde zugelassen, wäre jedoch verhindert worden, wäre die AppLocker-Richtlinie erzwungen worden."
"28.05.2026 21:44:34","8021","Warnung","Microsoft-Windows-AppLocker","SLH-Tresen-Nuc","Die Ausführung von SPOTIFYAB.SPOTIFYMUSIC wurde zugelassen, wäre jedoch verhindert worden, wäre die AppLocker-Richtlinie erzwungen worden."
"28.05.2026 21:44:34","8021","Warnung","Microsoft-Windows-AppLocker","SLH-Tresen-Nuc","Die Ausführung von SPOTIFYAB.SPOTIFYMUSIC wurde zugelassen, wäre jedoch verhindert worden, wäre die AppLocker-Richtlinie erzwungen worden."
"28.05.2026 21:44:34","8021","Warnung","Microsoft-Windows-AppLocker","SLH-Tresen-Nuc","Die Ausführung von SPOTIFYAB.SPOTIFYMUSIC wurde zugelassen, wäre jedoch verhindert worden, wäre die AppLocker-Richtlinie erzwungen worden."
"28.05.2026 21:44:30","8021","Warnung","Microsoft-Windows-AppLocker","SLH-Tresen-Nuc","Die Ausführung von SPOTIFYAB.SPOTIFYMUSIC wurde zugelassen, wäre jedoch verhindert worden, wäre die AppLocker-Richtlinie erzwungen worden."
"28.05.2026 21:44:30","8021","Warnung","Microsoft-Windows-AppLocker","SLH-Tresen-Nuc","Die Ausführung von SPOTIFYAB.SPOTIFYMUSIC wurde zugelassen, wäre jedoch verhindert worden, wäre die AppLocker-Richtlinie erzwungen worden."
"28.05.2026 21:44:30","8021","Warnung","Microsoft-Windows-AppLocker","SLH-Tresen-Nuc","Die Ausführung von SPOTIFYAB.SPOTIFYMUSIC wurde zugelassen, wäre jedoch verhindert worden, wäre die AppLocker-Richtlinie erzwungen worden."
"28.05.2026 21:44:17","8021","Warnung","Microsoft-Windows-AppLocker","SLH-Tresen-Nuc","Die Ausführung von SPOTIFYAB.SPOTIFYMUSIC wurde zugelassen, wäre jedoch verhindert worden, wäre die AppLocker-Richtlinie erzwungen worden."
"28.05.2026 21:44:10","8021","Warnung","Microsoft-Windows-AppLocker","SLH-Tresen-Nuc","Die Ausführung von SPOTIFYAB.SPOTIFYMUSIC wurde zugelassen, wäre jedoch verhindert worden, wäre die AppLocker-Richtlinie erzwungen worden."
"28.05.2026 21:44:09","8021","Warnung","Microsoft-Windows-AppLocker","SLH-Tresen-Nuc","Die Ausführung von MICROSOFT.OFFICEPUSHNOTIFICATIONUTILITY wurde zugelassen, wäre jedoch verhindert worden, wäre die AppLocker-Richtlinie erzwungen worden."
"28.05.2026 21:44:07","8021","Warnung","Microsoft-Windows-AppLocker","SLH-Tresen-Nuc","Die Ausführung von SPOTIFYAB.SPOTIFYMUSIC wurde zugelassen, wäre jedoch verhindert worden, wäre die AppLocker-Richtlinie erzwungen worden."
"28.05.2026 21:44:07","8021","Warnung","Microsoft-Windows-AppLocker","SLH-Tresen-Nuc","Die Ausführung von SPOTIFYAB.SPOTIFYMUSIC wurde zugelassen, wäre jedoch verhindert worden, wäre die AppLocker-Richtlinie erzwungen worden."
"28.05.2026 21:44:07","8021","Warnung","Microsoft-Windows-AppLocker","SLH-Tresen-Nuc","Die Ausführung von SPOTIFYAB.SPOTIFYMUSIC wurde zugelassen, wäre jedoch verhindert worden, wäre die AppLocker-Richtlinie erzwungen worden."
"28.05.2026 21:44:06","8021","Warnung","Microsoft-Windows-AppLocker","SLH-Tresen-Nuc","Die Ausführung von SPOTIFYAB.SPOTIFYMUSIC wurde zugelassen, wäre jedoch verhindert worden, wäre die AppLocker-Richtlinie erzwungen worden."
"28.05.2026 21:44:05","8021","Warnung","Microsoft-Windows-AppLocker","SLH-Tresen-Nuc","Die Ausführung von SPOTIFYAB.SPOTIFYMUSIC wurde zugelassen, wäre jedoch verhindert worden, wäre die AppLocker-Richtlinie erzwungen worden."
"28.05.2026 21:44:04","8021","Warnung","Microsoft-Windows-AppLocker","SLH-Tresen-Nuc","Die Ausführung von SPOTIFYAB.SPOTIFYMUSIC wurde zugelassen, wäre jedoch verhindert worden, wäre die AppLocker-Richtlinie erzwungen worden."
"28.05.2026 21:44:04","8021","Warnung","Microsoft-Windows-AppLocker","SLH-Tresen-Nuc","Die Ausführung von SPOTIFYAB.SPOTIFYMUSIC wurde zugelassen, wäre jedoch verhindert worden, wäre die AppLocker-Richtlinie erzwungen worden."
"28.05.2026 21:44:04","8021","Warnung","Microsoft-Windows-AppLocker","SLH-Tresen-Nuc","Die Ausführung von SPOTIFYAB.SPOTIFYMUSIC wurde zugelassen, wäre jedoch verhindert worden, wäre die AppLocker-Richtlinie erzwungen worden."
"28.05.2026 21:44:04","8021","Warnung","Microsoft-Windows-AppLocker","SLH-Tresen-Nuc","Die Ausführung von SPOTIFYAB.SPOTIFYMUSIC wurde zugelassen, wäre jedoch verhindert worden, wäre die AppLocker-Richtlinie erzwungen worden."
"28.05.2026 21:44:04","8021","Warnung","Microsoft-Windows-AppLocker","SLH-Tresen-Nuc","Die Ausführung von SPOTIFYAB.SPOTIFYMUSIC wurde zugelassen, wäre jedoch verhindert worden, wäre die AppLocker-Richtlinie erzwungen worden."
"28.05.2026 21:44:04","8021","Warnung","Microsoft-Windows-AppLocker","SLH-Tresen-Nuc","Die Ausführung von SPOTIFYAB.SPOTIFYMUSIC wurde zugelassen, wäre jedoch verhindert worden, wäre die AppLocker-Richtlinie erzwungen worden."
"28.05.2026 21:43:45","8021","Warnung","Microsoft-Windows-AppLocker","SLH-Tresen-Nuc","Die Ausführung von SPOTIFYAB.SPOTIFYMUSIC wurde zugelassen, wäre jedoch verhindert worden, wäre die AppLocker-Richtlinie erzwungen worden."
"28.05.2026 21:43:41","8021","Warnung","Microsoft-Windows-AppLocker","SLH-Tresen-Nuc","Die Ausführung von MICROSOFTWINDOWS.CROSSDEVICE wurde zugelassen, wäre jedoch verhindert worden, wäre die AppLocker-Richtlinie erzwungen worden."
"28.05.2026 21:43:36","8021","Warnung","Microsoft-Windows-AppLocker","SLH-Tresen-Nuc","Die Ausführung von MICROSOFT.AAD.BROKERPLUGIN wurde zugelassen, wäre jedoch verhindert worden, wäre die AppLocker-Richtlinie erzwungen worden."
"28.05.2026 21:43:36","8021","Warnung","Microsoft-Windows-AppLocker","SLH-Tresen-Nuc","Die Ausführung von MICROSOFT.AAD.BROKERPLUGIN wurde zugelassen, wäre jedoch verhindert worden, wäre die AppLocker-Richtlinie erzwungen worden."
"28.05.2026 21:43:35","8021","Warnung","Microsoft-Windows-AppLocker","SLH-Tresen-Nuc","Die Ausführung von MICROSOFT.AAD.BROKERPLUGIN wurde zugelassen, wäre jedoch verhindert worden, wäre die AppLocker-Richtlinie erzwungen worden."
"28.05.2026 21:43:27","8021","Warnung","Microsoft-Windows-AppLocker","SLH-Tresen-Nuc","Die Ausführung von MICROSOFT.YOURPHONE wurde zugelassen, wäre jedoch verhindert worden, wäre die AppLocker-Richtlinie erzwungen worden."
"28.05.2026 21:43:26","8021","Warnung","Microsoft-Windows-AppLocker","SLH-Tresen-Nuc","Die Ausführung von MICROSOFT.WINDOWSSTORE wurde zugelassen, wäre jedoch verhindert worden, wäre die AppLocker-Richtlinie erzwungen worden."
"28.05.2026 21:43:26","8021","Warnung","Microsoft-Windows-AppLocker","SLH-Tresen-Nuc","Die Ausführung von MICROSOFT.WINDOWSSTORE wurde zugelassen, wäre jedoch verhindert worden, wäre die AppLocker-Richtlinie erzwungen worden."
"28.05.2026 21:43:25","8021","Warnung","Microsoft-Windows-AppLocker","SLH-Tresen-Nuc","Die Ausführung von MICROSOFT.WINDOWSSTORE wurde zugelassen, wäre jedoch verhindert worden, wäre die AppLocker-Richtlinie erzwungen worden."
"28.05.2026 21:43:23","8021","Warnung","Microsoft-Windows-AppLocker","SLH-Tresen-Nuc","Die Ausführung von MICROSOFT.AAD.BROKERPLUGIN wurde zugelassen, wäre jedoch verhindert worden, wäre die AppLocker-Richtlinie erzwungen worden."
"28.05.2026 21:43:22","8021","Warnung","Microsoft-Windows-AppLocker","SLH-Tresen-Nuc","Die Ausführung von MICROSOFT.AAD.BROKERPLUGIN wurde zugelassen, wäre jedoch verhindert worden, wäre die AppLocker-Richtlinie erzwungen worden."
"28.05.2026 21:43:21","8021","Warnung","Microsoft-Windows-AppLocker","SLH-Tresen-Nuc","Die Ausführung von MICROSOFT.AAD.BROKERPLUGIN wurde zugelassen, wäre jedoch verhindert worden, wäre die AppLocker-Richtlinie erzwungen worden."
"28.05.2026 21:43:20","8021","Warnung","Microsoft-Windows-AppLocker","SLH-Tresen-Nuc","Die Ausführung von MICROSOFT.WINDOWSSTORE wurde zugelassen, wäre jedoch verhindert worden, wäre die AppLocker-Richtlinie erzwungen worden."
"28.05.2026 21:43:19","8021","Warnung","Microsoft-Windows-AppLocker","SLH-Tresen-Nuc","Die Ausführung von MICROSOFT.AAD.BROKERPLUGIN wurde zugelassen, wäre jedoch verhindert worden, wäre die AppLocker-Richtlinie erzwungen worden."
"28.05.2026 21:43:18","8021","Warnung","Microsoft-Windows-AppLocker","SLH-Tresen-Nuc","Die Ausführung von MICROSOFTWINDOWS.CROSSDEVICE wurde zugelassen, wäre jedoch verhindert worden, wäre die AppLocker-Richtlinie erzwungen worden."
"28.05.2026 21:43:18","8021","Warnung","Microsoft-Windows-AppLocker","SLH-Tresen-Nuc","Die Ausführung von MICROSOFT.WINDOWS.SHELLEXPERIENCEHOST wurde zugelassen, wäre jedoch verhindert worden, wäre die AppLocker-Richtlinie erzwungen worden."
"28.05.2026 21:43:17","8021","Warnung","Microsoft-Windows-AppLocker","SLH-Tresen-Nuc","Die Ausführung von MICROSOFT.WINDOWS.SHELLEXPERIENCEHOST wurde zugelassen, wäre jedoch verhindert worden, wäre die AppLocker-Richtlinie erzwungen worden."
"28.05.2026 21:43:16","8021","Warnung","Microsoft-Windows-AppLocker","SLH-Tresen-Nuc","Die Ausführung von MICROSOFTWINDOWS.CLIENT.CBS wurde zugelassen, wäre jedoch verhindert worden, wäre die AppLocker-Richtlinie erzwungen worden."
"28.05.2026 21:43:16","8021","Warnung","Microsoft-Windows-AppLocker","SLH-Tresen-Nuc","Die Ausführung von MICROSOFTWINDOWS.CLIENT.CBS wurde zugelassen, wäre jedoch verhindert worden, wäre die AppLocker-Richtlinie erzwungen worden."
"28.05.2026 21:43:16","8021","Warnung","Microsoft-Windows-AppLocker","SLH-Tresen-Nuc","Die Ausführung von MICROSOFTWINDOWS.CLIENT.CBS wurde zugelassen, wäre jedoch verhindert worden, wäre die AppLocker-Richtlinie erzwungen worden."
"28.05.2026 21:43:16","8021","Warnung","Microsoft-Windows-AppLocker","SLH-Tresen-Nuc","Die Ausführung von MICROSOFTWINDOWS.CLIENT.CBS wurde zugelassen, wäre jedoch verhindert worden, wäre die AppLocker-Richtlinie erzwungen worden."
"28.05.2026 21:43:15","8021","Warnung","Microsoft-Windows-AppLocker","SLH-Tresen-Nuc","Die Ausführung von MICROSOFT.YOURPHONE wurde zugelassen, wäre jedoch verhindert worden, wäre die AppLocker-Richtlinie erzwungen worden."
"28.05.2026 21:43:15","8021","Warnung","Microsoft-Windows-AppLocker","SLH-Tresen-Nuc","Die Ausführung von MICROSOFTWINDOWS.CLIENT.CBS wurde zugelassen, wäre jedoch verhindert worden, wäre die AppLocker-Richtlinie erzwungen worden."
"28.05.2026 21:43:15","8021","Warnung","Microsoft-Windows-AppLocker","SLH-Tresen-Nuc","Die Ausführung von MICROSOFTWINDOWS.CLIENT.CBS wurde zugelassen, wäre jedoch verhindert worden, wäre die AppLocker-Richtlinie erzwungen worden."
"28.05.2026 21:43:15","8021","Warnung","Microsoft-Windows-AppLocker","SLH-Tresen-Nuc","Die Ausführung von MICROSOFT.AAD.BROKERPLUGIN wurde zugelassen, wäre jedoch verhindert worden, wäre die AppLocker-Richtlinie erzwungen worden."
"28.05.2026 21:43:15","8021","Warnung","Microsoft-Windows-AppLocker","SLH-Tresen-Nuc","Die Ausführung von MICROSOFTWINDOWS.CLIENT.CBS wurde zugelassen, wäre jedoch verhindert worden, wäre die AppLocker-Richtlinie erzwungen worden."
"28.05.2026 21:43:14","8021","Warnung","Microsoft-Windows-AppLocker","SLH-Tresen-Nuc","Die Ausführung von MICROSOFTWINDOWS.CLIENT.WEBEXPERIENCE wurde zugelassen, wäre jedoch verhindert worden, wäre die AppLocker-Richtlinie erzwungen worden."
"28.05.2026 21:43:13","8021","Warnung","Microsoft-Windows-AppLocker","SLH-Tresen-Nuc","Die Ausführung von MICROSOFTWINDOWS.CLIENT.CBS wurde zugelassen, wäre jedoch verhindert worden, wäre die AppLocker-Richtlinie erzwungen worden."
"28.05.2026 21:43:13","8021","Warnung","Microsoft-Windows-AppLocker","SLH-Tresen-Nuc","Die Ausführung von MICROSOFT.WINDOWS.STARTMENUEXPERIENCEHOST wurde zugelassen, wäre jedoch verhindert worden, wäre die AppLocker-Richtlinie erzwungen worden."
"28.05.2026 21:43:13","8021","Warnung","Microsoft-Windows-AppLocker","SLH-Tresen-Nuc","Die Ausführung von MICROSOFTWINDOWS.CLIENT.CBS wurde zugelassen, wäre jedoch verhindert worden, wäre die AppLocker-Richtlinie erzwungen worden."
"28.05.2026 21:43:11","8021","Warnung","Microsoft-Windows-AppLocker","SLH-Tresen-Nuc","Die Ausführung von MICROSOFT.AAD.BROKERPLUGIN wurde zugelassen, wäre jedoch verhindert worden, wäre die AppLocker-Richtlinie erzwungen worden."
"28.05.2026 21:43:11","8021","Warnung","Microsoft-Windows-AppLocker","SLH-Tresen-Nuc","Die Ausführung von MICROSOFT.AAD.BROKERPLUGIN wurde zugelassen, wäre jedoch verhindert worden, wäre die AppLocker-Richtlinie erzwungen worden."
"28.05.2026 21:43:10","8021","Warnung","Microsoft-Windows-AppLocker","SLH-Tresen-Nuc","Die Ausführung von MICROSOFTWINDOWS.CROSSDEVICE wurde zugelassen, wäre jedoch verhindert worden, wäre die AppLocker-Richtlinie erzwungen worden."
"28.05.2026 21:43:09","8021","Warnung","Microsoft-Windows-AppLocker","SLH-Tresen-Nuc","Die Ausführung von MICROSOFTWINDOWS.CLIENT.CBS wurde zugelassen, wäre jedoch verhindert worden, wäre die AppLocker-Richtlinie erzwungen worden."
"28.05.2026 21:40:00","8021","Warnung","Microsoft-Windows-AppLocker","SLH-Tresen-Nuc","Die Ausführung von APPUP.INTELARCSOFTWARE wurde zugelassen, wäre jedoch verhindert worden, wäre die AppLocker-Richtlinie erzwungen worden."
"28.05.2026 21:39:59","8021","Warnung","Microsoft-Windows-AppLocker","SLH-Tresen-Nuc","Die Ausführung von APPUP.INTELARCSOFTWARE wurde zugelassen, wäre jedoch verhindert worden, wäre die AppLocker-Richtlinie erzwungen worden."
"28.05.2026 20:45:10","8021","Warnung","Microsoft-Windows-AppLocker","SLH-Tresen-Nuc","Die Ausführung von MICROSOFT.AAD.BROKERPLUGIN wurde zugelassen, wäre jedoch verhindert worden, wäre die AppLocker-Richtlinie erzwungen worden."
"28.05.2026 20:45:10","8021","Warnung","Microsoft-Windows-AppLocker","SLH-Tresen-Nuc","Die Ausführung von MICROSOFT.AAD.BROKERPLUGIN wurde zugelassen, wäre jedoch verhindert worden, wäre die AppLocker-Richtlinie erzwungen worden."
"28.05.2026 20:41:02","8021","Warnung","Microsoft-Windows-AppLocker","SLH-Tresen-Nuc","Die Ausführung von MICROSOFTWINDOWS.CLIENT.CBS wurde zugelassen, wäre jedoch verhindert worden, wäre die AppLocker-Richtlinie erzwungen worden."
"28.05.2026 20:29:02","8021","Warnung","Microsoft-Windows-AppLocker","SLH-Tresen-Nuc","Die Ausführung von MICROSOFT.WINDOWSSTORE wurde zugelassen, wäre jedoch verhindert worden, wäre die AppLocker-Richtlinie erzwungen worden."
"28.05.2026 20:26:02","8021","Warnung","Microsoft-Windows-AppLocker","SLH-Tresen-Nuc","Die Ausführung von MICROSOFTWINDOWS.CLIENT.CBS wurde zugelassen, wäre jedoch verhindert worden, wäre die AppLocker-Richtlinie erzwungen worden."
"28.05.2026 20:11:02","8021","Warnung","Microsoft-Windows-AppLocker","SLH-Tresen-Nuc","Die Ausführung von MICROSOFTWINDOWS.CLIENT.CBS wurde zugelassen, wäre jedoch verhindert worden, wäre die AppLocker-Richtlinie erzwungen worden."
"28.05.2026 19:56:02","8021","Warnung","Microsoft-Windows-AppLocker","SLH-Tresen-Nuc","Die Ausführung von MICROSOFT.AAD.BROKERPLUGIN wurde zugelassen, wäre jedoch verhindert worden, wäre die AppLocker-Richtlinie erzwungen worden."
"28.05.2026 19:56:02","8021","Warnung","Microsoft-Windows-AppLocker","SLH-Tresen-Nuc","Die Ausführung von MICROSOFT.AAD.BROKERPLUGIN wurde zugelassen, wäre jedoch verhindert worden, wäre die AppLocker-Richtlinie erzwungen worden."
"28.05.2026 19:56:01","8021","Warnung","Microsoft-Windows-AppLocker","SLH-Tresen-Nuc","Die Ausführung von MICROSOFTWINDOWS.CLIENT.CBS wurde zugelassen, wäre jedoch verhindert worden, wäre die AppLocker-Richtlinie erzwungen worden."
"28.05.2026 19:47:19","8021","Warnung","Microsoft-Windows-AppLocker","SLH-Tresen-Nuc","Die Ausführung von MICROSOFT.MICROSOFTEDGE.STABLE wurde zugelassen, wäre jedoch verhindert worden, wäre die AppLocker-Richtlinie erzwungen worden."
"28.05.2026 19:47:18","8021","Warnung","Microsoft-Windows-AppLocker","SLH-Tresen-Nuc","Die Ausführung von MICROSOFT.AAD.BROKERPLUGIN wurde zugelassen, wäre jedoch verhindert worden, wäre die AppLocker-Richtlinie erzwungen worden."
"28.05.2026 19:47:18","8021","Warnung","Microsoft-Windows-AppLocker","SLH-Tresen-Nuc","Die Ausführung von MICROSOFT.AAD.BROKERPLUGIN wurde zugelassen, wäre jedoch verhindert worden, wäre die AppLocker-Richtlinie erzwungen worden."
"28.05.2026 19:45:09","8021","Warnung","Microsoft-Windows-AppLocker","SLH-Tresen-Nuc","Die Ausführung von MICROSOFT.AAD.BROKERPLUGIN wurde zugelassen, wäre jedoch verhindert worden, wäre die AppLocker-Richtlinie erzwungen worden."
"28.05.2026 19:45:09","8021","Warnung","Microsoft-Windows-AppLocker","SLH-Tresen-Nuc","Die Ausführung von MICROSOFT.AAD.BROKERPLUGIN wurde zugelassen, wäre jedoch verhindert worden, wäre die AppLocker-Richtlinie erzwungen worden."
"28.05.2026 19:40:02","8021","Warnung","Microsoft-Windows-AppLocker","SLH-Tresen-Nuc","Die Ausführung von MICROSOFT.AAD.BROKERPLUGIN wurde zugelassen, wäre jedoch verhindert worden, wäre die AppLocker-Richtlinie erzwungen worden."
"28.05.2026 19:40:02","8021","Warnung","Microsoft-Windows-AppLocker","SLH-Tresen-Nuc","Die Ausführung von MICROSOFTWINDOWS.CLIENT.CBS wurde zugelassen, wäre jedoch verhindert worden, wäre die AppLocker-Richtlinie erzwungen worden."
"28.05.2026 19:39:42","8021","Warnung","Microsoft-Windows-AppLocker","SLH-Tresen-Nuc","Die Ausführung von MICROSOFT.AAD.BROKERPLUGIN wurde zugelassen, wäre jedoch verhindert worden, wäre die AppLocker-Richtlinie erzwungen worden."
"28.05.2026 19:39:15","8021","Warnung","Microsoft-Windows-AppLocker","SLH-Tresen-Nuc","Die Ausführung von MICROSOFT.AAD.BROKERPLUGIN wurde zugelassen, wäre jedoch verhindert worden, wäre die AppLocker-Richtlinie erzwungen worden."
"28.05.2026 19:39:14","8021","Warnung","Microsoft-Windows-AppLocker","SLH-Tresen-Nuc","Die Ausführung von MICROSOFT.MICROSOFTEDGE.STABLE wurde zugelassen, wäre jedoch verhindert worden, wäre die AppLocker-Richtlinie erzwungen worden."
"28.05.2026 19:39:13","8021","Warnung","Microsoft-Windows-AppLocker","SLH-Tresen-Nuc","Die Ausführung von MICROSOFT.AAD.BROKERPLUGIN wurde zugelassen, wäre jedoch verhindert worden, wäre die AppLocker-Richtlinie erzwungen worden."
"28.05.2026 19:39:13","8021","Warnung","Microsoft-Windows-AppLocker","SLH-Tresen-Nuc","Die Ausführung von MICROSOFT.AAD.BROKERPLUGIN wurde zugelassen, wäre jedoch verhindert worden, wäre die AppLocker-Richtlinie erzwungen worden."
"28.05.2026 19:29:02","8021","Warnung","Microsoft-Windows-AppLocker","SLH-Tresen-Nuc","Die Ausführung von MICROSOFT.WINDOWSSTORE wurde zugelassen, wäre jedoch verhindert worden, wäre die AppLocker-Richtlinie erzwungen worden."
"28.05.2026 19:29:02","8021","Warnung","Microsoft-Windows-AppLocker","SLH-Tresen-Nuc","Die Ausführung von MICROSOFT.WINDOWSSTORE wurde zugelassen, wäre jedoch verhindert worden, wäre die AppLocker-Richtlinie erzwungen worden."
"28.05.2026 19:25:02","8021","Warnung","Microsoft-Windows-AppLocker","SLH-Tresen-Nuc","Die Ausführung von MICROSOFTWINDOWS.CLIENT.CBS wurde zugelassen, wäre jedoch verhindert worden, wäre die AppLocker-Richtlinie erzwungen worden."
"28.05.2026 19:17:02","8021","Warnung","Microsoft-Windows-AppLocker","SLH-Tresen-Nuc","Die Ausführung von MICROSOFT.AAD.BROKERPLUGIN wurde zugelassen, wäre jedoch verhindert worden, wäre die AppLocker-Richtlinie erzwungen worden."
"28.05.2026 19:17:02","8021","Warnung","Microsoft-Windows-AppLocker","SLH-Tresen-Nuc","Die Ausführung von MICROSOFT.AAD.BROKERPLUGIN wurde zugelassen, wäre jedoch verhindert worden, wäre die AppLocker-Richtlinie erzwungen worden."
"28.05.2026 19:10:02","8021","Warnung","Microsoft-Windows-AppLocker","SLH-Tresen-Nuc","Die Ausführung von MICROSOFTWINDOWS.CLIENT.CBS wurde zugelassen, wäre jedoch verhindert worden, wäre die AppLocker-Richtlinie erzwungen worden."
"28.05.2026 19:07:46","8021","Warnung","Microsoft-Windows-AppLocker","SLH-Tresen-Nuc","Die Ausführung von MICROSOFT.AAD.BROKERPLUGIN wurde zugelassen, wäre jedoch verhindert worden, wäre die AppLocker-Richtlinie erzwungen worden."
"28.05.2026 19:07:34","8021","Warnung","Microsoft-Windows-AppLocker","SLH-Tresen-Nuc","Die Ausführung von MICROSOFT.AAD.BROKERPLUGIN wurde zugelassen, wäre jedoch verhindert worden, wäre die AppLocker-Richtlinie erzwungen worden."
"28.05.2026 19:07:34","8021","Warnung","Microsoft-Windows-AppLocker","SLH-Tresen-Nuc","Die Ausführung von MICROSOFT.AAD.BROKERPLUGIN wurde zugelassen, wäre jedoch verhindert worden, wäre die AppLocker-Richtlinie erzwungen worden."
"28.05.2026 19:06:50","8021","Warnung","Microsoft-Windows-AppLocker","SLH-Tresen-Nuc","Die Ausführung von MICROSOFT.ZUNEMUSIC wurde zugelassen, wäre jedoch verhindert worden, wäre die AppLocker-Richtlinie erzwungen worden."
"28.05.2026 19:06:49","8021","Warnung","Microsoft-Windows-AppLocker","SLH-Tresen-Nuc","Die Ausführung von MICROSOFT.ZUNEMUSIC wurde zugelassen, wäre jedoch verhindert worden, wäre die AppLocker-Richtlinie erzwungen worden."
"28.05.2026 19:06:02","8021","Warnung","Microsoft-Windows-AppLocker","SLH-Tresen-Nuc","Die Ausführung von MICROSOFT.STOREPURCHASEAPP wurde zugelassen, wäre jedoch verhindert worden, wäre die AppLocker-Richtlinie erzwungen worden."
"28.05.2026 19:06:02","8021","Warnung","Microsoft-Windows-AppLocker","SLH-Tresen-Nuc","Die Ausführung von MICROSOFT.STOREPURCHASEAPP wurde zugelassen, wäre jedoch verhindert worden, wäre die AppLocker-Richtlinie erzwungen worden."
"28.05.2026 19:04:13","8021","Warnung","Microsoft-Windows-AppLocker","SLH-Tresen-Nuc","Die Ausführung von MICROSOFT.AAD.BROKERPLUGIN wurde zugelassen, wäre jedoch verhindert worden, wäre die AppLocker-Richtlinie erzwungen worden."
"28.05.2026 18:55:01","8021","Warnung","Microsoft-Windows-AppLocker","SLH-Tresen-Nuc","Die Ausführung von MICROSOFTWINDOWS.CLIENT.CBS wurde zugelassen, wäre jedoch verhindert worden, wäre die AppLocker-Richtlinie erzwungen worden."
"28.05.2026 18:47:11","8021","Warnung","Microsoft-Windows-AppLocker","SLH-Tresen-Nuc","Die Ausführung von MICROSOFT.AAD.BROKERPLUGIN wurde zugelassen, wäre jedoch verhindert worden, wäre die AppLocker-Richtlinie erzwungen worden."
"28.05.2026 18:47:11","8021","Warnung","Microsoft-Windows-AppLocker","SLH-Tresen-Nuc","Die Ausführung von MICROSOFT.AAD.BROKERPLUGIN wurde zugelassen, wäre jedoch verhindert worden, wäre die AppLocker-Richtlinie erzwungen worden."
"28.05.2026 18:40:42","8021","Warnung","Microsoft-Windows-AppLocker","SLH-Tresen-Nuc","Die Ausführung von MICROSOFT.AAD.BROKERPLUGIN wurde zugelassen, wäre jedoch verhindert worden, wäre die AppLocker-Richtlinie erzwungen worden."
"28.05.2026 18:40:42","8021","Warnung","Microsoft-Windows-AppLocker","SLH-Tresen-Nuc","Die Ausführung von MICROSOFT.AAD.BROKERPLUGIN wurde zugelassen, wäre jedoch verhindert worden, wäre die AppLocker-Richtlinie erzwungen worden."
"28.05.2026 18:39:02","8021","Warnung","Microsoft-Windows-AppLocker","SLH-Tresen-Nuc","Die Ausführung von MICROSOFTWINDOWS.CLIENT.CBS wurde zugelassen, wäre jedoch verhindert worden, wäre die AppLocker-Richtlinie erzwungen worden."
"28.05.2026 18:29:02","8021","Warnung","Microsoft-Windows-AppLocker","SLH-Tresen-Nuc","Die Ausführung von MICROSOFT.WINDOWSSTORE wurde zugelassen, wäre jedoch verhindert worden, wäre die AppLocker-Richtlinie erzwungen worden."
"28.05.2026 18:29:02","8021","Warnung","Microsoft-Windows-AppLocker","SLH-Tresen-Nuc","Die Ausführung von MICROSOFT.WINDOWSSTORE wurde zugelassen, wäre jedoch verhindert worden, wäre die AppLocker-Richtlinie erzwungen worden."
"28.05.2026 18:24:02","8021","Warnung","Microsoft-Windows-AppLocker","SLH-Tresen-Nuc","Die Ausführung von MICROSOFTWINDOWS.CLIENT.CBS wurde zugelassen, wäre jedoch verhindert worden, wäre die AppLocker-Richtlinie erzwungen worden."
"28.05.2026 18:17:42","8021","Warnung","Microsoft-Windows-AppLocker","SLH-Tresen-Nuc","Die Ausführung von MICROSOFT.AAD.BROKERPLUGIN wurde zugelassen, wäre jedoch verhindert worden, wäre die AppLocker-Richtlinie erzwungen worden."
"28.05.2026 18:17:41","8021","Warnung","Microsoft-Windows-AppLocker","SLH-Tresen-Nuc","Die Ausführung von MICROSOFT.AAD.BROKERPLUGIN wurde zugelassen, wäre jedoch verhindert worden, wäre die AppLocker-Richtlinie erzwungen worden."
"28.05.2026 18:17:02","8021","Warnung","Microsoft-Windows-AppLocker","SLH-Tresen-Nuc","Die Ausführung von MICROSOFT.AAD.BROKERPLUGIN wurde zugelassen, wäre jedoch verhindert worden, wäre die AppLocker-Richtlinie erzwungen worden."
"28.05.2026 18:17:02","8021","Warnung","Microsoft-Windows-AppLocker","SLH-Tresen-Nuc","Die Ausführung von MICROSOFT.AAD.BROKERPLUGIN wurde zugelassen, wäre jedoch verhindert worden, wäre die AppLocker-Richtlinie erzwungen worden."
"28.05.2026 18:09:02","8021","Warnung","Microsoft-Windows-AppLocker","SLH-Tresen-Nuc","Die Ausführung von MICROSOFTWINDOWS.CLIENT.CBS wurde zugelassen, wäre jedoch verhindert worden, wäre die AppLocker-Richtlinie erzwungen worden."
"28.05.2026 17:54:01","8021","Warnung","Microsoft-Windows-AppLocker","SLH-Tresen-Nuc","Die Ausführung von MICROSOFTWINDOWS.CLIENT.CBS wurde zugelassen, wäre jedoch verhindert worden, wäre die AppLocker-Richtlinie erzwungen worden."
"28.05.2026 17:51:03","8021","Warnung","Microsoft-Windows-AppLocker","SLH-Tresen-Nuc","Die Ausführung von MICROSOFT.AAD.BROKERPLUGIN wurde zugelassen, wäre jedoch verhindert worden, wäre die AppLocker-Richtlinie erzwungen worden."
"28.05.2026 17:50:57","8021","Warnung","Microsoft-Windows-AppLocker","SLH-Tresen-Nuc","Die Ausführung von MICROSOFT.AAD.BROKERPLUGIN wurde zugelassen, wäre jedoch verhindert worden, wäre die AppLocker-Richtlinie erzwungen worden."
"28.05.2026 17:50:55","8021","Warnung","Microsoft-Windows-AppLocker","SLH-Tresen-Nuc","Die Ausführung von MICROSOFT.AAD.BROKERPLUGIN wurde zugelassen, wäre jedoch verhindert worden, wäre die AppLocker-Richtlinie erzwungen worden."
"28.05.2026 17:50:51","8021","Warnung","Microsoft-Windows-AppLocker","SLH-Tresen-Nuc","Die Ausführung von MICROSOFT.AAD.BROKERPLUGIN wurde zugelassen, wäre jedoch verhindert worden, wäre die AppLocker-Richtlinie erzwungen worden."
"28.05.2026 17:50:49","8021","Warnung","Microsoft-Windows-AppLocker","SLH-Tresen-Nuc","Die Ausführung von MICROSOFT.AAD.BROKERPLUGIN wurde zugelassen, wäre jedoch verhindert worden, wäre die AppLocker-Richtlinie erzwungen worden."
"28.05.2026 17:50:49","8021","Warnung","Microsoft-Windows-AppLocker","SLH-Tresen-Nuc","Die Ausführung von MICROSOFT.AAD.BROKERPLUGIN wurde zugelassen, wäre jedoch verhindert worden, wäre die AppLocker-Richtlinie erzwungen worden."
"28.05.2026 17:38:02","8021","Warnung","Microsoft-Windows-AppLocker","SLH-Tresen-Nuc","Die Ausführung von MICROSOFTWINDOWS.CLIENT.CBS wurde zugelassen, wäre jedoch verhindert worden, wäre die AppLocker-Richtlinie erzwungen worden."
"28.05.2026 17:36:58","8021","Warnung","Microsoft-Windows-AppLocker","SLH-Tresen-Nuc","Die Ausführung von MICROSOFT.AAD.BROKERPLUGIN wurde zugelassen, wäre jedoch verhindert worden, wäre die AppLocker-Richtlinie erzwungen worden."
"28.05.2026 17:36:58","8021","Warnung","Microsoft-Windows-AppLocker","SLH-Tresen-Nuc","Die Ausführung von MICROSOFT.AAD.BROKERPLUGIN wurde zugelassen, wäre jedoch verhindert worden, wäre die AppLocker-Richtlinie erzwungen worden."
"28.05.2026 17:29:02","8021","Warnung","Microsoft-Windows-AppLocker","SLH-Tresen-Nuc","Die Ausführung von MICROSOFT.WINDOWSSTORE wurde zugelassen, wäre jedoch verhindert worden, wäre die AppLocker-Richtlinie erzwungen worden."
"28.05.2026 17:29:02","8021","Warnung","Microsoft-Windows-AppLocker","SLH-Tresen-Nuc","Die Ausführung von MICROSOFT.WINDOWSSTORE wurde zugelassen, wäre jedoch verhindert worden, wäre die AppLocker-Richtlinie erzwungen worden."
"28.05.2026 17:23:02","8021","Warnung","Microsoft-Windows-AppLocker","SLH-Tresen-Nuc","Die Ausführung von MICROSOFTWINDOWS.CLIENT.CBS wurde zugelassen, wäre jedoch verhindert worden, wäre die AppLocker-Richtlinie erzwungen worden."
"28.05.2026 17:08:02","8021","Warnung","Microsoft-Windows-AppLocker","SLH-Tresen-Nuc","Die Ausführung von MICROSOFTWINDOWS.CLIENT.CBS wurde zugelassen, wäre jedoch verhindert worden, wäre die AppLocker-Richtlinie erzwungen worden."
"28.05.2026 17:06:52","8021","Warnung","Microsoft-Windows-AppLocker","SLH-Tresen-Nuc","Die Ausführung von MICROSOFT.DESKTOPAPPINSTALLER wurde zugelassen, wäre jedoch verhindert worden, wäre die AppLocker-Richtlinie erzwungen worden."
"28.05.2026 17:06:52","8021","Warnung","Microsoft-Windows-AppLocker","SLH-Tresen-Nuc","Die Ausführung von MICROSOFT.STOREPURCHASEAPP wurde zugelassen, wäre jedoch verhindert worden, wäre die AppLocker-Richtlinie erzwungen worden."
"28.05.2026 17:06:51","8021","Warnung","Microsoft-Windows-AppLocker","SLH-Tresen-Nuc","Die Ausführung von MICROSOFT.STOREPURCHASEAPP wurde zugelassen, wäre jedoch verhindert worden, wäre die AppLocker-Richtlinie erzwungen worden."
"28.05.2026 17:06:45","8021","Warnung","Microsoft-Windows-AppLocker","SLH-Tresen-Nuc","Die Ausführung von MICROSOFT.WINDOWS.CONTENTDELIVERYMANAGER wurde zugelassen, wäre jedoch verhindert worden, wäre die AppLocker-Richtlinie erzwungen worden."
"28.05.2026 17:06:45","8021","Warnung","Microsoft-Windows-AppLocker","SLH-Tresen-Nuc","Die Ausführung von MICROSOFT.WINDOWS.CONTENTDELIVERYMANAGER wurde zugelassen, wäre jedoch verhindert worden, wäre die AppLocker-Richtlinie erzwungen worden."
"28.05.2026 17:06:02","8021","Warnung","Microsoft-Windows-AppLocker","SLH-Tresen-Nuc","Die Ausführung von MICROSOFT.AAD.BROKERPLUGIN wurde zugelassen, wäre jedoch verhindert worden, wäre die AppLocker-Richtlinie erzwungen worden."
"28.05.2026 17:06:02","8021","Warnung","Microsoft-Windows-AppLocker","SLH-Tresen-Nuc","Die Ausführung von MICROSOFT.AAD.BROKERPLUGIN wurde zugelassen, wäre jedoch verhindert worden, wäre die AppLocker-Richtlinie erzwungen worden."
"28.05.2026 17:06:02","8021","Warnung","Microsoft-Windows-AppLocker","SLH-Tresen-Nuc","Die Ausführung von MICROSOFT.WINDOWS.CONTENTDELIVERYMANAGER wurde zugelassen, wäre jedoch verhindert worden, wäre die AppLocker-Richtlinie erzwungen worden."
"28.05.2026 17:06:01","8021","Warnung","Microsoft-Windows-AppLocker","SLH-Tresen-Nuc","Die Ausführung von MICROSOFT.WINDOWS.CONTENTDELIVERYMANAGER wurde zugelassen, wäre jedoch verhindert worden, wäre die AppLocker-Richtlinie erzwungen worden."
"28.05.2026 16:55:20","8021","Warnung","Microsoft-Windows-AppLocker","SLH-Tresen-Nuc","Die Ausführung von MICROSOFT.AAD.BROKERPLUGIN wurde zugelassen, wäre jedoch verhindert worden, wäre die AppLocker-Richtlinie erzwungen worden."
"28.05.2026 16:55:20","8021","Warnung","Microsoft-Windows-AppLocker","SLH-Tresen-Nuc","Die Ausführung von MICROSOFT.AAD.BROKERPLUGIN wurde zugelassen, wäre jedoch verhindert worden, wäre die AppLocker-Richtlinie erzwungen worden."
"28.05.2026 16:53:01","8021","Warnung","Microsoft-Windows-AppLocker","SLH-Tresen-Nuc","Die Ausführung von MICROSOFTWINDOWS.CLIENT.CBS wurde zugelassen, wäre jedoch verhindert worden, wäre die AppLocker-Richtlinie erzwungen worden."
"28.05.2026 16:38:01","8021","Warnung","Microsoft-Windows-AppLocker","SLH-Tresen-Nuc","Die Ausführung von MICROSOFTWINDOWS.CLIENT.CBS wurde zugelassen, wäre jedoch verhindert worden, wäre die AppLocker-Richtlinie erzwungen worden."
"28.05.2026 16:32:30","8021","Warnung","Microsoft-Windows-AppLocker","SLH-Tresen-Nuc","Die Ausführung von MICROSOFT.AAD.BROKERPLUGIN wurde zugelassen, wäre jedoch verhindert worden, wäre die AppLocker-Richtlinie erzwungen worden."
"28.05.2026 16:32:30","8021","Warnung","Microsoft-Windows-AppLocker","SLH-Tresen-Nuc","Die Ausführung von MICROSOFT.AAD.BROKERPLUGIN wurde zugelassen, wäre jedoch verhindert worden, wäre die AppLocker-Richtlinie erzwungen worden."
"28.05.2026 16:29:01","8021","Warnung","Microsoft-Windows-AppLocker","SLH-Tresen-Nuc","Die Ausführung von MICROSOFT.WINDOWSSTORE wurde zugelassen, wäre jedoch verhindert worden, wäre die AppLocker-Richtlinie erzwungen worden."
"28.05.2026 16:23:01","8021","Warnung","Microsoft-Windows-AppLocker","SLH-Tresen-Nuc","Die Ausführung von MICROSOFTWINDOWS.CLIENT.CBS wurde zugelassen, wäre jedoch verhindert worden, wäre die AppLocker-Richtlinie erzwungen worden."
"28.05.2026 16:08:01","8021","Warnung","Microsoft-Windows-AppLocker","SLH-Tresen-Nuc","Die Ausführung von MICROSOFTWINDOWS.CLIENT.CBS wurde zugelassen, wäre jedoch verhindert worden, wäre die AppLocker-Richtlinie erzwungen worden."
"28.05.2026 15:52:02","8021","Warnung","Microsoft-Windows-AppLocker","SLH-Tresen-Nuc","Die Ausführung von MICROSOFTWINDOWS.CLIENT.CBS wurde zugelassen, wäre jedoch verhindert worden, wäre die AppLocker-Richtlinie erzwungen worden."
"28.05.2026 15:37:02","8021","Warnung","Microsoft-Windows-AppLocker","SLH-Tresen-Nuc","Die Ausführung von MICROSOFT.WINDOWS.CONTENTDELIVERYMANAGER wurde zugelassen, wäre jedoch verhindert worden, wäre die AppLocker-Richtlinie erzwungen worden."
"28.05.2026 15:37:01","8021","Warnung","Microsoft-Windows-AppLocker","SLH-Tresen-Nuc","Die Ausführung von MICROSOFTWINDOWS.CLIENT.CBS wurde zugelassen, wäre jedoch verhindert worden, wäre die AppLocker-Richtlinie erzwungen worden."
"28.05.2026 15:37:01","8021","Warnung","Microsoft-Windows-AppLocker","SLH-Tresen-Nuc","Die Ausführung von MICROSOFT.WINDOWS.CONTENTDELIVERYMANAGER wurde zugelassen, wäre jedoch verhindert worden, wäre die AppLocker-Richtlinie erzwungen worden."
"28.05.2026 15:32:59","8021","Warnung","Microsoft-Windows-AppLocker","SLH-Tresen-Nuc","Die Ausführung von MICROSOFT.AAD.BROKERPLUGIN wurde zugelassen, wäre jedoch verhindert worden, wäre die AppLocker-Richtlinie erzwungen worden."
"28.05.2026 15:32:59","8021","Warnung","Microsoft-Windows-AppLocker","SLH-Tresen-Nuc","Die Ausführung von MICROSOFT.AAD.BROKERPLUGIN wurde zugelassen, wäre jedoch verhindert worden, wäre die AppLocker-Richtlinie erzwungen worden."
"28.05.2026 15:29:01","8021","Warnung","Microsoft-Windows-AppLocker","SLH-Tresen-Nuc","Die Ausführung von MICROSOFT.WINDOWSSTORE wurde zugelassen, wäre jedoch verhindert worden, wäre die AppLocker-Richtlinie erzwungen worden."
"28.05.2026 15:22:01","8021","Warnung","Microsoft-Windows-AppLocker","SLH-Tresen-Nuc","Die Ausführung von MICROSOFTWINDOWS.CLIENT.CBS wurde zugelassen, wäre jedoch verhindert worden, wäre die AppLocker-Richtlinie erzwungen worden."
"28.05.2026 15:13:24","8021","Warnung","Microsoft-Windows-AppLocker","SLH-Tresen-Nuc","Die Ausführung von MICROSOFT.AAD.BROKERPLUGIN wurde zugelassen, wäre jedoch verhindert worden, wäre die AppLocker-Richtlinie erzwungen worden."
"28.05.2026 15:13:23","8021","Warnung","Microsoft-Windows-AppLocker","SLH-Tresen-Nuc","Die Ausführung von MICROSOFT.AAD.BROKERPLUGIN wurde zugelassen, wäre jedoch verhindert worden, wäre die AppLocker-Richtlinie erzwungen worden."
"28.05.2026 15:07:01","8021","Warnung","Microsoft-Windows-AppLocker","SLH-Tresen-Nuc","Die Ausführung von MICROSOFTWINDOWS.CLIENT.CBS wurde zugelassen, wäre jedoch verhindert worden, wäre die AppLocker-Richtlinie erzwungen worden."
"28.05.2026 15:06:35","8021","Warnung","Microsoft-Windows-AppLocker","SLH-Tresen-Nuc","Die Ausführung von MICROSOFT.MICROSOFTEDGE.STABLE wurde zugelassen, wäre jedoch verhindert worden, wäre die AppLocker-Richtlinie erzwungen worden."
"28.05.2026 15:06:33","8021","Warnung","Microsoft-Windows-AppLocker","SLH-Tresen-Nuc","Die Ausführung von MICROSOFT.AAD.BROKERPLUGIN wurde zugelassen, wäre jedoch verhindert worden, wäre die AppLocker-Richtlinie erzwungen worden."
"28.05.2026 15:06:33","8021","Warnung","Microsoft-Windows-AppLocker","SLH-Tresen-Nuc","Die Ausführung von MICROSOFT.AAD.BROKERPLUGIN wurde zugelassen, wäre jedoch verhindert worden, wäre die AppLocker-Richtlinie erzwungen worden."
"28.05.2026 15:06:01","8021","Warnung","Microsoft-Windows-AppLocker","SLH-Tresen-Nuc","Die Ausführung von MICROSOFT.STOREPURCHASEAPP wurde zugelassen, wäre jedoch verhindert worden, wäre die AppLocker-Richtlinie erzwungen worden."
"28.05.2026 15:06:01","8021","Warnung","Microsoft-Windows-AppLocker","SLH-Tresen-Nuc","Die Ausführung von MICROSOFT.STOREPURCHASEAPP wurde zugelassen, wäre jedoch verhindert worden, wäre die AppLocker-Richtlinie erzwungen worden."
"28.05.2026 14:51:01","8021","Warnung","Microsoft-Windows-AppLocker","SLH-Tresen-Nuc","Die Ausführung von MICROSOFTWINDOWS.CLIENT.CBS wurde zugelassen, wäre jedoch verhindert worden, wäre die AppLocker-Richtlinie erzwungen worden."
"28.05.2026 14:40:31","8021","Warnung","Microsoft-Windows-AppLocker","SLH-Tresen-Nuc","Die Ausführung von MICROSOFT.YOURPHONE wurde zugelassen, wäre jedoch verhindert worden, wäre die AppLocker-Richtlinie erzwungen worden."
"28.05.2026 14:35:32","8021","Warnung","Microsoft-Windows-AppLocker","SLH-Tresen-Nuc","Die Ausführung von MICROSOFT.AAD.BROKERPLUGIN wurde zugelassen, wäre jedoch verhindert worden, wäre die AppLocker-Richtlinie erzwungen worden."
"28.05.2026 14:35:32","8021","Warnung","Microsoft-Windows-AppLocker","SLH-Tresen-Nuc","Die Ausführung von MICROSOFT.AAD.BROKERPLUGIN wurde zugelassen, wäre jedoch verhindert worden, wäre die AppLocker-Richtlinie erzwungen worden."
"28.05.2026 14:35:31","8021","Warnung","Microsoft-Windows-AppLocker","SLH-Tresen-Nuc","Die Ausführung von MICROSOFT.WINDOWS.CONTENTDELIVERYMANAGER wurde zugelassen, wäre jedoch verhindert worden, wäre die AppLocker-Richtlinie erzwungen worden."
"28.05.2026 14:35:31","8021","Warnung","Microsoft-Windows-AppLocker","SLH-Tresen-Nuc","Die Ausführung von MICROSOFTWINDOWS.CLIENT.OOBE wurde zugelassen, wäre jedoch verhindert worden, wäre die AppLocker-Richtlinie erzwungen worden."
"28.05.2026 14:35:31","8021","Warnung","Microsoft-Windows-AppLocker","SLH-Tresen-Nuc","Die Ausführung von MICROSOFTWINDOWS.CLIENT.CBS wurde zugelassen, wäre jedoch verhindert worden, wäre die AppLocker-Richtlinie erzwungen worden."
"28.05.2026 14:35:31","8021","Warnung","Microsoft-Windows-AppLocker","SLH-Tresen-Nuc","Die Ausführung von MICROSOFT.WINDOWS.CONTENTDELIVERYMANAGER wurde zugelassen, wäre jedoch verhindert worden, wäre die AppLocker-Richtlinie erzwungen worden."
"28.05.2026 14:35:31","8021","Warnung","Microsoft-Windows-AppLocker","SLH-Tresen-Nuc","Die Ausführung von MICROSOFTWINDOWS.CLIENT.CBS wurde zugelassen, wäre jedoch verhindert worden, wäre die AppLocker-Richtlinie erzwungen worden."
"28.05.2026 14:35:31","8021","Warnung","Microsoft-Windows-AppLocker","SLH-Tresen-Nuc","Die Ausführung von MICROSOFTWINDOWS.CLIENT.OOBE wurde zugelassen, wäre jedoch verhindert worden, wäre die AppLocker-Richtlinie erzwungen worden."
"28.05.2026 14:35:30","8021","Warnung","Microsoft-Windows-AppLocker","SLH-Tresen-Nuc","Die Ausführung von MICROSOFTWINDOWS.CLIENT.CBS wurde zugelassen, wäre jedoch verhindert worden, wäre die AppLocker-Richtlinie erzwungen worden."
"28.05.2026 14:31:01","8021","Warnung","Microsoft-Windows-AppLocker","SLH-Tresen-Nuc","Die Ausführung von MICROSOFT.YOURPHONE wurde zugelassen, wäre jedoch verhindert worden, wäre die AppLocker-Richtlinie erzwungen worden."
"28.05.2026 14:29:01","8021","Warnung","Microsoft-Windows-AppLocker","SLH-Tresen-Nuc","Die Ausführung von MICROSOFT.WINDOWSSTORE wurde zugelassen, wäre jedoch verhindert worden, wäre die AppLocker-Richtlinie erzwungen worden."
"28.05.2026 14:27:01","8021","Warnung","Microsoft-Windows-AppLocker","SLH-Tresen-Nuc","Die Ausführung von MICROSOFT.YOURPHONE wurde zugelassen, wäre jedoch verhindert worden, wäre die AppLocker-Richtlinie erzwungen worden."
"28.05.2026 14:25:01","8021","Warnung","Microsoft-Windows-AppLocker","SLH-Tresen-Nuc","Die Ausführung von MICROSOFT.OFFICE.ACTIONSSERVER wurde zugelassen, wäre jedoch verhindert worden, wäre die AppLocker-Richtlinie erzwungen worden."
"28.05.2026 14:21:10","8021","Warnung","Microsoft-Windows-AppLocker","SLH-Tresen-Nuc","Die Ausführung von WINDOWS.IMMERSIVECONTROLPANEL wurde zugelassen, wäre jedoch verhindert worden, wäre die AppLocker-Richtlinie erzwungen worden."
"28.05.2026 14:20:28","8021","Warnung","Microsoft-Windows-AppLocker","SLH-Tresen-Nuc","Die Ausführung von MICROSOFT.AAD.BROKERPLUGIN wurde zugelassen, wäre jedoch verhindert worden, wäre die AppLocker-Richtlinie erzwungen worden."
"28.05.2026 14:20:27","8021","Warnung","Microsoft-Windows-AppLocker","SLH-Tresen-Nuc","Die Ausführung von MICROSOFT.AAD.BROKERPLUGIN wurde zugelassen, wäre jedoch verhindert worden, wäre die AppLocker-Richtlinie erzwungen worden."
"28.05.2026 14:20:27","8021","Warnung","Microsoft-Windows-AppLocker","SLH-Tresen-Nuc","Die Ausführung von MICROSOFT.AAD.BROKERPLUGIN wurde zugelassen, wäre jedoch verhindert worden, wäre die AppLocker-Richtlinie erzwungen worden."
"28.05.2026 14:20:01","8021","Warnung","Microsoft-Windows-AppLocker","SLH-Tresen-Nuc","Die Ausführung von MICROSOFTWINDOWS.CLIENT.CBS wurde zugelassen, wäre jedoch verhindert worden, wäre die AppLocker-Richtlinie erzwungen worden."
"28.05.2026 14:20:01","8021","Warnung","Microsoft-Windows-AppLocker","SLH-Tresen-Nuc","Die Ausführung von MICROSOFT.OFFICE.ACTIONSSERVER wurde zugelassen, wäre jedoch verhindert worden, wäre die AppLocker-Richtlinie erzwungen worden."
"28.05.2026 14:17:15","8021","Warnung","Microsoft-Windows-AppLocker","SLH-Tresen-Nuc","Die Ausführung von MICROSOFT.AAD.BROKERPLUGIN wurde zugelassen, wäre jedoch verhindert worden, wäre die AppLocker-Richtlinie erzwungen worden."
"28.05.2026 14:17:15","8021","Warnung","Microsoft-Windows-AppLocker","SLH-Tresen-Nuc","Die Ausführung von MICROSOFT.AAD.BROKERPLUGIN wurde zugelassen, wäre jedoch verhindert worden, wäre die AppLocker-Richtlinie erzwungen worden."
"28.05.2026 14:15:35","8021","Warnung","Microsoft-Windows-AppLocker","SLH-Tresen-Nuc","Die Ausführung von MICROSOFT.ONEDRIVESYNC wurde zugelassen, wäre jedoch verhindert worden, wäre die AppLocker-Richtlinie erzwungen worden."
"28.05.2026 14:15:10","8021","Warnung","Microsoft-Windows-AppLocker","SLH-Tresen-Nuc","Die Ausführung von MICROSOFT.STOREPURCHASEAPP wurde zugelassen, wäre jedoch verhindert worden, wäre die AppLocker-Richtlinie erzwungen worden."
"28.05.2026 14:15:10","8021","Warnung","Microsoft-Windows-AppLocker","SLH-Tresen-Nuc","Die Ausführung von MICROSOFT.WINDOWSSTORE wurde zugelassen, wäre jedoch verhindert worden, wäre die AppLocker-Richtlinie erzwungen worden."
"28.05.2026 14:15:10","8021","Warnung","Microsoft-Windows-AppLocker","SLH-Tresen-Nuc","Die Ausführung von MICROSOFTWINDOWS.CLIENT.CBS wurde zugelassen, wäre jedoch verhindert worden, wäre die AppLocker-Richtlinie erzwungen worden."
"28.05.2026 14:15:10","8021","Warnung","Microsoft-Windows-AppLocker","SLH-Tresen-Nuc","Die Ausführung von MICROSOFTWINDOWS.CLIENT.CBS wurde zugelassen, wäre jedoch verhindert worden, wäre die AppLocker-Richtlinie erzwungen worden."
"28.05.2026 14:15:10","8021","Warnung","Microsoft-Windows-AppLocker","SLH-Tresen-Nuc","Die Ausführung von MICROSOFT.STOREPURCHASEAPP wurde zugelassen, wäre jedoch verhindert worden, wäre die AppLocker-Richtlinie erzwungen worden."
"28.05.2026 14:15:09","8021","Warnung","Microsoft-Windows-AppLocker","SLH-Tresen-Nuc","Die Ausführung von MICROSOFT.WINDOWSSTORE wurde zugelassen, wäre jedoch verhindert worden, wäre die AppLocker-Richtlinie erzwungen worden."
"28.05.2026 14:15:09","8021","Warnung","Microsoft-Windows-AppLocker","SLH-Tresen-Nuc","Die Ausführung von MICROSOFT.WINDOWSSTORE wurde zugelassen, wäre jedoch verhindert worden, wäre die AppLocker-Richtlinie erzwungen worden."
"28.05.2026 14:15:09","8021","Warnung","Microsoft-Windows-AppLocker","SLH-Tresen-Nuc","Die Ausführung von MICROSOFT.YOURPHONE wurde zugelassen, wäre jedoch verhindert worden, wäre die AppLocker-Richtlinie erzwungen worden."
"28.05.2026 14:14:44","8021","Warnung","Microsoft-Windows-AppLocker","SLH-Tresen-Nuc","Die Ausführung von MICROSOFT.OFFICE.ACTIONSSERVER wurde zugelassen, wäre jedoch verhindert worden, wäre die AppLocker-Richtlinie erzwungen worden."
"28.05.2026 14:14:44","8021","Warnung","Microsoft-Windows-AppLocker","SLH-Tresen-Nuc","Die Ausführung von MICROSOFTWINDOWS.CLIENT.CBS wurde zugelassen, wäre jedoch verhindert worden, wäre die AppLocker-Richtlinie erzwungen worden."
"28.05.2026 14:14:44","8021","Warnung","Microsoft-Windows-AppLocker","SLH-Tresen-Nuc","Die Ausführung von MICROSOFT.OFFICEPUSHNOTIFICATIONUTILITY wurde zugelassen, wäre jedoch verhindert worden, wäre die AppLocker-Richtlinie erzwungen worden."
"28.05.2026 14:13:12","8021","Warnung","Microsoft-Windows-AppLocker","SLH-Tresen-Nuc","Die Ausführung von SPOTIFYAB.SPOTIFYMUSIC wurde zugelassen, wäre jedoch verhindert worden, wäre die AppLocker-Richtlinie erzwungen worden."
"28.05.2026 14:12:42","8021","Warnung","Microsoft-Windows-AppLocker","SLH-Tresen-Nuc","Die Ausführung von SPOTIFYAB.SPOTIFYMUSIC wurde zugelassen, wäre jedoch verhindert worden, wäre die AppLocker-Richtlinie erzwungen worden."
"28.05.2026 14:12:41","8021","Warnung","Microsoft-Windows-AppLocker","SLH-Tresen-Nuc","Die Ausführung von SPOTIFYAB.SPOTIFYMUSIC wurde zugelassen, wäre jedoch verhindert worden, wäre die AppLocker-Richtlinie erzwungen worden."
"28.05.2026 14:12:41","8021","Warnung","Microsoft-Windows-AppLocker","SLH-Tresen-Nuc","Die Ausführung von SPOTIFYAB.SPOTIFYMUSIC wurde zugelassen, wäre jedoch verhindert worden, wäre die AppLocker-Richtlinie erzwungen worden."
"28.05.2026 14:12:29","8021","Warnung","Microsoft-Windows-AppLocker","SLH-Tresen-Nuc","Die Ausführung von SPOTIFYAB.SPOTIFYMUSIC wurde zugelassen, wäre jedoch verhindert worden, wäre die AppLocker-Richtlinie erzwungen worden."
"28.05.2026 14:12:29","8021","Warnung","Microsoft-Windows-AppLocker","SLH-Tresen-Nuc","Die Ausführung von SPOTIFYAB.SPOTIFYMUSIC wurde zugelassen, wäre jedoch verhindert worden, wäre die AppLocker-Richtlinie erzwungen worden."
"28.05.2026 14:12:29","8021","Warnung","Microsoft-Windows-AppLocker","SLH-Tresen-Nuc","Die Ausführung von SPOTIFYAB.SPOTIFYMUSIC wurde zugelassen, wäre jedoch verhindert worden, wäre die AppLocker-Richtlinie erzwungen worden."
"28.05.2026 14:12:07","8021","Warnung","Microsoft-Windows-AppLocker","SLH-Tresen-Nuc","Die Ausführung von MICROSOFTWINDOWS.CLIENT.CBS wurde zugelassen, wäre jedoch verhindert worden, wäre die AppLocker-Richtlinie erzwungen worden."
"28.05.2026 14:11:28","8021","Warnung","Microsoft-Windows-AppLocker","SLH-Tresen-Nuc","Die Ausführung von SPOTIFYAB.SPOTIFYMUSIC wurde zugelassen, wäre jedoch verhindert worden, wäre die AppLocker-Richtlinie erzwungen worden."
"28.05.2026 14:11:26","8021","Warnung","Microsoft-Windows-AppLocker","SLH-Tresen-Nuc","Die Ausführung von SPOTIFYAB.SPOTIFYMUSIC wurde zugelassen, wäre jedoch verhindert worden, wäre die AppLocker-Richtlinie erzwungen worden."
"28.05.2026 14:11:21","8021","Warnung","Microsoft-Windows-AppLocker","SLH-Tresen-Nuc","Die Ausführung von SPOTIFYAB.SPOTIFYMUSIC wurde zugelassen, wäre jedoch verhindert worden, wäre die AppLocker-Richtlinie erzwungen worden."
"28.05.2026 14:11:12","8021","Warnung","Microsoft-Windows-AppLocker","SLH-Tresen-Nuc","Die Ausführung von SPOTIFYAB.SPOTIFYMUSIC wurde zugelassen, wäre jedoch verhindert worden, wäre die AppLocker-Richtlinie erzwungen worden."
"28.05.2026 14:11:12","8021","Warnung","Microsoft-Windows-AppLocker","SLH-Tresen-Nuc","Die Ausführung von SPOTIFYAB.SPOTIFYMUSIC wurde zugelassen, wäre jedoch verhindert worden, wäre die AppLocker-Richtlinie erzwungen worden."
"28.05.2026 14:11:12","8021","Warnung","Microsoft-Windows-AppLocker","SLH-Tresen-Nuc","Die Ausführung von SPOTIFYAB.SPOTIFYMUSIC wurde zugelassen, wäre jedoch verhindert worden, wäre die AppLocker-Richtlinie erzwungen worden."
"28.05.2026 14:11:11","8021","Warnung","Microsoft-Windows-AppLocker","SLH-Tresen-Nuc","Die Ausführung von SPOTIFYAB.SPOTIFYMUSIC wurde zugelassen, wäre jedoch verhindert worden, wäre die AppLocker-Richtlinie erzwungen worden."
"28.05.2026 14:11:11","8021","Warnung","Microsoft-Windows-AppLocker","SLH-Tresen-Nuc","Die Ausführung von SPOTIFYAB.SPOTIFYMUSIC wurde zugelassen, wäre jedoch verhindert worden, wäre die AppLocker-Richtlinie erzwungen worden."
"28.05.2026 14:11:11","8021","Warnung","Microsoft-Windows-AppLocker","SLH-Tresen-Nuc","Die Ausführung von SPOTIFYAB.SPOTIFYMUSIC wurde zugelassen, wäre jedoch verhindert worden, wäre die AppLocker-Richtlinie erzwungen worden."
"28.05.2026 14:11:11","8021","Warnung","Microsoft-Windows-AppLocker","SLH-Tresen-Nuc","Die Ausführung von SPOTIFYAB.SPOTIFYMUSIC wurde zugelassen, wäre jedoch verhindert worden, wäre die AppLocker-Richtlinie erzwungen worden."
"28.05.2026 14:11:08","8021","Warnung","Microsoft-Windows-AppLocker","SLH-Tresen-Nuc","Die Ausführung von MICROSOFTWINDOWS.CROSSDEVICE wurde zugelassen, wäre jedoch verhindert worden, wäre die AppLocker-Richtlinie erzwungen worden."
"28.05.2026 14:10:38","8021","Warnung","Microsoft-Windows-AppLocker","SLH-Tresen-Nuc","Die Ausführung von MICROSOFT.AAD.BROKERPLUGIN wurde zugelassen, wäre jedoch verhindert worden, wäre die AppLocker-Richtlinie erzwungen worden."
"28.05.2026 14:10:37","8021","Warnung","Microsoft-Windows-AppLocker","SLH-Tresen-Nuc","Die Ausführung von MICROSOFT.AAD.BROKERPLUGIN wurde zugelassen, wäre jedoch verhindert worden, wäre die AppLocker-Richtlinie erzwungen worden."
"28.05.2026 14:10:36","8021","Warnung","Microsoft-Windows-AppLocker","SLH-Tresen-Nuc","Die Ausführung von MICROSOFT.AAD.BROKERPLUGIN wurde zugelassen, wäre jedoch verhindert worden, wäre die AppLocker-Richtlinie erzwungen worden."
"28.05.2026 14:10:35","8021","Warnung","Microsoft-Windows-AppLocker","SLH-Tresen-Nuc","Die Ausführung von MICROSOFT.AAD.BROKERPLUGIN wurde zugelassen, wäre jedoch verhindert worden, wäre die AppLocker-Richtlinie erzwungen worden."
"28.05.2026 14:10:33","8021","Warnung","Microsoft-Windows-AppLocker","SLH-Tresen-Nuc","Die Ausführung von MICROSOFT.AAD.BROKERPLUGIN wurde zugelassen, wäre jedoch verhindert worden, wäre die AppLocker-Richtlinie erzwungen worden."
"28.05.2026 14:10:31","8021","Warnung","Microsoft-Windows-AppLocker","SLH-Tresen-Nuc","Die Ausführung von MICROSOFT.AAD.BROKERPLUGIN wurde zugelassen, wäre jedoch verhindert worden, wäre die AppLocker-Richtlinie erzwungen worden."
"28.05.2026 14:10:26","8021","Warnung","Microsoft-Windows-AppLocker","SLH-Tresen-Nuc","Die Ausführung von MICROSOFT.AAD.BROKERPLUGIN wurde zugelassen, wäre jedoch verhindert worden, wäre die AppLocker-Richtlinie erzwungen worden."
"28.05.2026 14:10:25","8021","Warnung","Microsoft-Windows-AppLocker","SLH-Tresen-Nuc","Die Ausführung von MICROSOFT.AAD.BROKERPLUGIN wurde zugelassen, wäre jedoch verhindert worden, wäre die AppLocker-Richtlinie erzwungen worden."
"28.05.2026 14:10:24","8021","Warnung","Microsoft-Windows-AppLocker","SLH-Tresen-Nuc","Die Ausführung von MICROSOFT.AAD.BROKERPLUGIN wurde zugelassen, wäre jedoch verhindert worden, wäre die AppLocker-Richtlinie erzwungen worden."
"28.05.2026 14:10:20","8021","Warnung","Microsoft-Windows-AppLocker","SLH-Tresen-Nuc","Die Ausführung von MICROSOFT.AAD.BROKERPLUGIN wurde zugelassen, wäre jedoch verhindert worden, wäre die AppLocker-Richtlinie erzwungen worden."
"28.05.2026 14:10:20","8021","Warnung","Microsoft-Windows-AppLocker","SLH-Tresen-Nuc","Die Ausführung von MICROSOFT.YOURPHONE wurde zugelassen, wäre jedoch verhindert worden, wäre die AppLocker-Richtlinie erzwungen worden."
"28.05.2026 14:10:19","8021","Warnung","Microsoft-Windows-AppLocker","SLH-Tresen-Nuc","Die Ausführung von SPOTIFYAB.SPOTIFYMUSIC wurde zugelassen, wäre jedoch verhindert worden, wäre die AppLocker-Richtlinie erzwungen worden."
"28.05.2026 14:10:19","8021","Warnung","Microsoft-Windows-AppLocker","SLH-Tresen-Nuc","Die Ausführung von SPOTIFYAB.SPOTIFYMUSIC wurde zugelassen, wäre jedoch verhindert worden, wäre die AppLocker-Richtlinie erzwungen worden."
"28.05.2026 14:10:19","8021","Warnung","Microsoft-Windows-AppLocker","SLH-Tresen-Nuc","Die Ausführung von SPOTIFYAB.SPOTIFYMUSIC wurde zugelassen, wäre jedoch verhindert worden, wäre die AppLocker-Richtlinie erzwungen worden."
"28.05.2026 14:10:19","8021","Warnung","Microsoft-Windows-AppLocker","SLH-Tresen-Nuc","Die Ausführung von SPOTIFYAB.SPOTIFYMUSIC wurde zugelassen, wäre jedoch verhindert worden, wäre die AppLocker-Richtlinie erzwungen worden."
"28.05.2026 14:10:19","8021","Warnung","Microsoft-Windows-AppLocker","SLH-Tresen-Nuc","Die Ausführung von SPOTIFYAB.SPOTIFYMUSIC wurde zugelassen, wäre jedoch verhindert worden, wäre die AppLocker-Richtlinie erzwungen worden."
"28.05.2026 14:10:19","8021","Warnung","Microsoft-Windows-AppLocker","SLH-Tresen-Nuc","Die Ausführung von SPOTIFYAB.SPOTIFYMUSIC wurde zugelassen, wäre jedoch verhindert worden, wäre die AppLocker-Richtlinie erzwungen worden."
"28.05.2026 14:10:19","8021","Warnung","Microsoft-Windows-AppLocker","SLH-Tresen-Nuc","Die Ausführung von SPOTIFYAB.SPOTIFYMUSIC wurde zugelassen, wäre jedoch verhindert worden, wäre die AppLocker-Richtlinie erzwungen worden."
"28.05.2026 14:10:19","8021","Warnung","Microsoft-Windows-AppLocker","SLH-Tresen-Nuc","Die Ausführung von SPOTIFYAB.SPOTIFYMUSIC wurde zugelassen, wäre jedoch verhindert worden, wäre die AppLocker-Richtlinie erzwungen worden."
"28.05.2026 14:10:19","8021","Warnung","Microsoft-Windows-AppLocker","SLH-Tresen-Nuc","Die Ausführung von SPOTIFYAB.SPOTIFYMUSIC wurde zugelassen, wäre jedoch verhindert worden, wäre die AppLocker-Richtlinie erzwungen worden."
"28.05.2026 14:10:19","8021","Warnung","Microsoft-Windows-AppLocker","SLH-Tresen-Nuc","Die Ausführung von SPOTIFYAB.SPOTIFYMUSIC wurde zugelassen, wäre jedoch verhindert worden, wäre die AppLocker-Richtlinie erzwungen worden."
"28.05.2026 14:10:19","8021","Warnung","Microsoft-Windows-AppLocker","SLH-Tresen-Nuc","Die Ausführung von SPOTIFYAB.SPOTIFYMUSIC wurde zugelassen, wäre jedoch verhindert worden, wäre die AppLocker-Richtlinie erzwungen worden."
"28.05.2026 14:10:19","8021","Warnung","Microsoft-Windows-AppLocker","SLH-Tresen-Nuc","Die Ausführung von SPOTIFYAB.SPOTIFYMUSIC wurde zugelassen, wäre jedoch verhindert worden, wäre die AppLocker-Richtlinie erzwungen worden."
"28.05.2026 14:10:19","8021","Warnung","Microsoft-Windows-AppLocker","SLH-Tresen-Nuc","Die Ausführung von MICROSOFT.AAD.BROKERPLUGIN wurde zugelassen, wäre jedoch verhindert worden, wäre die AppLocker-Richtlinie erzwungen worden."
"28.05.2026 14:10:18","8021","Warnung","Microsoft-Windows-AppLocker","SLH-Tresen-Nuc","Die Ausführung von SPOTIFYAB.SPOTIFYMUSIC wurde zugelassen, wäre jedoch verhindert worden, wäre die AppLocker-Richtlinie erzwungen worden."
"28.05.2026 14:10:18","8021","Warnung","Microsoft-Windows-AppLocker","SLH-Tresen-Nuc","Die Ausführung von SPOTIFYAB.SPOTIFYMUSIC wurde zugelassen, wäre jedoch verhindert worden, wäre die AppLocker-Richtlinie erzwungen worden."
"28.05.2026 14:10:18","8021","Warnung","Microsoft-Windows-AppLocker","SLH-Tresen-Nuc","Die Ausführung von SPOTIFYAB.SPOTIFYMUSIC wurde zugelassen, wäre jedoch verhindert worden, wäre die AppLocker-Richtlinie erzwungen worden."
"28.05.2026 14:10:18","8021","Warnung","Microsoft-Windows-AppLocker","SLH-Tresen-Nuc","Die Ausführung von SPOTIFYAB.SPOTIFYMUSIC wurde zugelassen, wäre jedoch verhindert worden, wäre die AppLocker-Richtlinie erzwungen worden."
"28.05.2026 14:10:18","8021","Warnung","Microsoft-Windows-AppLocker","SLH-Tresen-Nuc","Die Ausführung von SPOTIFYAB.SPOTIFYMUSIC wurde zugelassen, wäre jedoch verhindert worden, wäre die AppLocker-Richtlinie erzwungen worden."
"28.05.2026 14:10:18","8021","Warnung","Microsoft-Windows-AppLocker","SLH-Tresen-Nuc","Die Ausführung von SPOTIFYAB.SPOTIFYMUSIC wurde zugelassen, wäre jedoch verhindert worden, wäre die AppLocker-Richtlinie erzwungen worden."
"28.05.2026 14:10:18","8021","Warnung","Microsoft-Windows-AppLocker","SLH-Tresen-Nuc","Die Ausführung von SPOTIFYAB.SPOTIFYMUSIC wurde zugelassen, wäre jedoch verhindert worden, wäre die AppLocker-Richtlinie erzwungen worden."
"28.05.2026 14:10:18","8021","Warnung","Microsoft-Windows-AppLocker","SLH-Tresen-Nuc","Die Ausführung von SPOTIFYAB.SPOTIFYMUSIC wurde zugelassen, wäre jedoch verhindert worden, wäre die AppLocker-Richtlinie erzwungen worden."
"28.05.2026 14:10:18","8021","Warnung","Microsoft-Windows-AppLocker","SLH-Tresen-Nuc","Die Ausführung von SPOTIFYAB.SPOTIFYMUSIC wurde zugelassen, wäre jedoch verhindert worden, wäre die AppLocker-Richtlinie erzwungen worden."
"28.05.2026 14:10:18","8021","Warnung","Microsoft-Windows-AppLocker","SLH-Tresen-Nuc","Die Ausführung von SPOTIFYAB.SPOTIFYMUSIC wurde zugelassen, wäre jedoch verhindert worden, wäre die AppLocker-Richtlinie erzwungen worden."
"28.05.2026 14:10:18","8021","Warnung","Microsoft-Windows-AppLocker","SLH-Tresen-Nuc","Die Ausführung von SPOTIFYAB.SPOTIFYMUSIC wurde zugelassen, wäre jedoch verhindert worden, wäre die AppLocker-Richtlinie erzwungen worden."
"28.05.2026 14:10:18","8021","Warnung","Microsoft-Windows-AppLocker","SLH-Tresen-Nuc","Die Ausführung von SPOTIFYAB.SPOTIFYMUSIC wurde zugelassen, wäre jedoch verhindert worden, wäre die AppLocker-Richtlinie erzwungen worden."
"28.05.2026 14:10:18","8021","Warnung","Microsoft-Windows-AppLocker","SLH-Tresen-Nuc","Die Ausführung von SPOTIFYAB.SPOTIFYMUSIC wurde zugelassen, wäre jedoch verhindert worden, wäre die AppLocker-Richtlinie erzwungen worden."
"28.05.2026 14:10:18","8021","Warnung","Microsoft-Windows-AppLocker","SLH-Tresen-Nuc","Die Ausführung von SPOTIFYAB.SPOTIFYMUSIC wurde zugelassen, wäre jedoch verhindert worden, wäre die AppLocker-Richtlinie erzwungen worden."
"28.05.2026 14:10:18","8021","Warnung","Microsoft-Windows-AppLocker","SLH-Tresen-Nuc","Die Ausführung von SPOTIFYAB.SPOTIFYMUSIC wurde zugelassen, wäre jedoch verhindert worden, wäre die AppLocker-Richtlinie erzwungen worden."
"28.05.2026 14:10:18","8021","Warnung","Microsoft-Windows-AppLocker","SLH-Tresen-Nuc","Die Ausführung von SPOTIFYAB.SPOTIFYMUSIC wurde zugelassen, wäre jedoch verhindert worden, wäre die AppLocker-Richtlinie erzwungen worden."
"28.05.2026 14:10:18","8021","Warnung","Microsoft-Windows-AppLocker","SLH-Tresen-Nuc","Die Ausführung von SPOTIFYAB.SPOTIFYMUSIC wurde zugelassen, wäre jedoch verhindert worden, wäre die AppLocker-Richtlinie erzwungen worden."
"28.05.2026 14:10:18","8021","Warnung","Microsoft-Windows-AppLocker","SLH-Tresen-Nuc","Die Ausführung von SPOTIFYAB.SPOTIFYMUSIC wurde zugelassen, wäre jedoch verhindert worden, wäre die AppLocker-Richtlinie erzwungen worden."
"28.05.2026 14:10:18","8021","Warnung","Microsoft-Windows-AppLocker","SLH-Tresen-Nuc","Die Ausführung von SPOTIFYAB.SPOTIFYMUSIC wurde zugelassen, wäre jedoch verhindert worden, wäre die AppLocker-Richtlinie erzwungen worden."
"28.05.2026 14:10:17","8021","Warnung","Microsoft-Windows-AppLocker","SLH-Tresen-Nuc","Die Ausführung von SPOTIFYAB.SPOTIFYMUSIC wurde zugelassen, wäre jedoch verhindert worden, wäre die AppLocker-Richtlinie erzwungen worden."
"28.05.2026 14:10:17","8021","Warnung","Microsoft-Windows-AppLocker","SLH-Tresen-Nuc","Die Ausführung von SPOTIFYAB.SPOTIFYMUSIC wurde zugelassen, wäre jedoch verhindert worden, wäre die AppLocker-Richtlinie erzwungen worden."
"28.05.2026 14:10:17","8021","Warnung","Microsoft-Windows-AppLocker","SLH-Tresen-Nuc","Die Ausführung von SPOTIFYAB.SPOTIFYMUSIC wurde zugelassen, wäre jedoch verhindert worden, wäre die AppLocker-Richtlinie erzwungen worden."
"28.05.2026 14:10:17","8021","Warnung","Microsoft-Windows-AppLocker","SLH-Tresen-Nuc","Die Ausführung von SPOTIFYAB.SPOTIFYMUSIC wurde zugelassen, wäre jedoch verhindert worden, wäre die AppLocker-Richtlinie erzwungen worden."
"28.05.2026 14:10:17","8021","Warnung","Microsoft-Windows-AppLocker","SLH-Tresen-Nuc","Die Ausführung von SPOTIFYAB.SPOTIFYMUSIC wurde zugelassen, wäre jedoch verhindert worden, wäre die AppLocker-Richtlinie erzwungen worden."
"28.05.2026 14:10:17","8021","Warnung","Microsoft-Windows-AppLocker","SLH-Tresen-Nuc","Die Ausführung von SPOTIFYAB.SPOTIFYMUSIC wurde zugelassen, wäre jedoch verhindert worden, wäre die AppLocker-Richtlinie erzwungen worden."
"28.05.2026 14:10:17","8021","Warnung","Microsoft-Windows-AppLocker","SLH-Tresen-Nuc","Die Ausführung von SPOTIFYAB.SPOTIFYMUSIC wurde zugelassen, wäre jedoch verhindert worden, wäre die AppLocker-Richtlinie erzwungen worden."
"28.05.2026 14:10:17","8021","Warnung","Microsoft-Windows-AppLocker","SLH-Tresen-Nuc","Die Ausführung von SPOTIFYAB.SPOTIFYMUSIC wurde zugelassen, wäre jedoch verhindert worden, wäre die AppLocker-Richtlinie erzwungen worden."
"28.05.2026 14:10:17","8021","Warnung","Microsoft-Windows-AppLocker","SLH-Tresen-Nuc","Die Ausführung von SPOTIFYAB.SPOTIFYMUSIC wurde zugelassen, wäre jedoch verhindert worden, wäre die AppLocker-Richtlinie erzwungen worden."
"28.05.2026 14:10:17","8021","Warnung","Microsoft-Windows-AppLocker","SLH-Tresen-Nuc","Die Ausführung von SPOTIFYAB.SPOTIFYMUSIC wurde zugelassen, wäre jedoch verhindert worden, wäre die AppLocker-Richtlinie erzwungen worden."
"28.05.2026 14:10:17","8021","Warnung","Microsoft-Windows-AppLocker","SLH-Tresen-Nuc","Die Ausführung von MICROSOFT.AAD.BROKERPLUGIN wurde zugelassen, wäre jedoch verhindert worden, wäre die AppLocker-Richtlinie erzwungen worden."
"28.05.2026 14:10:16","8021","Warnung","Microsoft-Windows-AppLocker","SLH-Tresen-Nuc","Die Ausführung von MICROSOFT.YOURPHONE wurde zugelassen, wäre jedoch verhindert worden, wäre die AppLocker-Richtlinie erzwungen worden."
"28.05.2026 14:10:16","8021","Warnung","Microsoft-Windows-AppLocker","SLH-Tresen-Nuc","Die Ausführung von MICROSOFT.AAD.BROKERPLUGIN wurde zugelassen, wäre jedoch verhindert worden, wäre die AppLocker-Richtlinie erzwungen worden."
"28.05.2026 14:10:14","8021","Warnung","Microsoft-Windows-AppLocker","SLH-Tresen-Nuc","Die Ausführung von MICROSOFTWINDOWS.CLIENT.CBS wurde zugelassen, wäre jedoch verhindert worden, wäre die AppLocker-Richtlinie erzwungen worden."
"28.05.2026 14:10:14","8021","Warnung","Microsoft-Windows-AppLocker","SLH-Tresen-Nuc","Die Ausführung von MICROSOFT.AAD.BROKERPLUGIN wurde zugelassen, wäre jedoch verhindert worden, wäre die AppLocker-Richtlinie erzwungen worden."
"28.05.2026 14:10:13","8021","Warnung","Microsoft-Windows-AppLocker","SLH-Tresen-Nuc","Die Ausführung von MICROSOFTWINDOWS.CROSSDEVICE wurde zugelassen, wäre jedoch verhindert worden, wäre die AppLocker-Richtlinie erzwungen worden."
"28.05.2026 14:10:13","8021","Warnung","Microsoft-Windows-AppLocker","SLH-Tresen-Nuc","Die Ausführung von MICROSOFT.AAD.BROKERPLUGIN wurde zugelassen, wäre jedoch verhindert worden, wäre die AppLocker-Richtlinie erzwungen worden."
"28.05.2026 14:10:11","8021","Warnung","Microsoft-Windows-AppLocker","SLH-Tresen-Nuc","Die Ausführung von MICROSOFT.STARTEXPERIENCESAPP wurde zugelassen, wäre jedoch verhindert worden, wäre die AppLocker-Richtlinie erzwungen worden."
"28.05.2026 14:10:09","8021","Warnung","Microsoft-Windows-AppLocker","SLH-Tresen-Nuc","Die Ausführung von MICROSOFT.AAD.BROKERPLUGIN wurde zugelassen, wäre jedoch verhindert worden, wäre die AppLocker-Richtlinie erzwungen worden."
"28.05.2026 14:10:09","8021","Warnung","Microsoft-Windows-AppLocker","SLH-Tresen-Nuc","Die Ausführung von MICROSOFT.AAD.BROKERPLUGIN wurde zugelassen, wäre jedoch verhindert worden, wäre die AppLocker-Richtlinie erzwungen worden."
"28.05.2026 14:10:08","8021","Warnung","Microsoft-Windows-AppLocker","SLH-Tresen-Nuc","Die Ausführung von SPOTIFYAB.SPOTIFYMUSIC wurde zugelassen, wäre jedoch verhindert worden, wäre die AppLocker-Richtlinie erzwungen worden."
"28.05.2026 14:10:08","8021","Warnung","Microsoft-Windows-AppLocker","SLH-Tresen-Nuc","Die Ausführung von MICROSOFT.WINDOWSSTORE wurde zugelassen, wäre jedoch verhindert worden, wäre die AppLocker-Richtlinie erzwungen worden."
"28.05.2026 14:10:08","8021","Warnung","Microsoft-Windows-AppLocker","SLH-Tresen-Nuc","Die Ausführung von MICROSOFT.YOURPHONE wurde zugelassen, wäre jedoch verhindert worden, wäre die AppLocker-Richtlinie erzwungen worden."
"28.05.2026 14:10:07","8021","Warnung","Microsoft-Windows-AppLocker","SLH-Tresen-Nuc","Die Ausführung von MICROSOFTWINDOWS.CLIENT.CBS wurde zugelassen, wäre jedoch verhindert worden, wäre die AppLocker-Richtlinie erzwungen worden."
"28.05.2026 14:10:07","8021","Warnung","Microsoft-Windows-AppLocker","SLH-Tresen-Nuc","Die Ausführung von MICROSOFT.WIDGETSPLATFORMRUNTIME wurde zugelassen, wäre jedoch verhindert worden, wäre die AppLocker-Richtlinie erzwungen worden."
"28.05.2026 14:10:07","8021","Warnung","Microsoft-Windows-AppLocker","SLH-Tresen-Nuc","Die Ausführung von MICROSOFTWINDOWS.CLIENT.CBS wurde zugelassen, wäre jedoch verhindert worden, wäre die AppLocker-Richtlinie erzwungen worden."
"28.05.2026 14:10:07","8021","Warnung","Microsoft-Windows-AppLocker","SLH-Tresen-Nuc","Die Ausführung von MICROSOFTWINDOWS.CLIENT.CBS wurde zugelassen, wäre jedoch verhindert worden, wäre die AppLocker-Richtlinie erzwungen worden."
"28.05.2026 14:10:07","8021","Warnung","Microsoft-Windows-AppLocker","SLH-Tresen-Nuc","Die Ausführung von MICROSOFTWINDOWS.CLIENT.CBS wurde zugelassen, wäre jedoch verhindert worden, wäre die AppLocker-Richtlinie erzwungen worden."
"28.05.2026 14:10:07","8021","Warnung","Microsoft-Windows-AppLocker","SLH-Tresen-Nuc","Die Ausführung von MICROSOFTWINDOWS.CLIENT.CBS wurde zugelassen, wäre jedoch verhindert worden, wäre die AppLocker-Richtlinie erzwungen worden."
"28.05.2026 14:10:06","8021","Warnung","Microsoft-Windows-AppLocker","SLH-Tresen-Nuc","Die Ausführung von MICROSOFTWINDOWS.CLIENT.CBS wurde zugelassen, wäre jedoch verhindert worden, wäre die AppLocker-Richtlinie erzwungen worden."
"28.05.2026 14:10:06","8021","Warnung","Microsoft-Windows-AppLocker","SLH-Tresen-Nuc","Die Ausführung von MICROSOFTWINDOWS.CLIENT.CBS wurde zugelassen, wäre jedoch verhindert worden, wäre die AppLocker-Richtlinie erzwungen worden."
"28.05.2026 14:10:06","8021","Warnung","Microsoft-Windows-AppLocker","SLH-Tresen-Nuc","Die Ausführung von MICROSOFTWINDOWS.CLIENT.WEBEXPERIENCE wurde zugelassen, wäre jedoch verhindert worden, wäre die AppLocker-Richtlinie erzwungen worden."
"28.05.2026 14:10:05","8021","Warnung","Microsoft-Windows-AppLocker","SLH-Tresen-Nuc","Die Ausführung von MICROSOFT.WINDOWS.STARTMENUEXPERIENCEHOST wurde zugelassen, wäre jedoch verhindert worden, wäre die AppLocker-Richtlinie erzwungen worden."
"28.05.2026 14:10:05","8021","Warnung","Microsoft-Windows-AppLocker","SLH-Tresen-Nuc","Die Ausführung von MICROSOFTWINDOWS.CLIENT.CBS wurde zugelassen, wäre jedoch verhindert worden, wäre die AppLocker-Richtlinie erzwungen worden."
"28.05.2026 14:10:05","8021","Warnung","Microsoft-Windows-AppLocker","SLH-Tresen-Nuc","Die Ausführung von MICROSOFTWINDOWS.CROSSDEVICE wurde zugelassen, wäre jedoch verhindert worden, wäre die AppLocker-Richtlinie erzwungen worden."
"28.05.2026 14:10:05","8021","Warnung","Microsoft-Windows-AppLocker","SLH-Tresen-Nuc","Die Ausführung von MICROSOFTWINDOWS.CLIENT.CBS wurde zugelassen, wäre jedoch verhindert worden, wäre die AppLocker-Richtlinie erzwungen worden."
"28.05.2026 14:10:03","8021","Warnung","Microsoft-Windows-AppLocker","SLH-Tresen-Nuc","Die Ausführung von MICROSOFTWINDOWS.CLIENT.CBS wurde zugelassen, wäre jedoch verhindert worden, wäre die AppLocker-Richtlinie erzwungen worden."
"28.05.2026 14:10:02","8021","Warnung","Microsoft-Windows-AppLocker","SLH-Tresen-Nuc","Die Ausführung von MICROSOFT.OFFICEPUSHNOTIFICATIONUTILITY wurde zugelassen, wäre jedoch verhindert worden, wäre die AppLocker-Richtlinie erzwungen worden."
"28.05.2026 14:05:09","8021","Warnung","Microsoft-Windows-AppLocker","SLH-Tresen-Nuc","Die Ausführung von APPUP.INTELARCSOFTWARE wurde zugelassen, wäre jedoch verhindert worden, wäre die AppLocker-Richtlinie erzwungen worden."
"28.05.2026 14:05:08","8021","Warnung","Microsoft-Windows-AppLocker","SLH-Tresen-Nuc","Die Ausführung von APPUP.INTELARCSOFTWARE wurde zugelassen, wäre jedoch verhindert worden, wäre die AppLocker-Richtlinie erzwungen worden."
"27.05.2026 22:45:42","8021","Warnung","Microsoft-Windows-AppLocker","SLH-Tresen-Nuc","Die Ausführung von MICROSOFT.AAD.BROKERPLUGIN wurde zugelassen, wäre jedoch verhindert worden, wäre die AppLocker-Richtlinie erzwungen worden."
"27.05.2026 22:45:40","8021","Warnung","Microsoft-Windows-AppLocker","SLH-Tresen-Nuc","Die Ausführung von MICROSOFT.AAD.BROKERPLUGIN wurde zugelassen, wäre jedoch verhindert worden, wäre die AppLocker-Richtlinie erzwungen worden."
"27.05.2026 22:45:39","8021","Warnung","Microsoft-Windows-AppLocker","SLH-Tresen-Nuc","Die Ausführung von MICROSOFT.AAD.BROKERPLUGIN wurde zugelassen, wäre jedoch verhindert worden, wäre die AppLocker-Richtlinie erzwungen worden."
"27.05.2026 22:45:28","8021","Warnung","Microsoft-Windows-AppLocker","SLH-Tresen-Nuc","Die Ausführung von MICROSOFT.MICROSOFTEDGE.STABLE wurde zugelassen, wäre jedoch verhindert worden, wäre die AppLocker-Richtlinie erzwungen worden."
"27.05.2026 22:45:27","8021","Warnung","Microsoft-Windows-AppLocker","SLH-Tresen-Nuc","Die Ausführung von MICROSOFT.AAD.BROKERPLUGIN wurde zugelassen, wäre jedoch verhindert worden, wäre die AppLocker-Richtlinie erzwungen worden."
"27.05.2026 22:45:27","8021","Warnung","Microsoft-Windows-AppLocker","SLH-Tresen-Nuc","Die Ausführung von MICROSOFT.AAD.BROKERPLUGIN wurde zugelassen, wäre jedoch verhindert worden, wäre die AppLocker-Richtlinie erzwungen worden."
"27.05.2026 22:44:37","8021","Warnung","Microsoft-Windows-AppLocker","SLH-Tresen-Nuc","Die Ausführung von MICROSOFT.AAD.BROKERPLUGIN wurde zugelassen, wäre jedoch verhindert worden, wäre die AppLocker-Richtlinie erzwungen worden."
"27.05.2026 22:44:37","8021","Warnung","Microsoft-Windows-AppLocker","SLH-Tresen-Nuc","Die Ausführung von MICROSOFT.AAD.BROKERPLUGIN wurde zugelassen, wäre jedoch verhindert worden, wäre die AppLocker-Richtlinie erzwungen worden."
"27.05.2026 22:35:43","8021","Warnung","Microsoft-Windows-AppLocker","SLH-Tresen-Nuc","Die Ausführung von MICROSOFT.AAD.BROKERPLUGIN wurde zugelassen, wäre jedoch verhindert worden, wäre die AppLocker-Richtlinie erzwungen worden."
"27.05.2026 22:35:42","8021","Warnung","Microsoft-Windows-AppLocker","SLH-Tresen-Nuc","Die Ausführung von MICROSOFT.AAD.BROKERPLUGIN wurde zugelassen, wäre jedoch verhindert worden, wäre die AppLocker-Richtlinie erzwungen worden."
"27.05.2026 22:31:18","8021","Warnung","Microsoft-Windows-AppLocker","SLH-Tresen-Nuc","Die Ausführung von MICROSOFTWINDOWS.CLIENT.CBS wurde zugelassen, wäre jedoch verhindert worden, wäre die AppLocker-Richtlinie erzwungen worden."
"27.05.2026 22:28:18","8021","Warnung","Microsoft-Windows-AppLocker","SLH-Tresen-Nuc","Die Ausführung von MICROSOFT.WINDOWSSTORE wurde zugelassen, wäre jedoch verhindert worden, wäre die AppLocker-Richtlinie erzwungen worden."
"27.05.2026 22:16:18","8021","Warnung","Microsoft-Windows-AppLocker","SLH-Tresen-Nuc","Die Ausführung von MICROSOFTWINDOWS.CLIENT.CBS wurde zugelassen, wäre jedoch verhindert worden, wäre die AppLocker-Richtlinie erzwungen worden."
"27.05.2026 22:01:18","8021","Warnung","Microsoft-Windows-AppLocker","SLH-Tresen-Nuc","Die Ausführung von MICROSOFTWINDOWS.CLIENT.CBS wurde zugelassen, wäre jedoch verhindert worden, wäre die AppLocker-Richtlinie erzwungen worden."
"27.05.2026 21:30:18","8021","Warnung","Microsoft-Windows-AppLocker","SLH-Tresen-Nuc","Die Ausführung von MICROSOFTWINDOWS.CLIENT.CBS wurde zugelassen, wäre jedoch verhindert worden, wäre die AppLocker-Richtlinie erzwungen worden."
"27.05.2026 21:29:19","8021","Warnung","Microsoft-Windows-AppLocker","SLH-Tresen-Nuc","Die Ausführung von MICROSOFT.AAD.BROKERPLUGIN wurde zugelassen, wäre jedoch verhindert worden, wäre die AppLocker-Richtlinie erzwungen worden."
"27.05.2026 21:29:19","8021","Warnung","Microsoft-Windows-AppLocker","SLH-Tresen-Nuc","Die Ausführung von MICROSOFT.AAD.BROKERPLUGIN wurde zugelassen, wäre jedoch verhindert worden, wäre die AppLocker-Richtlinie erzwungen worden."
"27.05.2026 21:29:18","8021","Warnung","Microsoft-Windows-AppLocker","SLH-Tresen-Nuc","Die Ausführung von MICROSOFTWINDOWS.CLIENT.CBS wurde zugelassen, wäre jedoch verhindert worden, wäre die AppLocker-Richtlinie erzwungen worden."
"27.05.2026 21:29:18","8021","Warnung","Microsoft-Windows-AppLocker","SLH-Tresen-Nuc","Die Ausführung von MICROSOFTWINDOWS.CLIENT.CBS wurde zugelassen, wäre jedoch verhindert worden, wäre die AppLocker-Richtlinie erzwungen worden."
"27.05.2026 21:28:18","8021","Warnung","Microsoft-Windows-AppLocker","SLH-Tresen-Nuc","Die Ausführung von MICROSOFTWINDOWS.CLIENT.CBS wurde zugelassen, wäre jedoch verhindert worden, wäre die AppLocker-Richtlinie erzwungen worden."
"27.05.2026 21:28:18","8021","Warnung","Microsoft-Windows-AppLocker","SLH-Tresen-Nuc","Die Ausführung von MICROSOFT.WINDOWSSTORE wurde zugelassen, wäre jedoch verhindert worden, wäre die AppLocker-Richtlinie erzwungen worden."
"27.05.2026 21:28:18","8021","Warnung","Microsoft-Windows-AppLocker","SLH-Tresen-Nuc","Die Ausführung von MICROSOFT.WINDOWSSTORE wurde zugelassen, wäre jedoch verhindert worden, wäre die AppLocker-Richtlinie erzwungen worden."
"27.05.2026 21:15:18","8021","Warnung","Microsoft-Windows-AppLocker","SLH-Tresen-Nuc","Die Ausführung von MICROSOFTWINDOWS.CLIENT.CBS wurde zugelassen, wäre jedoch verhindert worden, wäre die AppLocker-Richtlinie erzwungen worden."
"27.05.2026 21:07:36","8021","Warnung","Microsoft-Windows-AppLocker","SLH-Tresen-Nuc","Die Ausführung von MICROSOFT.AAD.BROKERPLUGIN wurde zugelassen, wäre jedoch verhindert worden, wäre die AppLocker-Richtlinie erzwungen worden."
"27.05.2026 21:07:36","8021","Warnung","Microsoft-Windows-AppLocker","SLH-Tresen-Nuc","Die Ausführung von MICROSOFT.AAD.BROKERPLUGIN wurde zugelassen, wäre jedoch verhindert worden, wäre die AppLocker-Richtlinie erzwungen worden."
"27.05.2026 21:05:38","8021","Warnung","Microsoft-Windows-AppLocker","SLH-Tresen-Nuc","Die Ausführung von MICROSOFT.STOREPURCHASEAPP wurde zugelassen, wäre jedoch verhindert worden, wäre die AppLocker-Richtlinie erzwungen worden."
"27.05.2026 21:05:38","8021","Warnung","Microsoft-Windows-AppLocker","SLH-Tresen-Nuc","Die Ausführung von MICROSOFT.STOREPURCHASEAPP wurde zugelassen, wäre jedoch verhindert worden, wäre die AppLocker-Richtlinie erzwungen worden."
"27.05.2026 21:00:18","8021","Warnung","Microsoft-Windows-AppLocker","SLH-Tresen-Nuc","Die Ausführung von MICROSOFTWINDOWS.CLIENT.CBS wurde zugelassen, wäre jedoch verhindert worden, wäre die AppLocker-Richtlinie erzwungen worden."
"27.05.2026 20:52:04","8021","Warnung","Microsoft-Windows-AppLocker","SLH-Tresen-Nuc","Die Ausführung von MICROSOFT.AAD.BROKERPLUGIN wurde zugelassen, wäre jedoch verhindert worden, wäre die AppLocker-Richtlinie erzwungen worden."
"27.05.2026 20:52:04","8021","Warnung","Microsoft-Windows-AppLocker","SLH-Tresen-Nuc","Die Ausführung von MICROSOFT.AAD.BROKERPLUGIN wurde zugelassen, wäre jedoch verhindert worden, wäre die AppLocker-Richtlinie erzwungen worden."
"27.05.2026 20:43:57","8021","Warnung","Microsoft-Windows-AppLocker","SLH-Tresen-Nuc","Die Ausführung von MICROSOFT.AAD.BROKERPLUGIN wurde zugelassen, wäre jedoch verhindert worden, wäre die AppLocker-Richtlinie erzwungen worden."
"27.05.2026 20:43:26","8021","Warnung","Microsoft-Windows-AppLocker","SLH-Tresen-Nuc","Die Ausführung von MICROSOFT.AAD.BROKERPLUGIN wurde zugelassen, wäre jedoch verhindert worden, wäre die AppLocker-Richtlinie erzwungen worden."
"27.05.2026 20:43:26","8021","Warnung","Microsoft-Windows-AppLocker","SLH-Tresen-Nuc","Die Ausführung von MICROSOFT.AAD.BROKERPLUGIN wurde zugelassen, wäre jedoch verhindert worden, wäre die AppLocker-Richtlinie erzwungen worden."
"27.05.2026 20:28:57","8021","Warnung","Microsoft-Windows-AppLocker","SLH-Tresen-Nuc","Die Ausführung von MICROSOFT.AAD.BROKERPLUGIN wurde zugelassen, wäre jedoch verhindert worden, wäre die AppLocker-Richtlinie erzwungen worden."
"27.05.2026 20:28:56","8021","Warnung","Microsoft-Windows-AppLocker","SLH-Tresen-Nuc","Die Ausführung von MICROSOFT.AAD.BROKERPLUGIN wurde zugelassen, wäre jedoch verhindert worden, wäre die AppLocker-Richtlinie erzwungen worden."
"27.05.2026 20:28:56","8021","Warnung","Microsoft-Windows-AppLocker","SLH-Tresen-Nuc","Die Ausführung von MICROSOFT.AAD.BROKERPLUGIN wurde zugelassen, wäre jedoch verhindert worden, wäre die AppLocker-Richtlinie erzwungen worden."
"27.05.2026 20:28:18","8021","Warnung","Microsoft-Windows-AppLocker","SLH-Tresen-Nuc","Die Ausführung von MICROSOFT.WINDOWSSTORE wurde zugelassen, wäre jedoch verhindert worden, wäre die AppLocker-Richtlinie erzwungen worden."
"27.05.2026 20:23:33","8021","Warnung","Microsoft-Windows-AppLocker","SLH-Tresen-Nuc","Die Ausführung von MICROSOFT.AAD.BROKERPLUGIN wurde zugelassen, wäre jedoch verhindert worden, wäre die AppLocker-Richtlinie erzwungen worden."
"27.05.2026 20:23:33","8021","Warnung","Microsoft-Windows-AppLocker","SLH-Tresen-Nuc","Die Ausführung von MICROSOFT.AAD.BROKERPLUGIN wurde zugelassen, wäre jedoch verhindert worden, wäre die AppLocker-Richtlinie erzwungen worden."
"27.05.2026 20:15:18","8021","Warnung","Microsoft-Windows-AppLocker","SLH-Tresen-Nuc","Die Ausführung von MICROSOFTWINDOWS.CLIENT.CBS wurde zugelassen, wäre jedoch verhindert worden, wäre die AppLocker-Richtlinie erzwungen worden."
"27.05.2026 20:00:17","8021","Warnung","Microsoft-Windows-AppLocker","SLH-Tresen-Nuc","Die Ausführung von MICROSOFTWINDOWS.CLIENT.CBS wurde zugelassen, wäre jedoch verhindert worden, wäre die AppLocker-Richtlinie erzwungen worden."
"27.05.2026 19:56:10","8021","Warnung","Microsoft-Windows-AppLocker","SLH-Tresen-Nuc","Die Ausführung von MICROSOFT.AAD.BROKERPLUGIN wurde zugelassen, wäre jedoch verhindert worden, wäre die AppLocker-Richtlinie erzwungen worden."
"27.05.2026 19:56:10","8021","Warnung","Microsoft-Windows-AppLocker","SLH-Tresen-Nuc","Die Ausführung von MICROSOFT.AAD.BROKERPLUGIN wurde zugelassen, wäre jedoch verhindert worden, wäre die AppLocker-Richtlinie erzwungen worden."
"27.05.2026 19:45:17","8021","Warnung","Microsoft-Windows-AppLocker","SLH-Tresen-Nuc","Die Ausführung von MICROSOFTWINDOWS.CLIENT.CBS wurde zugelassen, wäre jedoch verhindert worden, wäre die AppLocker-Richtlinie erzwungen worden."
"27.05.2026 19:41:17","8021","Warnung","Microsoft-Windows-AppLocker","SLH-Tresen-Nuc","Die Ausführung von MICROSOFT.AAD.BROKERPLUGIN wurde zugelassen, wäre jedoch verhindert worden, wäre die AppLocker-Richtlinie erzwungen worden."
"27.05.2026 19:41:17","8021","Warnung","Microsoft-Windows-AppLocker","SLH-Tresen-Nuc","Die Ausführung von MICROSOFT.AAD.BROKERPLUGIN wurde zugelassen, wäre jedoch verhindert worden, wäre die AppLocker-Richtlinie erzwungen worden."
"27.05.2026 19:37:30","8021","Warnung","Microsoft-Windows-AppLocker","SLH-Tresen-Nuc","Die Ausführung von MICROSOFT.AAD.BROKERPLUGIN wurde zugelassen, wäre jedoch verhindert worden, wäre die AppLocker-Richtlinie erzwungen worden."
"27.05.2026 19:37:30","8021","Warnung","Microsoft-Windows-AppLocker","SLH-Tresen-Nuc","Die Ausführung von MICROSOFT.AAD.BROKERPLUGIN wurde zugelassen, wäre jedoch verhindert worden, wäre die AppLocker-Richtlinie erzwungen worden."
"27.05.2026 19:29:19","8021","Warnung","Microsoft-Windows-AppLocker","SLH-Tresen-Nuc","Die Ausführung von MICROSOFTWINDOWS.CLIENT.CBS wurde zugelassen, wäre jedoch verhindert worden, wäre die AppLocker-Richtlinie erzwungen worden."
"27.05.2026 19:28:19","8021","Warnung","Microsoft-Windows-AppLocker","SLH-Tresen-Nuc","Die Ausführung von MICROSOFT.WINDOWSSTORE wurde zugelassen, wäre jedoch verhindert worden, wäre die AppLocker-Richtlinie erzwungen worden."
"27.05.2026 19:28:19","8021","Warnung","Microsoft-Windows-AppLocker","SLH-Tresen-Nuc","Die Ausführung von MICROSOFT.WINDOWSSTORE wurde zugelassen, wäre jedoch verhindert worden, wäre die AppLocker-Richtlinie erzwungen worden."
"27.05.2026 19:14:18","8021","Warnung","Microsoft-Windows-AppLocker","SLH-Tresen-Nuc","Die Ausführung von MICROSOFTWINDOWS.CLIENT.CBS wurde zugelassen, wäre jedoch verhindert worden, wäre die AppLocker-Richtlinie erzwungen worden."
"27.05.2026 19:08:34","8021","Warnung","Microsoft-Windows-AppLocker","SLH-Tresen-Nuc","Die Ausführung von MICROSOFT.STOREPURCHASEAPP wurde zugelassen, wäre jedoch verhindert worden, wäre die AppLocker-Richtlinie erzwungen worden."
"27.05.2026 19:08:33","8021","Warnung","Microsoft-Windows-AppLocker","SLH-Tresen-Nuc","Die Ausführung von MICROSOFT.STOREPURCHASEAPP wurde zugelassen, wäre jedoch verhindert worden, wäre die AppLocker-Richtlinie erzwungen worden."
"27.05.2026 18:59:18","8021","Warnung","Microsoft-Windows-AppLocker","SLH-Tresen-Nuc","Die Ausführung von MICROSOFTWINDOWS.CLIENT.CBS wurde zugelassen, wäre jedoch verhindert worden, wäre die AppLocker-Richtlinie erzwungen worden."
"27.05.2026 18:46:51","8021","Warnung","Microsoft-Windows-AppLocker","SLH-Tresen-Nuc","Die Ausführung von MICROSOFT.AAD.BROKERPLUGIN wurde zugelassen, wäre jedoch verhindert worden, wäre die AppLocker-Richtlinie erzwungen worden."
"27.05.2026 18:46:51","8021","Warnung","Microsoft-Windows-AppLocker","SLH-Tresen-Nuc","Die Ausführung von MICROSOFT.AAD.BROKERPLUGIN wurde zugelassen, wäre jedoch verhindert worden, wäre die AppLocker-Richtlinie erzwungen worden."
"27.05.2026 18:45:00","8021","Warnung","Microsoft-Windows-AppLocker","SLH-Tresen-Nuc","Die Ausführung von MICROSOFT.AAD.BROKERPLUGIN wurde zugelassen, wäre jedoch verhindert worden, wäre die AppLocker-Richtlinie erzwungen worden."
"27.05.2026 18:44:51","8021","Warnung","Microsoft-Windows-AppLocker","SLH-Tresen-Nuc","Die Ausführung von MICROSOFT.AAD.BROKERPLUGIN wurde zugelassen, wäre jedoch verhindert worden, wäre die AppLocker-Richtlinie erzwungen worden."
"27.05.2026 18:44:51","8021","Warnung","Microsoft-Windows-AppLocker","SLH-Tresen-Nuc","Die Ausführung von MICROSOFT.AAD.BROKERPLUGIN wurde zugelassen, wäre jedoch verhindert worden, wäre die AppLocker-Richtlinie erzwungen worden."
"27.05.2026 18:44:18","8021","Warnung","Microsoft-Windows-AppLocker","SLH-Tresen-Nuc","Die Ausführung von MICROSOFTWINDOWS.CLIENT.CBS wurde zugelassen, wäre jedoch verhindert worden, wäre die AppLocker-Richtlinie erzwungen worden."
"27.05.2026 18:35:13","8021","Warnung","Microsoft-Windows-AppLocker","SLH-Tresen-Nuc","Die Ausführung von MICROSOFT.AAD.BROKERPLUGIN wurde zugelassen, wäre jedoch verhindert worden, wäre die AppLocker-Richtlinie erzwungen worden."
"27.05.2026 18:35:13","8021","Warnung","Microsoft-Windows-AppLocker","SLH-Tresen-Nuc","Die Ausführung von MICROSOFT.AAD.BROKERPLUGIN wurde zugelassen, wäre jedoch verhindert worden, wäre die AppLocker-Richtlinie erzwungen worden."
"27.05.2026 18:29:18","8021","Warnung","Microsoft-Windows-AppLocker","SLH-Tresen-Nuc","Die Ausführung von MICROSOFTWINDOWS.CLIENT.CBS wurde zugelassen, wäre jedoch verhindert worden, wäre die AppLocker-Richtlinie erzwungen worden."
"27.05.2026 18:28:18","8021","Warnung","Microsoft-Windows-AppLocker","SLH-Tresen-Nuc","Die Ausführung von MICROSOFT.WINDOWSSTORE wurde zugelassen, wäre jedoch verhindert worden, wäre die AppLocker-Richtlinie erzwungen worden."
"27.05.2026 18:28:18","8021","Warnung","Microsoft-Windows-AppLocker","SLH-Tresen-Nuc","Die Ausführung von MICROSOFT.WINDOWSSTORE wurde zugelassen, wäre jedoch verhindert worden, wäre die AppLocker-Richtlinie erzwungen worden."
"27.05.2026 18:19:34","8021","Warnung","Microsoft-Windows-AppLocker","SLH-Tresen-Nuc","Die Ausführung von MICROSOFT.AAD.BROKERPLUGIN wurde zugelassen, wäre jedoch verhindert worden, wäre die AppLocker-Richtlinie erzwungen worden."
"27.05.2026 18:19:18","8021","Warnung","Microsoft-Windows-AppLocker","SLH-Tresen-Nuc","Die Ausführung von MICROSOFT.AAD.BROKERPLUGIN wurde zugelassen, wäre jedoch verhindert worden, wäre die AppLocker-Richtlinie erzwungen worden."
"27.05.2026 18:19:18","8021","Warnung","Microsoft-Windows-AppLocker","SLH-Tresen-Nuc","Die Ausführung von MICROSOFT.AAD.BROKERPLUGIN wurde zugelassen, wäre jedoch verhindert worden, wäre die AppLocker-Richtlinie erzwungen worden."
"27.05.2026 18:14:18","8021","Warnung","Microsoft-Windows-AppLocker","SLH-Tresen-Nuc","Die Ausführung von MICROSOFTWINDOWS.CLIENT.CBS wurde zugelassen, wäre jedoch verhindert worden, wäre die AppLocker-Richtlinie erzwungen worden."
"27.05.2026 18:14:03","8021","Warnung","Microsoft-Windows-AppLocker","SLH-Tresen-Nuc","Die Ausführung von MICROSOFT.AAD.BROKERPLUGIN wurde zugelassen, wäre jedoch verhindert worden, wäre die AppLocker-Richtlinie erzwungen worden."
"27.05.2026 18:14:02","8021","Warnung","Microsoft-Windows-AppLocker","SLH-Tresen-Nuc","Die Ausführung von MICROSOFT.AAD.BROKERPLUGIN wurde zugelassen, wäre jedoch verhindert worden, wäre die AppLocker-Richtlinie erzwungen worden."
"27.05.2026 18:06:22","8021","Warnung","Microsoft-Windows-AppLocker","SLH-Tresen-Nuc","Die Ausführung von MICROSOFT.AAD.BROKERPLUGIN wurde zugelassen, wäre jedoch verhindert worden, wäre die AppLocker-Richtlinie erzwungen worden."
"27.05.2026 18:06:20","8021","Warnung","Microsoft-Windows-AppLocker","SLH-Tresen-Nuc","Die Ausführung von MICROSOFT.AAD.BROKERPLUGIN wurde zugelassen, wäre jedoch verhindert worden, wäre die AppLocker-Richtlinie erzwungen worden."
"27.05.2026 18:06:20","8021","Warnung","Microsoft-Windows-AppLocker","SLH-Tresen-Nuc","Die Ausführung von MICROSOFT.AAD.BROKERPLUGIN wurde zugelassen, wäre jedoch verhindert worden, wäre die AppLocker-Richtlinie erzwungen worden."
"27.05.2026 17:59:18","8021","Warnung","Microsoft-Windows-AppLocker","SLH-Tresen-Nuc","Die Ausführung von MICROSOFTWINDOWS.CLIENT.CBS wurde zugelassen, wäre jedoch verhindert worden, wäre die AppLocker-Richtlinie erzwungen worden."
"27.05.2026 17:44:18","8021","Warnung","Microsoft-Windows-AppLocker","SLH-Tresen-Nuc","Die Ausführung von MICROSOFTWINDOWS.CLIENT.CBS wurde zugelassen, wäre jedoch verhindert worden, wäre die AppLocker-Richtlinie erzwungen worden."
"27.05.2026 17:29:18","8021","Warnung","Microsoft-Windows-AppLocker","SLH-Tresen-Nuc","Die Ausführung von MICROSOFTWINDOWS.CLIENT.CBS wurde zugelassen, wäre jedoch verhindert worden, wäre die AppLocker-Richtlinie erzwungen worden."
"27.05.2026 17:28:50","8021","Warnung","Microsoft-Windows-AppLocker","SLH-Tresen-Nuc","Die Ausführung von MICROSOFT.AAD.BROKERPLUGIN wurde zugelassen, wäre jedoch verhindert worden, wäre die AppLocker-Richtlinie erzwungen worden."
"27.05.2026 17:28:49","8021","Warnung","Microsoft-Windows-AppLocker","SLH-Tresen-Nuc","Die Ausführung von MICROSOFT.AAD.BROKERPLUGIN wurde zugelassen, wäre jedoch verhindert worden, wäre die AppLocker-Richtlinie erzwungen worden."
"27.05.2026 17:28:18","8021","Warnung","Microsoft-Windows-AppLocker","SLH-Tresen-Nuc","Die Ausführung von MICROSOFT.WINDOWSSTORE wurde zugelassen, wäre jedoch verhindert worden, wäre die AppLocker-Richtlinie erzwungen worden."
"27.05.2026 17:28:18","8021","Warnung","Microsoft-Windows-AppLocker","SLH-Tresen-Nuc","Die Ausführung von MICROSOFT.YOURPHONE wurde zugelassen, wäre jedoch verhindert worden, wäre die AppLocker-Richtlinie erzwungen worden."
"27.05.2026 17:28:18","8021","Warnung","Microsoft-Windows-AppLocker","SLH-Tresen-Nuc","Die Ausführung von MICROSOFT.WINDOWSSTORE wurde zugelassen, wäre jedoch verhindert worden, wäre die AppLocker-Richtlinie erzwungen worden."
"27.05.2026 17:14:17","8021","Warnung","Microsoft-Windows-AppLocker","SLH-Tresen-Nuc","Die Ausführung von MICROSOFTWINDOWS.CLIENT.CBS wurde zugelassen, wäre jedoch verhindert worden, wäre die AppLocker-Richtlinie erzwungen worden."
"27.05.2026 17:06:18","8021","Warnung","Microsoft-Windows-AppLocker","SLH-Tresen-Nuc","Die Ausführung von MICROSOFT.DESKTOPAPPINSTALLER wurde zugelassen, wäre jedoch verhindert worden, wäre die AppLocker-Richtlinie erzwungen worden."
"27.05.2026 16:59:17","8021","Warnung","Microsoft-Windows-AppLocker","SLH-Tresen-Nuc","Die Ausführung von MICROSOFTWINDOWS.CLIENT.CBS wurde zugelassen, wäre jedoch verhindert worden, wäre die AppLocker-Richtlinie erzwungen worden."
"27.05.2026 16:44:17","8021","Warnung","Microsoft-Windows-AppLocker","SLH-Tresen-Nuc","Die Ausführung von MICROSOFTWINDOWS.CLIENT.CBS wurde zugelassen, wäre jedoch verhindert worden, wäre die AppLocker-Richtlinie erzwungen worden."
"27.05.2026 16:38:21","8021","Warnung","Microsoft-Windows-AppLocker","SLH-Tresen-Nuc","Die Ausführung von MICROSOFT.AAD.BROKERPLUGIN wurde zugelassen, wäre jedoch verhindert worden, wäre die AppLocker-Richtlinie erzwungen worden."
"27.05.2026 16:38:21","8021","Warnung","Microsoft-Windows-AppLocker","SLH-Tresen-Nuc","Die Ausführung von MICROSOFT.AAD.BROKERPLUGIN wurde zugelassen, wäre jedoch verhindert worden, wäre die AppLocker-Richtlinie erzwungen worden."
"27.05.2026 16:36:16","8021","Warnung","Microsoft-Windows-AppLocker","SLH-Tresen-Nuc","Die Ausführung von MICROSOFT.AAD.BROKERPLUGIN wurde zugelassen, wäre jedoch verhindert worden, wäre die AppLocker-Richtlinie erzwungen worden."
"27.05.2026 16:36:14","8021","Warnung","Microsoft-Windows-AppLocker","SLH-Tresen-Nuc","Die Ausführung von MICROSOFT.AAD.BROKERPLUGIN wurde zugelassen, wäre jedoch verhindert worden, wäre die AppLocker-Richtlinie erzwungen worden."
"27.05.2026 16:36:14","8021","Warnung","Microsoft-Windows-AppLocker","SLH-Tresen-Nuc","Die Ausführung von MICROSOFT.AAD.BROKERPLUGIN wurde zugelassen, wäre jedoch verhindert worden, wäre die AppLocker-Richtlinie erzwungen worden."
"27.05.2026 16:35:33","8021","Warnung","Microsoft-Windows-AppLocker","SLH-Tresen-Nuc","Die Ausführung von MICROSOFT.AAD.BROKERPLUGIN wurde zugelassen, wäre jedoch verhindert worden, wäre die AppLocker-Richtlinie erzwungen worden."
"27.05.2026 16:35:33","8021","Warnung","Microsoft-Windows-AppLocker","SLH-Tresen-Nuc","Die Ausführung von MICROSOFT.AAD.BROKERPLUGIN wurde zugelassen, wäre jedoch verhindert worden, wäre die AppLocker-Richtlinie erzwungen worden."
"27.05.2026 16:28:18","8021","Warnung","Microsoft-Windows-AppLocker","SLH-Tresen-Nuc","Die Ausführung von MICROSOFTWINDOWS.CLIENT.CBS wurde zugelassen, wäre jedoch verhindert worden, wäre die AppLocker-Richtlinie erzwungen worden."
"27.05.2026 16:28:18","8021","Warnung","Microsoft-Windows-AppLocker","SLH-Tresen-Nuc","Die Ausführung von MICROSOFT.WINDOWSSTORE wurde zugelassen, wäre jedoch verhindert worden, wäre die AppLocker-Richtlinie erzwungen worden."
"27.05.2026 16:18:07","8021","Warnung","Microsoft-Windows-AppLocker","SLH-Tresen-Nuc","Die Ausführung von MICROSOFT.AAD.BROKERPLUGIN wurde zugelassen, wäre jedoch verhindert worden, wäre die AppLocker-Richtlinie erzwungen worden."
"27.05.2026 16:18:06","8021","Warnung","Microsoft-Windows-AppLocker","SLH-Tresen-Nuc","Die Ausführung von MICROSOFT.AAD.BROKERPLUGIN wurde zugelassen, wäre jedoch verhindert worden, wäre die AppLocker-Richtlinie erzwungen worden."
"27.05.2026 16:13:17","8021","Warnung","Microsoft-Windows-AppLocker","SLH-Tresen-Nuc","Die Ausführung von MICROSOFTWINDOWS.CLIENT.CBS wurde zugelassen, wäre jedoch verhindert worden, wäre die AppLocker-Richtlinie erzwungen worden."
"27.05.2026 16:11:44","8021","Warnung","Microsoft-Windows-AppLocker","SLH-Tresen-Nuc","Die Ausführung von MICROSOFT.AAD.BROKERPLUGIN wurde zugelassen, wäre jedoch verhindert worden, wäre die AppLocker-Richtlinie erzwungen worden."
"27.05.2026 16:11:44","8021","Warnung","Microsoft-Windows-AppLocker","SLH-Tresen-Nuc","Die Ausführung von MICROSOFT.AAD.BROKERPLUGIN wurde zugelassen, wäre jedoch verhindert worden, wäre die AppLocker-Richtlinie erzwungen worden."
"27.05.2026 15:58:17","8021","Warnung","Microsoft-Windows-AppLocker","SLH-Tresen-Nuc","Die Ausführung von MICROSOFTWINDOWS.CLIENT.CBS wurde zugelassen, wäre jedoch verhindert worden, wäre die AppLocker-Richtlinie erzwungen worden."
"27.05.2026 15:51:42","8021","Warnung","Microsoft-Windows-AppLocker","SLH-Tresen-Nuc","Die Ausführung von MICROSOFT.AAD.BROKERPLUGIN wurde zugelassen, wäre jedoch verhindert worden, wäre die AppLocker-Richtlinie erzwungen worden."
"27.05.2026 15:51:42","8021","Warnung","Microsoft-Windows-AppLocker","SLH-Tresen-Nuc","Die Ausführung von MICROSOFT.AAD.BROKERPLUGIN wurde zugelassen, wäre jedoch verhindert worden, wäre die AppLocker-Richtlinie erzwungen worden."
"27.05.2026 15:37:18","8021","Warnung","Microsoft-Windows-AppLocker","SLH-Tresen-Nuc","Die Ausführung von MICROSOFT.AAD.BROKERPLUGIN wurde zugelassen, wäre jedoch verhindert worden, wäre die AppLocker-Richtlinie erzwungen worden."
"27.05.2026 15:37:18","8021","Warnung","Microsoft-Windows-AppLocker","SLH-Tresen-Nuc","Die Ausführung von MICROSOFT.AAD.BROKERPLUGIN wurde zugelassen, wäre jedoch verhindert worden, wäre die AppLocker-Richtlinie erzwungen worden."
"27.05.2026 15:37:17","8021","Warnung","Microsoft-Windows-AppLocker","SLH-Tresen-Nuc","Die Ausführung von MICROSOFT.WINDOWS.CONTENTDELIVERYMANAGER wurde zugelassen, wäre jedoch verhindert worden, wäre die AppLocker-Richtlinie erzwungen worden."
"27.05.2026 15:37:17","8021","Warnung","Microsoft-Windows-AppLocker","SLH-Tresen-Nuc","Die Ausführung von MICROSOFT.WINDOWS.CONTENTDELIVERYMANAGER wurde zugelassen, wäre jedoch verhindert worden, wäre die AppLocker-Richtlinie erzwungen worden."
"27.05.2026 15:28:18","8021","Warnung","Microsoft-Windows-AppLocker","SLH-Tresen-Nuc","Die Ausführung von MICROSOFT.WINDOWSSTORE wurde zugelassen, wäre jedoch verhindert worden, wäre die AppLocker-Richtlinie erzwungen worden."
"27.05.2026 15:28:18","8021","Warnung","Microsoft-Windows-AppLocker","SLH-Tresen-Nuc","Die Ausführung von MICROSOFT.WINDOWSSTORE wurde zugelassen, wäre jedoch verhindert worden, wäre die AppLocker-Richtlinie erzwungen worden."
"27.05.2026 15:12:43","8021","Warnung","Microsoft-Windows-AppLocker","SLH-Tresen-Nuc","Die Ausführung von MICROSOFT.AAD.BROKERPLUGIN wurde zugelassen, wäre jedoch verhindert worden, wäre die AppLocker-Richtlinie erzwungen worden."
"27.05.2026 15:12:43","8021","Warnung","Microsoft-Windows-AppLocker","SLH-Tresen-Nuc","Die Ausführung von MICROSOFT.AAD.BROKERPLUGIN wurde zugelassen, wäre jedoch verhindert worden, wäre die AppLocker-Richtlinie erzwungen worden."
"27.05.2026 15:12:17","8021","Warnung","Microsoft-Windows-AppLocker","SLH-Tresen-Nuc","Die Ausführung von MICROSOFTWINDOWS.CLIENT.CBS wurde zugelassen, wäre jedoch verhindert worden, wäre die AppLocker-Richtlinie erzwungen worden."
"27.05.2026 15:06:18","8021","Warnung","Microsoft-Windows-AppLocker","SLH-Tresen-Nuc","Die Ausführung von MICROSOFT.STOREPURCHASEAPP wurde zugelassen, wäre jedoch verhindert worden, wäre die AppLocker-Richtlinie erzwungen worden."
"27.05.2026 15:06:17","8021","Warnung","Microsoft-Windows-AppLocker","SLH-Tresen-Nuc","Die Ausführung von MICROSOFT.STOREPURCHASEAPP wurde zugelassen, wäre jedoch verhindert worden, wäre die AppLocker-Richtlinie erzwungen worden."
"27.05.2026 14:57:17","8021","Warnung","Microsoft-Windows-AppLocker","SLH-Tresen-Nuc","Die Ausführung von MICROSOFTWINDOWS.CLIENT.CBS wurde zugelassen, wäre jedoch verhindert worden, wäre die AppLocker-Richtlinie erzwungen worden."
"27.05.2026 14:54:38","8021","Warnung","Microsoft-Windows-AppLocker","SLH-Tresen-Nuc","Die Ausführung von MICROSOFT.AAD.BROKERPLUGIN wurde zugelassen, wäre jedoch verhindert worden, wäre die AppLocker-Richtlinie erzwungen worden."
"27.05.2026 14:54:38","8021","Warnung","Microsoft-Windows-AppLocker","SLH-Tresen-Nuc","Die Ausführung von MICROSOFT.AAD.BROKERPLUGIN wurde zugelassen, wäre jedoch verhindert worden, wäre die AppLocker-Richtlinie erzwungen worden."
"27.05.2026 14:52:23","8021","Warnung","Microsoft-Windows-AppLocker","SLH-Tresen-Nuc","Die Ausführung von MICROSOFT.AAD.BROKERPLUGIN wurde zugelassen, wäre jedoch verhindert worden, wäre die AppLocker-Richtlinie erzwungen worden."
"27.05.2026 14:52:23","8021","Warnung","Microsoft-Windows-AppLocker","SLH-Tresen-Nuc","Die Ausführung von MICROSOFT.AAD.BROKERPLUGIN wurde zugelassen, wäre jedoch verhindert worden, wäre die AppLocker-Richtlinie erzwungen worden."
"27.05.2026 14:52:23","8021","Warnung","Microsoft-Windows-AppLocker","SLH-Tresen-Nuc","Die Ausführung von MICROSOFT.YOURPHONE wurde zugelassen, wäre jedoch verhindert worden, wäre die AppLocker-Richtlinie erzwungen worden."
"27.05.2026 14:42:17","8021","Warnung","Microsoft-Windows-AppLocker","SLH-Tresen-Nuc","Die Ausführung von MICROSOFTWINDOWS.CLIENT.CBS wurde zugelassen, wäre jedoch verhindert worden, wäre die AppLocker-Richtlinie erzwungen worden."
"27.05.2026 14:42:17","8021","Warnung","Microsoft-Windows-AppLocker","SLH-Tresen-Nuc","Die Ausführung von MICROSOFT.YOURPHONE wurde zugelassen, wäre jedoch verhindert worden, wäre die AppLocker-Richtlinie erzwungen worden."
"27.05.2026 14:36:53","8021","Warnung","Microsoft-Windows-AppLocker","SLH-Tresen-Nuc","Die Ausführung von MICROSOFT.AAD.BROKERPLUGIN wurde zugelassen, wäre jedoch verhindert worden, wäre die AppLocker-Richtlinie erzwungen worden."
"27.05.2026 14:36:53","8021","Warnung","Microsoft-Windows-AppLocker","SLH-Tresen-Nuc","Die Ausführung von MICROSOFT.AAD.BROKERPLUGIN wurde zugelassen, wäre jedoch verhindert worden, wäre die AppLocker-Richtlinie erzwungen worden."
"27.05.2026 14:28:17","8021","Warnung","Microsoft-Windows-AppLocker","SLH-Tresen-Nuc","Die Ausführung von MICROSOFT.WINDOWSSTORE wurde zugelassen, wäre jedoch verhindert worden, wäre die AppLocker-Richtlinie erzwungen worden."
"27.05.2026 14:27:17","8021","Warnung","Microsoft-Windows-AppLocker","SLH-Tresen-Nuc","Die Ausführung von MICROSOFTWINDOWS.CLIENT.CBS wurde zugelassen, wäre jedoch verhindert worden, wäre die AppLocker-Richtlinie erzwungen worden."
"27.05.2026 14:26:17","8021","Warnung","Microsoft-Windows-AppLocker","SLH-Tresen-Nuc","Die Ausführung von MICROSOFT.YOURPHONE wurde zugelassen, wäre jedoch verhindert worden, wäre die AppLocker-Richtlinie erzwungen worden."
"27.05.2026 14:12:17","8021","Warnung","Microsoft-Windows-AppLocker","SLH-Tresen-Nuc","Die Ausführung von MICROSOFTWINDOWS.CLIENT.CBS wurde zugelassen, wäre jedoch verhindert worden, wäre die AppLocker-Richtlinie erzwungen worden."
"27.05.2026 14:05:48","8021","Warnung","Microsoft-Windows-AppLocker","SLH-Tresen-Nuc","Die Ausführung von MICROSOFT.AAD.BROKERPLUGIN wurde zugelassen, wäre jedoch verhindert worden, wäre die AppLocker-Richtlinie erzwungen worden."
"27.05.2026 14:05:48","8021","Warnung","Microsoft-Windows-AppLocker","SLH-Tresen-Nuc","Die Ausführung von MICROSOFT.AAD.BROKERPLUGIN wurde zugelassen, wäre jedoch verhindert worden, wäre die AppLocker-Richtlinie erzwungen worden."
"27.05.2026 14:05:48","8021","Warnung","Microsoft-Windows-AppLocker","SLH-Tresen-Nuc","Die Ausführung von MICROSOFT.WINDOWS.CONTENTDELIVERYMANAGER wurde zugelassen, wäre jedoch verhindert worden, wäre die AppLocker-Richtlinie erzwungen worden."
"27.05.2026 14:05:48","8021","Warnung","Microsoft-Windows-AppLocker","SLH-Tresen-Nuc","Die Ausführung von MICROSOFTWINDOWS.CLIENT.OOBE wurde zugelassen, wäre jedoch verhindert worden, wäre die AppLocker-Richtlinie erzwungen worden."
"27.05.2026 14:05:47","8021","Warnung","Microsoft-Windows-AppLocker","SLH-Tresen-Nuc","Die Ausführung von MICROSOFTWINDOWS.CLIENT.CBS wurde zugelassen, wäre jedoch verhindert worden, wäre die AppLocker-Richtlinie erzwungen worden."
"27.05.2026 14:05:47","8021","Warnung","Microsoft-Windows-AppLocker","SLH-Tresen-Nuc","Die Ausführung von MICROSOFTWINDOWS.CLIENT.OOBE wurde zugelassen, wäre jedoch verhindert worden, wäre die AppLocker-Richtlinie erzwungen worden."
"27.05.2026 14:05:47","8021","Warnung","Microsoft-Windows-AppLocker","SLH-Tresen-Nuc","Die Ausführung von MICROSOFTWINDOWS.CLIENT.CBS wurde zugelassen, wäre jedoch verhindert worden, wäre die AppLocker-Richtlinie erzwungen worden."
"27.05.2026 14:05:47","8021","Warnung","Microsoft-Windows-AppLocker","SLH-Tresen-Nuc","Die Ausführung von MICROSOFT.WINDOWS.CONTENTDELIVERYMANAGER wurde zugelassen, wäre jedoch verhindert worden, wäre die AppLocker-Richtlinie erzwungen worden."
"27.05.2026 14:05:47","8021","Warnung","Microsoft-Windows-AppLocker","SLH-Tresen-Nuc","Die Ausführung von MICROSOFTWINDOWS.CLIENT.CBS wurde zugelassen, wäre jedoch verhindert worden, wäre die AppLocker-Richtlinie erzwungen worden."
"27.05.2026 14:05:47","8021","Warnung","Microsoft-Windows-AppLocker","SLH-Tresen-Nuc","Die Ausführung von MICROSOFTWINDOWS.CLIENT.CBS wurde zugelassen, wäre jedoch verhindert worden, wäre die AppLocker-Richtlinie erzwungen worden."
"27.05.2026 13:56:37","8021","Warnung","Microsoft-Windows-AppLocker","SLH-Tresen-Nuc","Die Ausführung von MICROSOFT.YOURPHONE wurde zugelassen, wäre jedoch verhindert worden, wäre die AppLocker-Richtlinie erzwungen worden."
"27.05.2026 13:55:48","8021","Warnung","Microsoft-Windows-AppLocker","SLH-Tresen-Nuc","Die Ausführung von MICROSOFT.AAD.BROKERPLUGIN wurde zugelassen, wäre jedoch verhindert worden, wäre die AppLocker-Richtlinie erzwungen worden."
"27.05.2026 13:55:48","8021","Warnung","Microsoft-Windows-AppLocker","SLH-Tresen-Nuc","Die Ausführung von MICROSOFT.AAD.BROKERPLUGIN wurde zugelassen, wäre jedoch verhindert worden, wäre die AppLocker-Richtlinie erzwungen worden."
"27.05.2026 13:55:17","8021","Warnung","Microsoft-Windows-AppLocker","SLH-Tresen-Nuc","Die Ausführung von MICROSOFT.YOURPHONE wurde zugelassen, wäre jedoch verhindert worden, wäre die AppLocker-Richtlinie erzwungen worden."
"27.05.2026 13:48:09","8021","Warnung","Microsoft-Windows-AppLocker","SLH-Tresen-Nuc","Die Ausführung von MICROSOFT.AAD.BROKERPLUGIN wurde zugelassen, wäre jedoch verhindert worden, wäre die AppLocker-Richtlinie erzwungen worden."
"27.05.2026 13:48:00","8021","Warnung","Microsoft-Windows-AppLocker","SLH-Tresen-Nuc","Die Ausführung von MICROSOFT.AAD.BROKERPLUGIN wurde zugelassen, wäre jedoch verhindert worden, wäre die AppLocker-Richtlinie erzwungen worden."
"27.05.2026 13:47:58","8021","Warnung","Microsoft-Windows-AppLocker","SLH-Tresen-Nuc","Die Ausführung von MICROSOFT.AAD.BROKERPLUGIN wurde zugelassen, wäre jedoch verhindert worden, wäre die AppLocker-Richtlinie erzwungen worden."
"27.05.2026 13:47:58","8021","Warnung","Microsoft-Windows-AppLocker","SLH-Tresen-Nuc","Die Ausführung von MICROSOFT.AAD.BROKERPLUGIN wurde zugelassen, wäre jedoch verhindert worden, wäre die AppLocker-Richtlinie erzwungen worden."
"27.05.2026 13:47:00","8021","Warnung","Microsoft-Windows-AppLocker","SLH-Tresen-Nuc","Die Ausführung von MICROSOFT.AAD.BROKERPLUGIN wurde zugelassen, wäre jedoch verhindert worden, wäre die AppLocker-Richtlinie erzwungen worden."
"27.05.2026 13:46:59","8021","Warnung","Microsoft-Windows-AppLocker","SLH-Tresen-Nuc","Die Ausführung von MICROSOFT.AAD.BROKERPLUGIN wurde zugelassen, wäre jedoch verhindert worden, wäre die AppLocker-Richtlinie erzwungen worden."
"27.05.2026 13:46:59","8021","Warnung","Microsoft-Windows-AppLocker","SLH-Tresen-Nuc","Die Ausführung von MICROSOFT.AAD.BROKERPLUGIN wurde zugelassen, wäre jedoch verhindert worden, wäre die AppLocker-Richtlinie erzwungen worden."
"27.05.2026 13:45:37","8021","Warnung","Microsoft-Windows-AppLocker","SLH-Tresen-Nuc","Die Ausführung von MICROSOFTWINDOWS.CLIENT.CBS wurde zugelassen, wäre jedoch verhindert worden, wäre die AppLocker-Richtlinie erzwungen worden."
"27.05.2026 13:44:32","8021","Warnung","Microsoft-Windows-AppLocker","SLH-Tresen-Nuc","Die Ausführung von WINDOWS.IMMERSIVECONTROLPANEL wurde zugelassen, wäre jedoch verhindert worden, wäre die AppLocker-Richtlinie erzwungen worden."
"27.05.2026 13:43:17","8021","Warnung","Microsoft-Windows-AppLocker","SLH-Tresen-Nuc","Die Ausführung von MICROSOFT.AAD.BROKERPLUGIN wurde zugelassen, wäre jedoch verhindert worden, wäre die AppLocker-Richtlinie erzwungen worden."
"27.05.2026 13:43:14","8021","Warnung","Microsoft-Windows-AppLocker","SLH-Tresen-Nuc","Die Ausführung von MICROSOFT.AAD.BROKERPLUGIN wurde zugelassen, wäre jedoch verhindert worden, wäre die AppLocker-Richtlinie erzwungen worden."
"27.05.2026 13:43:08","8021","Warnung","Microsoft-Windows-AppLocker","SLH-Tresen-Nuc","Die Ausführung von MICROSOFT.AAD.BROKERPLUGIN wurde zugelassen, wäre jedoch verhindert worden, wäre die AppLocker-Richtlinie erzwungen worden."
"27.05.2026 13:42:53","8021","Warnung","Microsoft-Windows-AppLocker","SLH-Tresen-Nuc","Die Ausführung von MICROSOFT.MICROSOFTEDGE.STABLE wurde zugelassen, wäre jedoch verhindert worden, wäre die AppLocker-Richtlinie erzwungen worden."
"27.05.2026 13:42:50","8021","Warnung","Microsoft-Windows-AppLocker","SLH-Tresen-Nuc","Die Ausführung von MICROSOFT.AAD.BROKERPLUGIN wurde zugelassen, wäre jedoch verhindert worden, wäre die AppLocker-Richtlinie erzwungen worden."
"27.05.2026 13:42:50","8021","Warnung","Microsoft-Windows-AppLocker","SLH-Tresen-Nuc","Die Ausführung von MICROSOFT.AAD.BROKERPLUGIN wurde zugelassen, wäre jedoch verhindert worden, wäre die AppLocker-Richtlinie erzwungen worden."
"27.05.2026 13:42:30","8021","Warnung","Microsoft-Windows-AppLocker","SLH-Tresen-Nuc","Die Ausführung von MICROSOFT.ONEDRIVESYNC wurde zugelassen, wäre jedoch verhindert worden, wäre die AppLocker-Richtlinie erzwungen worden."
"27.05.2026 13:40:36","8021","Warnung","Microsoft-Windows-AppLocker","SLH-Tresen-Nuc","Die Ausführung von SPOTIFYAB.SPOTIFYMUSIC wurde zugelassen, wäre jedoch verhindert worden, wäre die AppLocker-Richtlinie erzwungen worden."
"27.05.2026 13:40:00","8021","Warnung","Microsoft-Windows-AppLocker","SLH-Tresen-Nuc","Die Ausführung von MICROSOFT.STOREPURCHASEAPP wurde zugelassen, wäre jedoch verhindert worden, wäre die AppLocker-Richtlinie erzwungen worden."
"27.05.2026 13:39:59","8021","Warnung","Microsoft-Windows-AppLocker","SLH-Tresen-Nuc","Die Ausführung von MICROSOFTWINDOWS.CLIENT.CBS wurde zugelassen, wäre jedoch verhindert worden, wäre die AppLocker-Richtlinie erzwungen worden."
"27.05.2026 13:39:59","8021","Warnung","Microsoft-Windows-AppLocker","SLH-Tresen-Nuc","Die Ausführung von MICROSOFTWINDOWS.CLIENT.CBS wurde zugelassen, wäre jedoch verhindert worden, wäre die AppLocker-Richtlinie erzwungen worden."
"27.05.2026 13:39:59","8021","Warnung","Microsoft-Windows-AppLocker","SLH-Tresen-Nuc","Die Ausführung von MICROSOFT.STOREPURCHASEAPP wurde zugelassen, wäre jedoch verhindert worden, wäre die AppLocker-Richtlinie erzwungen worden."
"27.05.2026 13:39:59","8021","Warnung","Microsoft-Windows-AppLocker","SLH-Tresen-Nuc","Die Ausführung von MICROSOFTWINDOWS.CLIENT.CBS wurde zugelassen, wäre jedoch verhindert worden, wäre die AppLocker-Richtlinie erzwungen worden."
"27.05.2026 13:39:59","8021","Warnung","Microsoft-Windows-AppLocker","SLH-Tresen-Nuc","Die Ausführung von MICROSOFT.WINDOWSSTORE wurde zugelassen, wäre jedoch verhindert worden, wäre die AppLocker-Richtlinie erzwungen worden."
"27.05.2026 13:39:59","8021","Warnung","Microsoft-Windows-AppLocker","SLH-Tresen-Nuc","Die Ausführung von MICROSOFT.WINDOWSSTORE wurde zugelassen, wäre jedoch verhindert worden, wäre die AppLocker-Richtlinie erzwungen worden."
"27.05.2026 13:39:59","8021","Warnung","Microsoft-Windows-AppLocker","SLH-Tresen-Nuc","Die Ausführung von MICROSOFT.YOURPHONE wurde zugelassen, wäre jedoch verhindert worden, wäre die AppLocker-Richtlinie erzwungen worden."
"27.05.2026 13:39:46","8021","Warnung","Microsoft-Windows-AppLocker","SLH-Tresen-Nuc","Die Ausführung von SPOTIFYAB.SPOTIFYMUSIC wurde zugelassen, wäre jedoch verhindert worden, wäre die AppLocker-Richtlinie erzwungen worden."
"27.05.2026 13:39:46","8021","Warnung","Microsoft-Windows-AppLocker","SLH-Tresen-Nuc","Die Ausführung von SPOTIFYAB.SPOTIFYMUSIC wurde zugelassen, wäre jedoch verhindert worden, wäre die AppLocker-Richtlinie erzwungen worden."
"27.05.2026 13:39:45","8021","Warnung","Microsoft-Windows-AppLocker","SLH-Tresen-Nuc","Die Ausführung von SPOTIFYAB.SPOTIFYMUSIC wurde zugelassen, wäre jedoch verhindert worden, wäre die AppLocker-Richtlinie erzwungen worden."
"27.05.2026 13:39:41","8021","Warnung","Microsoft-Windows-AppLocker","SLH-Tresen-Nuc","Die Ausführung von SPOTIFYAB.SPOTIFYMUSIC wurde zugelassen, wäre jedoch verhindert worden, wäre die AppLocker-Richtlinie erzwungen worden."
"27.05.2026 13:39:41","8021","Warnung","Microsoft-Windows-AppLocker","SLH-Tresen-Nuc","Die Ausführung von SPOTIFYAB.SPOTIFYMUSIC wurde zugelassen, wäre jedoch verhindert worden, wäre die AppLocker-Richtlinie erzwungen worden."
"27.05.2026 13:38:55","8021","Warnung","Microsoft-Windows-AppLocker","SLH-Tresen-Nuc","Die Ausführung von SPOTIFYAB.SPOTIFYMUSIC wurde zugelassen, wäre jedoch verhindert worden, wäre die AppLocker-Richtlinie erzwungen worden."
"27.05.2026 13:38:52","8021","Warnung","Microsoft-Windows-AppLocker","SLH-Tresen-Nuc","Die Ausführung von SPOTIFYAB.SPOTIFYMUSIC wurde zugelassen, wäre jedoch verhindert worden, wäre die AppLocker-Richtlinie erzwungen worden."
"27.05.2026 13:38:47","8021","Warnung","Microsoft-Windows-AppLocker","SLH-Tresen-Nuc","Die Ausführung von SPOTIFYAB.SPOTIFYMUSIC wurde zugelassen, wäre jedoch verhindert worden, wäre die AppLocker-Richtlinie erzwungen worden."
"27.05.2026 13:38:38","8021","Warnung","Microsoft-Windows-AppLocker","SLH-Tresen-Nuc","Die Ausführung von SPOTIFYAB.SPOTIFYMUSIC wurde zugelassen, wäre jedoch verhindert worden, wäre die AppLocker-Richtlinie erzwungen worden."
"27.05.2026 13:38:37","8021","Warnung","Microsoft-Windows-AppLocker","SLH-Tresen-Nuc","Die Ausführung von SPOTIFYAB.SPOTIFYMUSIC wurde zugelassen, wäre jedoch verhindert worden, wäre die AppLocker-Richtlinie erzwungen worden."
"27.05.2026 13:38:36","8021","Warnung","Microsoft-Windows-AppLocker","SLH-Tresen-Nuc","Die Ausführung von SPOTIFYAB.SPOTIFYMUSIC wurde zugelassen, wäre jedoch verhindert worden, wäre die AppLocker-Richtlinie erzwungen worden."
"27.05.2026 13:38:36","8021","Warnung","Microsoft-Windows-AppLocker","SLH-Tresen-Nuc","Die Ausführung von SPOTIFYAB.SPOTIFYMUSIC wurde zugelassen, wäre jedoch verhindert worden, wäre die AppLocker-Richtlinie erzwungen worden."
"27.05.2026 13:38:36","8021","Warnung","Microsoft-Windows-AppLocker","SLH-Tresen-Nuc","Die Ausführung von SPOTIFYAB.SPOTIFYMUSIC wurde zugelassen, wäre jedoch verhindert worden, wäre die AppLocker-Richtlinie erzwungen worden."
"27.05.2026 13:38:36","8021","Warnung","Microsoft-Windows-AppLocker","SLH-Tresen-Nuc","Die Ausführung von MICROSOFT.WINDOWSSTORE wurde zugelassen, wäre jedoch verhindert worden, wäre die AppLocker-Richtlinie erzwungen worden."
"27.05.2026 13:38:36","8021","Warnung","Microsoft-Windows-AppLocker","SLH-Tresen-Nuc","Die Ausführung von SPOTIFYAB.SPOTIFYMUSIC wurde zugelassen, wäre jedoch verhindert worden, wäre die AppLocker-Richtlinie erzwungen worden."
"27.05.2026 13:38:35","8021","Warnung","Microsoft-Windows-AppLocker","SLH-Tresen-Nuc","Die Ausführung von SPOTIFYAB.SPOTIFYMUSIC wurde zugelassen, wäre jedoch verhindert worden, wäre die AppLocker-Richtlinie erzwungen worden."
"27.05.2026 13:38:35","8021","Warnung","Microsoft-Windows-AppLocker","SLH-Tresen-Nuc","Die Ausführung von SPOTIFYAB.SPOTIFYMUSIC wurde zugelassen, wäre jedoch verhindert worden, wäre die AppLocker-Richtlinie erzwungen worden."
"27.05.2026 13:38:35","8021","Warnung","Microsoft-Windows-AppLocker","SLH-Tresen-Nuc","Die Ausführung von SPOTIFYAB.SPOTIFYMUSIC wurde zugelassen, wäre jedoch verhindert worden, wäre die AppLocker-Richtlinie erzwungen worden."
"27.05.2026 13:38:34","8021","Warnung","Microsoft-Windows-AppLocker","SLH-Tresen-Nuc","Die Ausführung von MICROSOFTWINDOWS.CROSSDEVICE wurde zugelassen, wäre jedoch verhindert worden, wäre die AppLocker-Richtlinie erzwungen worden."
"27.05.2026 13:38:24","8021","Warnung","Microsoft-Windows-AppLocker","SLH-Tresen-Nuc","Die Ausführung von MICROSOFTWINDOWS.CLIENT.CBS wurde zugelassen, wäre jedoch verhindert worden, wäre die AppLocker-Richtlinie erzwungen worden."
"27.05.2026 13:38:05","8021","Warnung","Microsoft-Windows-AppLocker","SLH-Tresen-Nuc","Die Ausführung von MICROSOFT.AAD.BROKERPLUGIN wurde zugelassen, wäre jedoch verhindert worden, wäre die AppLocker-Richtlinie erzwungen worden."
"27.05.2026 13:37:34","8021","Warnung","Microsoft-Windows-AppLocker","SLH-Tresen-Nuc","Die Ausführung von MICROSOFT.AAD.BROKERPLUGIN wurde zugelassen, wäre jedoch verhindert worden, wäre die AppLocker-Richtlinie erzwungen worden."
"27.05.2026 13:37:33","8021","Warnung","Microsoft-Windows-AppLocker","SLH-Tresen-Nuc","Die Ausführung von MICROSOFT.AAD.BROKERPLUGIN wurde zugelassen, wäre jedoch verhindert worden, wäre die AppLocker-Richtlinie erzwungen worden."
"27.05.2026 13:37:32","8021","Warnung","Microsoft-Windows-AppLocker","SLH-Tresen-Nuc","Die Ausführung von MICROSOFT.AAD.BROKERPLUGIN wurde zugelassen, wäre jedoch verhindert worden, wäre die AppLocker-Richtlinie erzwungen worden."
"27.05.2026 13:37:30","8021","Warnung","Microsoft-Windows-AppLocker","SLH-Tresen-Nuc","Die Ausführung von MICROSOFT.AAD.BROKERPLUGIN wurde zugelassen, wäre jedoch verhindert worden, wäre die AppLocker-Richtlinie erzwungen worden."
"27.05.2026 13:37:29","8021","Warnung","Microsoft-Windows-AppLocker","SLH-Tresen-Nuc","Die Ausführung von MICROSOFT.AAD.BROKERPLUGIN wurde zugelassen, wäre jedoch verhindert worden, wäre die AppLocker-Richtlinie erzwungen worden."
"27.05.2026 13:37:28","8021","Warnung","Microsoft-Windows-AppLocker","SLH-Tresen-Nuc","Die Ausführung von MICROSOFT.AAD.BROKERPLUGIN wurde zugelassen, wäre jedoch verhindert worden, wäre die AppLocker-Richtlinie erzwungen worden."
"27.05.2026 13:37:27","8021","Warnung","Microsoft-Windows-AppLocker","SLH-Tresen-Nuc","Die Ausführung von MICROSOFT.AAD.BROKERPLUGIN wurde zugelassen, wäre jedoch verhindert worden, wäre die AppLocker-Richtlinie erzwungen worden."
"27.05.2026 13:37:25","8021","Warnung","Microsoft-Windows-AppLocker","SLH-Tresen-Nuc","Die Ausführung von MICROSOFT.AAD.BROKERPLUGIN wurde zugelassen, wäre jedoch verhindert worden, wäre die AppLocker-Richtlinie erzwungen worden."
"27.05.2026 13:36:35","8021","Warnung","Microsoft-Windows-AppLocker","SLH-Tresen-Nuc","Die Ausführung von MICROSOFT.YOURPHONE wurde zugelassen, wäre jedoch verhindert worden, wäre die AppLocker-Richtlinie erzwungen worden."
"27.05.2026 13:36:34","8021","Warnung","Microsoft-Windows-AppLocker","SLH-Tresen-Nuc","Die Ausführung von SPOTIFYAB.SPOTIFYMUSIC wurde zugelassen, wäre jedoch verhindert worden, wäre die AppLocker-Richtlinie erzwungen worden."
"27.05.2026 13:36:34","8021","Warnung","Microsoft-Windows-AppLocker","SLH-Tresen-Nuc","Die Ausführung von SPOTIFYAB.SPOTIFYMUSIC wurde zugelassen, wäre jedoch verhindert worden, wäre die AppLocker-Richtlinie erzwungen worden."
"27.05.2026 13:36:34","8021","Warnung","Microsoft-Windows-AppLocker","SLH-Tresen-Nuc","Die Ausführung von SPOTIFYAB.SPOTIFYMUSIC wurde zugelassen, wäre jedoch verhindert worden, wäre die AppLocker-Richtlinie erzwungen worden."
"27.05.2026 13:36:34","8021","Warnung","Microsoft-Windows-AppLocker","SLH-Tresen-Nuc","Die Ausführung von SPOTIFYAB.SPOTIFYMUSIC wurde zugelassen, wäre jedoch verhindert worden, wäre die AppLocker-Richtlinie erzwungen worden."
"27.05.2026 13:36:34","8021","Warnung","Microsoft-Windows-AppLocker","SLH-Tresen-Nuc","Die Ausführung von SPOTIFYAB.SPOTIFYMUSIC wurde zugelassen, wäre jedoch verhindert worden, wäre die AppLocker-Richtlinie erzwungen worden."
"27.05.2026 13:36:34","8021","Warnung","Microsoft-Windows-AppLocker","SLH-Tresen-Nuc","Die Ausführung von SPOTIFYAB.SPOTIFYMUSIC wurde zugelassen, wäre jedoch verhindert worden, wäre die AppLocker-Richtlinie erzwungen worden."
"27.05.2026 13:36:34","8021","Warnung","Microsoft-Windows-AppLocker","SLH-Tresen-Nuc","Die Ausführung von SPOTIFYAB.SPOTIFYMUSIC wurde zugelassen, wäre jedoch verhindert worden, wäre die AppLocker-Richtlinie erzwungen worden."
"27.05.2026 13:36:34","8021","Warnung","Microsoft-Windows-AppLocker","SLH-Tresen-Nuc","Die Ausführung von SPOTIFYAB.SPOTIFYMUSIC wurde zugelassen, wäre jedoch verhindert worden, wäre die AppLocker-Richtlinie erzwungen worden."
"27.05.2026 13:36:34","8021","Warnung","Microsoft-Windows-AppLocker","SLH-Tresen-Nuc","Die Ausführung von SPOTIFYAB.SPOTIFYMUSIC wurde zugelassen, wäre jedoch verhindert worden, wäre die AppLocker-Richtlinie erzwungen worden."
"27.05.2026 13:36:34","8021","Warnung","Microsoft-Windows-AppLocker","SLH-Tresen-Nuc","Die Ausführung von SPOTIFYAB.SPOTIFYMUSIC wurde zugelassen, wäre jedoch verhindert worden, wäre die AppLocker-Richtlinie erzwungen worden."
"27.05.2026 13:36:34","8021","Warnung","Microsoft-Windows-AppLocker","SLH-Tresen-Nuc","Die Ausführung von SPOTIFYAB.SPOTIFYMUSIC wurde zugelassen, wäre jedoch verhindert worden, wäre die AppLocker-Richtlinie erzwungen worden."
"27.05.2026 13:36:34","8021","Warnung","Microsoft-Windows-AppLocker","SLH-Tresen-Nuc","Die Ausführung von SPOTIFYAB.SPOTIFYMUSIC wurde zugelassen, wäre jedoch verhindert worden, wäre die AppLocker-Richtlinie erzwungen worden."
"27.05.2026 13:36:34","8021","Warnung","Microsoft-Windows-AppLocker","SLH-Tresen-Nuc","Die Ausführung von SPOTIFYAB.SPOTIFYMUSIC wurde zugelassen, wäre jedoch verhindert worden, wäre die AppLocker-Richtlinie erzwungen worden."
"27.05.2026 13:36:34","8021","Warnung","Microsoft-Windows-AppLocker","SLH-Tresen-Nuc","Die Ausführung von SPOTIFYAB.SPOTIFYMUSIC wurde zugelassen, wäre jedoch verhindert worden, wäre die AppLocker-Richtlinie erzwungen worden."
"27.05.2026 13:36:34","8021","Warnung","Microsoft-Windows-AppLocker","SLH-Tresen-Nuc","Die Ausführung von SPOTIFYAB.SPOTIFYMUSIC wurde zugelassen, wäre jedoch verhindert worden, wäre die AppLocker-Richtlinie erzwungen worden."
"27.05.2026 13:36:33","8021","Warnung","Microsoft-Windows-AppLocker","SLH-Tresen-Nuc","Die Ausführung von SPOTIFYAB.SPOTIFYMUSIC wurde zugelassen, wäre jedoch verhindert worden, wäre die AppLocker-Richtlinie erzwungen worden."
"27.05.2026 13:36:33","8021","Warnung","Microsoft-Windows-AppLocker","SLH-Tresen-Nuc","Die Ausführung von SPOTIFYAB.SPOTIFYMUSIC wurde zugelassen, wäre jedoch verhindert worden, wäre die AppLocker-Richtlinie erzwungen worden."
"27.05.2026 13:36:33","8021","Warnung","Microsoft-Windows-AppLocker","SLH-Tresen-Nuc","Die Ausführung von SPOTIFYAB.SPOTIFYMUSIC wurde zugelassen, wäre jedoch verhindert worden, wäre die AppLocker-Richtlinie erzwungen worden."
"27.05.2026 13:36:33","8021","Warnung","Microsoft-Windows-AppLocker","SLH-Tresen-Nuc","Die Ausführung von SPOTIFYAB.SPOTIFYMUSIC wurde zugelassen, wäre jedoch verhindert worden, wäre die AppLocker-Richtlinie erzwungen worden."
"27.05.2026 13:36:33","8021","Warnung","Microsoft-Windows-AppLocker","SLH-Tresen-Nuc","Die Ausführung von SPOTIFYAB.SPOTIFYMUSIC wurde zugelassen, wäre jedoch verhindert worden, wäre die AppLocker-Richtlinie erzwungen worden."
"27.05.2026 13:36:33","8021","Warnung","Microsoft-Windows-AppLocker","SLH-Tresen-Nuc","Die Ausführung von SPOTIFYAB.SPOTIFYMUSIC wurde zugelassen, wäre jedoch verhindert worden, wäre die AppLocker-Richtlinie erzwungen worden."
"27.05.2026 13:36:33","8021","Warnung","Microsoft-Windows-AppLocker","SLH-Tresen-Nuc","Die Ausführung von SPOTIFYAB.SPOTIFYMUSIC wurde zugelassen, wäre jedoch verhindert worden, wäre die AppLocker-Richtlinie erzwungen worden."
"27.05.2026 13:36:33","8021","Warnung","Microsoft-Windows-AppLocker","SLH-Tresen-Nuc","Die Ausführung von SPOTIFYAB.SPOTIFYMUSIC wurde zugelassen, wäre jedoch verhindert worden, wäre die AppLocker-Richtlinie erzwungen worden."
"27.05.2026 13:36:33","8021","Warnung","Microsoft-Windows-AppLocker","SLH-Tresen-Nuc","Die Ausführung von SPOTIFYAB.SPOTIFYMUSIC wurde zugelassen, wäre jedoch verhindert worden, wäre die AppLocker-Richtlinie erzwungen worden."
"27.05.2026 13:36:33","8021","Warnung","Microsoft-Windows-AppLocker","SLH-Tresen-Nuc","Die Ausführung von SPOTIFYAB.SPOTIFYMUSIC wurde zugelassen, wäre jedoch verhindert worden, wäre die AppLocker-Richtlinie erzwungen worden."
"27.05.2026 13:36:33","8021","Warnung","Microsoft-Windows-AppLocker","SLH-Tresen-Nuc","Die Ausführung von SPOTIFYAB.SPOTIFYMUSIC wurde zugelassen, wäre jedoch verhindert worden, wäre die AppLocker-Richtlinie erzwungen worden."
"27.05.2026 13:36:33","8021","Warnung","Microsoft-Windows-AppLocker","SLH-Tresen-Nuc","Die Ausführung von SPOTIFYAB.SPOTIFYMUSIC wurde zugelassen, wäre jedoch verhindert worden, wäre die AppLocker-Richtlinie erzwungen worden."
"27.05.2026 13:36:33","8021","Warnung","Microsoft-Windows-AppLocker","SLH-Tresen-Nuc","Die Ausführung von SPOTIFYAB.SPOTIFYMUSIC wurde zugelassen, wäre jedoch verhindert worden, wäre die AppLocker-Richtlinie erzwungen worden."
"27.05.2026 13:36:33","8021","Warnung","Microsoft-Windows-AppLocker","SLH-Tresen-Nuc","Die Ausführung von SPOTIFYAB.SPOTIFYMUSIC wurde zugelassen, wäre jedoch verhindert worden, wäre die AppLocker-Richtlinie erzwungen worden."
"27.05.2026 13:36:33","8021","Warnung","Microsoft-Windows-AppLocker","SLH-Tresen-Nuc","Die Ausführung von SPOTIFYAB.SPOTIFYMUSIC wurde zugelassen, wäre jedoch verhindert worden, wäre die AppLocker-Richtlinie erzwungen worden."
"27.05.2026 13:36:33","8021","Warnung","Microsoft-Windows-AppLocker","SLH-Tresen-Nuc","Die Ausführung von SPOTIFYAB.SPOTIFYMUSIC wurde zugelassen, wäre jedoch verhindert worden, wäre die AppLocker-Richtlinie erzwungen worden."
"27.05.2026 13:36:33","8021","Warnung","Microsoft-Windows-AppLocker","SLH-Tresen-Nuc","Die Ausführung von SPOTIFYAB.SPOTIFYMUSIC wurde zugelassen, wäre jedoch verhindert worden, wäre die AppLocker-Richtlinie erzwungen worden."
"27.05.2026 13:36:32","8021","Warnung","Microsoft-Windows-AppLocker","SLH-Tresen-Nuc","Die Ausführung von SPOTIFYAB.SPOTIFYMUSIC wurde zugelassen, wäre jedoch verhindert worden, wäre die AppLocker-Richtlinie erzwungen worden."
"27.05.2026 13:36:32","8021","Warnung","Microsoft-Windows-AppLocker","SLH-Tresen-Nuc","Die Ausführung von SPOTIFYAB.SPOTIFYMUSIC wurde zugelassen, wäre jedoch verhindert worden, wäre die AppLocker-Richtlinie erzwungen worden."
"27.05.2026 13:36:32","8021","Warnung","Microsoft-Windows-AppLocker","SLH-Tresen-Nuc","Die Ausführung von SPOTIFYAB.SPOTIFYMUSIC wurde zugelassen, wäre jedoch verhindert worden, wäre die AppLocker-Richtlinie erzwungen worden."
"27.05.2026 13:36:32","8021","Warnung","Microsoft-Windows-AppLocker","SLH-Tresen-Nuc","Die Ausführung von SPOTIFYAB.SPOTIFYMUSIC wurde zugelassen, wäre jedoch verhindert worden, wäre die AppLocker-Richtlinie erzwungen worden."
"27.05.2026 13:36:32","8021","Warnung","Microsoft-Windows-AppLocker","SLH-Tresen-Nuc","Die Ausführung von SPOTIFYAB.SPOTIFYMUSIC wurde zugelassen, wäre jedoch verhindert worden, wäre die AppLocker-Richtlinie erzwungen worden."
"27.05.2026 13:36:32","8021","Warnung","Microsoft-Windows-AppLocker","SLH-Tresen-Nuc","Die Ausführung von SPOTIFYAB.SPOTIFYMUSIC wurde zugelassen, wäre jedoch verhindert worden, wäre die AppLocker-Richtlinie erzwungen worden."
"27.05.2026 13:36:32","8021","Warnung","Microsoft-Windows-AppLocker","SLH-Tresen-Nuc","Die Ausführung von SPOTIFYAB.SPOTIFYMUSIC wurde zugelassen, wäre jedoch verhindert worden, wäre die AppLocker-Richtlinie erzwungen worden."
"27.05.2026 13:36:32","8021","Warnung","Microsoft-Windows-AppLocker","SLH-Tresen-Nuc","Die Ausführung von SPOTIFYAB.SPOTIFYMUSIC wurde zugelassen, wäre jedoch verhindert worden, wäre die AppLocker-Richtlinie erzwungen worden."
"27.05.2026 13:36:32","8021","Warnung","Microsoft-Windows-AppLocker","SLH-Tresen-Nuc","Die Ausführung von SPOTIFYAB.SPOTIFYMUSIC wurde zugelassen, wäre jedoch verhindert worden, wäre die AppLocker-Richtlinie erzwungen worden."
"27.05.2026 13:36:31","8021","Warnung","Microsoft-Windows-AppLocker","SLH-Tresen-Nuc","Die Ausführung von MICROSOFT.AAD.BROKERPLUGIN wurde zugelassen, wäre jedoch verhindert worden, wäre die AppLocker-Richtlinie erzwungen worden."
"27.05.2026 13:36:30","8021","Warnung","Microsoft-Windows-AppLocker","SLH-Tresen-Nuc","Die Ausführung von MICROSOFT.AAD.BROKERPLUGIN wurde zugelassen, wäre jedoch verhindert worden, wäre die AppLocker-Richtlinie erzwungen worden."
"27.05.2026 13:36:30","8021","Warnung","Microsoft-Windows-AppLocker","SLH-Tresen-Nuc","Die Ausführung von MICROSOFTWINDOWS.CLIENT.CBS wurde zugelassen, wäre jedoch verhindert worden, wäre die AppLocker-Richtlinie erzwungen worden."
"27.05.2026 13:36:29","8021","Warnung","Microsoft-Windows-AppLocker","SLH-Tresen-Nuc","Die Ausführung von MICROSOFT.YOURPHONE wurde zugelassen, wäre jedoch verhindert worden, wäre die AppLocker-Richtlinie erzwungen worden."
"27.05.2026 13:36:28","8021","Warnung","Microsoft-Windows-AppLocker","SLH-Tresen-Nuc","Die Ausführung von MICROSOFT.AAD.BROKERPLUGIN wurde zugelassen, wäre jedoch verhindert worden, wäre die AppLocker-Richtlinie erzwungen worden."
"27.05.2026 13:36:28","8021","Warnung","Microsoft-Windows-AppLocker","SLH-Tresen-Nuc","Die Ausführung von MICROSOFTWINDOWS.CROSSDEVICE wurde zugelassen, wäre jedoch verhindert worden, wäre die AppLocker-Richtlinie erzwungen worden."
"27.05.2026 13:36:27","8021","Warnung","Microsoft-Windows-AppLocker","SLH-Tresen-Nuc","Die Ausführung von MICROSOFT.STARTEXPERIENCESAPP wurde zugelassen, wäre jedoch verhindert worden, wäre die AppLocker-Richtlinie erzwungen worden."
"27.05.2026 13:36:25","8021","Warnung","Microsoft-Windows-AppLocker","SLH-Tresen-Nuc","Die Ausführung von MICROSOFT.AAD.BROKERPLUGIN wurde zugelassen, wäre jedoch verhindert worden, wäre die AppLocker-Richtlinie erzwungen worden."
"27.05.2026 13:36:25","8021","Warnung","Microsoft-Windows-AppLocker","SLH-Tresen-Nuc","Die Ausführung von MICROSOFT.AAD.BROKERPLUGIN wurde zugelassen, wäre jedoch verhindert worden, wäre die AppLocker-Richtlinie erzwungen worden."
"27.05.2026 13:36:24","8021","Warnung","Microsoft-Windows-AppLocker","SLH-Tresen-Nuc","Die Ausführung von MICROSOFTWINDOWS.CLIENT.CBS wurde zugelassen, wäre jedoch verhindert worden, wäre die AppLocker-Richtlinie erzwungen worden."
"27.05.2026 13:36:24","8021","Warnung","Microsoft-Windows-AppLocker","SLH-Tresen-Nuc","Die Ausführung von MICROSOFTWINDOWS.CLIENT.CBS wurde zugelassen, wäre jedoch verhindert worden, wäre die AppLocker-Richtlinie erzwungen worden."
"27.05.2026 13:36:24","8021","Warnung","Microsoft-Windows-AppLocker","SLH-Tresen-Nuc","Die Ausführung von MICROSOFTWINDOWS.CLIENT.CBS wurde zugelassen, wäre jedoch verhindert worden, wäre die AppLocker-Richtlinie erzwungen worden."
"27.05.2026 13:36:24","8021","Warnung","Microsoft-Windows-AppLocker","SLH-Tresen-Nuc","Die Ausführung von MICROSOFTWINDOWS.CLIENT.CBS wurde zugelassen, wäre jedoch verhindert worden, wäre die AppLocker-Richtlinie erzwungen worden."
"27.05.2026 13:36:23","8021","Warnung","Microsoft-Windows-AppLocker","SLH-Tresen-Nuc","Die Ausführung von MICROSOFT.WINDOWSSTORE wurde zugelassen, wäre jedoch verhindert worden, wäre die AppLocker-Richtlinie erzwungen worden."
"27.05.2026 13:36:23","8021","Warnung","Microsoft-Windows-AppLocker","SLH-Tresen-Nuc","Die Ausführung von SPOTIFYAB.SPOTIFYMUSIC wurde zugelassen, wäre jedoch verhindert worden, wäre die AppLocker-Richtlinie erzwungen worden."
"27.05.2026 13:36:23","8021","Warnung","Microsoft-Windows-AppLocker","SLH-Tresen-Nuc","Die Ausführung von MICROSOFTWINDOWS.CLIENT.CBS wurde zugelassen, wäre jedoch verhindert worden, wäre die AppLocker-Richtlinie erzwungen worden."
"27.05.2026 13:36:23","8021","Warnung","Microsoft-Windows-AppLocker","SLH-Tresen-Nuc","Die Ausführung von MICROSOFT.YOURPHONE wurde zugelassen, wäre jedoch verhindert worden, wäre die AppLocker-Richtlinie erzwungen worden."
"27.05.2026 13:36:23","8021","Warnung","Microsoft-Windows-AppLocker","SLH-Tresen-Nuc","Die Ausführung von MICROSOFTWINDOWS.CLIENT.CBS wurde zugelassen, wäre jedoch verhindert worden, wäre die AppLocker-Richtlinie erzwungen worden."
"27.05.2026 13:36:23","8021","Warnung","Microsoft-Windows-AppLocker","SLH-Tresen-Nuc","Die Ausführung von MICROSOFT.WIDGETSPLATFORMRUNTIME wurde zugelassen, wäre jedoch verhindert worden, wäre die AppLocker-Richtlinie erzwungen worden."
"27.05.2026 13:36:22","8021","Warnung","Microsoft-Windows-AppLocker","SLH-Tresen-Nuc","Die Ausführung von MICROSOFTWINDOWS.CLIENT.CBS wurde zugelassen, wäre jedoch verhindert worden, wäre die AppLocker-Richtlinie erzwungen worden."
"27.05.2026 13:36:21","8021","Warnung","Microsoft-Windows-AppLocker","SLH-Tresen-Nuc","Die Ausführung von MICROSOFTWINDOWS.CLIENT.WEBEXPERIENCE wurde zugelassen, wäre jedoch verhindert worden, wäre die AppLocker-Richtlinie erzwungen worden."
"27.05.2026 13:36:20","8021","Warnung","Microsoft-Windows-AppLocker","SLH-Tresen-Nuc","Die Ausführung von MICROSOFTWINDOWS.CLIENT.CBS wurde zugelassen, wäre jedoch verhindert worden, wäre die AppLocker-Richtlinie erzwungen worden."
"27.05.2026 13:36:20","8021","Warnung","Microsoft-Windows-AppLocker","SLH-Tresen-Nuc","Die Ausführung von MICROSOFT.WINDOWS.STARTMENUEXPERIENCEHOST wurde zugelassen, wäre jedoch verhindert worden, wäre die AppLocker-Richtlinie erzwungen worden."
"27.05.2026 13:36:20","8021","Warnung","Microsoft-Windows-AppLocker","SLH-Tresen-Nuc","Die Ausführung von MICROSOFTWINDOWS.CLIENT.CBS wurde zugelassen, wäre jedoch verhindert worden, wäre die AppLocker-Richtlinie erzwungen worden."
"27.05.2026 13:36:19","8021","Warnung","Microsoft-Windows-AppLocker","SLH-Tresen-Nuc","Die Ausführung von MICROSOFTWINDOWS.CROSSDEVICE wurde zugelassen, wäre jedoch verhindert worden, wäre die AppLocker-Richtlinie erzwungen worden."
"27.05.2026 13:36:18","8021","Warnung","Microsoft-Windows-AppLocker","SLH-Tresen-Nuc","Die Ausführung von MICROSOFTWINDOWS.CLIENT.CBS wurde zugelassen, wäre jedoch verhindert worden, wäre die AppLocker-Richtlinie erzwungen worden."
"27.05.2026 13:36:17","8021","Warnung","Microsoft-Windows-AppLocker","SLH-Tresen-Nuc","Die Ausführung von MICROSOFT.OFFICEPUSHNOTIFICATIONUTILITY wurde zugelassen, wäre jedoch verhindert worden, wäre die AppLocker-Richtlinie erzwungen worden."
"27.05.2026 13:35:48","8021","Warnung","Microsoft-Windows-AppLocker","SLH-Tresen-Nuc","Die Ausführung von APPUP.INTELARCSOFTWARE wurde zugelassen, wäre jedoch verhindert worden, wäre die AppLocker-Richtlinie erzwungen worden."
"27.05.2026 13:35:47","8021","Warnung","Microsoft-Windows-AppLocker","SLH-Tresen-Nuc","Die Ausführung von APPUP.INTELARCSOFTWARE wurde zugelassen, wäre jedoch verhindert worden, wäre die AppLocker-Richtlinie erzwungen worden."
"26.05.2026 21:50:37","8021","Warnung","Microsoft-Windows-AppLocker","SLH-Tresen-Nuc","Die Ausführung von MICROSOFT.AAD.BROKERPLUGIN wurde zugelassen, wäre jedoch verhindert worden, wäre die AppLocker-Richtlinie erzwungen worden."
"26.05.2026 21:50:34","8021","Warnung","Microsoft-Windows-AppLocker","SLH-Tresen-Nuc","Die Ausführung von MICROSOFT.AAD.BROKERPLUGIN wurde zugelassen, wäre jedoch verhindert worden, wäre die AppLocker-Richtlinie erzwungen worden."
"26.05.2026 21:50:33","8021","Warnung","Microsoft-Windows-AppLocker","SLH-Tresen-Nuc","Die Ausführung von MICROSOFT.AAD.BROKERPLUGIN wurde zugelassen, wäre jedoch verhindert worden, wäre die AppLocker-Richtlinie erzwungen worden."
"26.05.2026 21:50:27","8021","Warnung","Microsoft-Windows-AppLocker","SLH-Tresen-Nuc","Die Ausführung von MICROSOFT.MICROSOFTEDGE.STABLE wurde zugelassen, wäre jedoch verhindert worden, wäre die AppLocker-Richtlinie erzwungen worden."
"26.05.2026 21:50:26","8021","Warnung","Microsoft-Windows-AppLocker","SLH-Tresen-Nuc","Die Ausführung von MICROSOFT.AAD.BROKERPLUGIN wurde zugelassen, wäre jedoch verhindert worden, wäre die AppLocker-Richtlinie erzwungen worden."
"26.05.2026 21:50:26","8021","Warnung","Microsoft-Windows-AppLocker","SLH-Tresen-Nuc","Die Ausführung von MICROSOFT.AAD.BROKERPLUGIN wurde zugelassen, wäre jedoch verhindert worden, wäre die AppLocker-Richtlinie erzwungen worden."
"26.05.2026 21:41:53","8021","Warnung","Microsoft-Windows-AppLocker","SLH-Tresen-Nuc","Die Ausführung von MICROSOFTWINDOWS.CLIENT.CBS wurde zugelassen, wäre jedoch verhindert worden, wäre die AppLocker-Richtlinie erzwungen worden."
"26.05.2026 21:28:53","8021","Warnung","Microsoft-Windows-AppLocker","SLH-Tresen-Nuc","Die Ausführung von MICROSOFT.AAD.BROKERPLUGIN wurde zugelassen, wäre jedoch verhindert worden, wäre die AppLocker-Richtlinie erzwungen worden."
"26.05.2026 21:28:53","8021","Warnung","Microsoft-Windows-AppLocker","SLH-Tresen-Nuc","Die Ausführung von MICROSOFT.AAD.BROKERPLUGIN wurde zugelassen, wäre jedoch verhindert worden, wäre die AppLocker-Richtlinie erzwungen worden."
"26.05.2026 21:28:53","8021","Warnung","Microsoft-Windows-AppLocker","SLH-Tresen-Nuc","Die Ausführung von MICROSOFTWINDOWS.CLIENT.CBS wurde zugelassen, wäre jedoch verhindert worden, wäre die AppLocker-Richtlinie erzwungen worden."
"26.05.2026 21:28:52","8021","Warnung","Microsoft-Windows-AppLocker","SLH-Tresen-Nuc","Die Ausführung von MICROSOFT.WINDOWSSTORE wurde zugelassen, wäre jedoch verhindert worden, wäre die AppLocker-Richtlinie erzwungen worden."
"26.05.2026 21:28:52","8021","Warnung","Microsoft-Windows-AppLocker","SLH-Tresen-Nuc","Die Ausführung von MICROSOFT.WINDOWSSTORE wurde zugelassen, wäre jedoch verhindert worden, wäre die AppLocker-Richtlinie erzwungen worden."
"26.05.2026 21:26:52","8021","Warnung","Microsoft-Windows-AppLocker","SLH-Tresen-Nuc","Die Ausführung von MICROSOFTWINDOWS.CLIENT.CBS wurde zugelassen, wäre jedoch verhindert worden, wäre die AppLocker-Richtlinie erzwungen worden."
"26.05.2026 21:26:43","8021","Warnung","Microsoft-Windows-AppLocker","SLH-Tresen-Nuc","Die Ausführung von MICROSOFT.AAD.BROKERPLUGIN wurde zugelassen, wäre jedoch verhindert worden, wäre die AppLocker-Richtlinie erzwungen worden."
"26.05.2026 21:26:42","8021","Warnung","Microsoft-Windows-AppLocker","SLH-Tresen-Nuc","Die Ausführung von MICROSOFT.AAD.BROKERPLUGIN wurde zugelassen, wäre jedoch verhindert worden, wäre die AppLocker-Richtlinie erzwungen worden."
"26.05.2026 21:11:52","8021","Warnung","Microsoft-Windows-AppLocker","SLH-Tresen-Nuc","Die Ausführung von MICROSOFTWINDOWS.CLIENT.CBS wurde zugelassen, wäre jedoch verhindert worden, wäre die AppLocker-Richtlinie erzwungen worden."
"26.05.2026 21:11:22","8021","Warnung","Microsoft-Windows-AppLocker","SLH-Tresen-Nuc","Die Ausführung von MICROSOFT.AAD.BROKERPLUGIN wurde zugelassen, wäre jedoch verhindert worden, wäre die AppLocker-Richtlinie erzwungen worden."
"26.05.2026 21:11:22","8021","Warnung","Microsoft-Windows-AppLocker","SLH-Tresen-Nuc","Die Ausführung von MICROSOFT.AAD.BROKERPLUGIN wurde zugelassen, wäre jedoch verhindert worden, wäre die AppLocker-Richtlinie erzwungen worden."
"26.05.2026 21:05:52","8021","Warnung","Microsoft-Windows-AppLocker","SLH-Tresen-Nuc","Die Ausführung von MICROSOFT.STOREPURCHASEAPP wurde zugelassen, wäre jedoch verhindert worden, wäre die AppLocker-Richtlinie erzwungen worden."
"26.05.2026 21:05:52","8021","Warnung","Microsoft-Windows-AppLocker","SLH-Tresen-Nuc","Die Ausführung von MICROSOFT.STOREPURCHASEAPP wurde zugelassen, wäre jedoch verhindert worden, wäre die AppLocker-Richtlinie erzwungen worden."
"26.05.2026 20:56:52","8021","Warnung","Microsoft-Windows-AppLocker","SLH-Tresen-Nuc","Die Ausführung von MICROSOFTWINDOWS.CLIENT.CBS wurde zugelassen, wäre jedoch verhindert worden, wäre die AppLocker-Richtlinie erzwungen worden."
"26.05.2026 20:40:53","8021","Warnung","Microsoft-Windows-AppLocker","SLH-Tresen-Nuc","Die Ausführung von MICROSOFTWINDOWS.CLIENT.CBS wurde zugelassen, wäre jedoch verhindert worden, wäre die AppLocker-Richtlinie erzwungen worden."
"26.05.2026 20:35:22","8021","Warnung","Microsoft-Windows-AppLocker","SLH-Tresen-Nuc","Die Ausführung von MICROSOFT.AAD.BROKERPLUGIN wurde zugelassen, wäre jedoch verhindert worden, wäre die AppLocker-Richtlinie erzwungen worden."
"26.05.2026 20:35:22","8021","Warnung","Microsoft-Windows-AppLocker","SLH-Tresen-Nuc","Die Ausführung von MICROSOFT.AAD.BROKERPLUGIN wurde zugelassen, wäre jedoch verhindert worden, wäre die AppLocker-Richtlinie erzwungen worden."
"26.05.2026 20:34:01","8021","Warnung","Microsoft-Windows-AppLocker","SLH-Tresen-Nuc","Die Ausführung von MICROSOFT.AAD.BROKERPLUGIN wurde zugelassen, wäre jedoch verhindert worden, wäre die AppLocker-Richtlinie erzwungen worden."
"26.05.2026 20:34:01","8021","Warnung","Microsoft-Windows-AppLocker","SLH-Tresen-Nuc","Die Ausführung von MICROSOFT.AAD.BROKERPLUGIN wurde zugelassen, wäre jedoch verhindert worden, wäre die AppLocker-Richtlinie erzwungen worden."
"26.05.2026 20:28:52","8021","Warnung","Microsoft-Windows-AppLocker","SLH-Tresen-Nuc","Die Ausführung von MICROSOFT.WINDOWSSTORE wurde zugelassen, wäre jedoch verhindert worden, wäre die AppLocker-Richtlinie erzwungen worden."
"26.05.2026 20:25:53","8021","Warnung","Microsoft-Windows-AppLocker","SLH-Tresen-Nuc","Die Ausführung von MICROSOFT.AAD.BROKERPLUGIN wurde zugelassen, wäre jedoch verhindert worden, wäre die AppLocker-Richtlinie erzwungen worden."
"26.05.2026 20:25:52","8021","Warnung","Microsoft-Windows-AppLocker","SLH-Tresen-Nuc","Die Ausführung von MICROSOFT.AAD.BROKERPLUGIN wurde zugelassen, wäre jedoch verhindert worden, wäre die AppLocker-Richtlinie erzwungen worden."
"26.05.2026 20:25:52","8021","Warnung","Microsoft-Windows-AppLocker","SLH-Tresen-Nuc","Die Ausführung von MICROSOFTWINDOWS.CLIENT.CBS wurde zugelassen, wäre jedoch verhindert worden, wäre die AppLocker-Richtlinie erzwungen worden."
"26.05.2026 20:10:52","8021","Warnung","Microsoft-Windows-AppLocker","SLH-Tresen-Nuc","Die Ausführung von MICROSOFTWINDOWS.CLIENT.CBS wurde zugelassen, wäre jedoch verhindert worden, wäre die AppLocker-Richtlinie erzwungen worden."
"26.05.2026 19:55:52","8021","Warnung","Microsoft-Windows-AppLocker","SLH-Tresen-Nuc","Die Ausführung von MICROSOFTWINDOWS.CLIENT.CBS wurde zugelassen, wäre jedoch verhindert worden, wäre die AppLocker-Richtlinie erzwungen worden."
"26.05.2026 19:40:52","8021","Warnung","Microsoft-Windows-AppLocker","SLH-Tresen-Nuc","Die Ausführung von MICROSOFTWINDOWS.CLIENT.CBS wurde zugelassen, wäre jedoch verhindert worden, wäre die AppLocker-Richtlinie erzwungen worden."
"26.05.2026 19:28:53","8021","Warnung","Microsoft-Windows-AppLocker","SLH-Tresen-Nuc","Die Ausführung von MICROSOFT.WINDOWSSTORE wurde zugelassen, wäre jedoch verhindert worden, wäre die AppLocker-Richtlinie erzwungen worden."
"26.05.2026 19:28:53","8021","Warnung","Microsoft-Windows-AppLocker","SLH-Tresen-Nuc","Die Ausführung von MICROSOFT.WINDOWSSTORE wurde zugelassen, wäre jedoch verhindert worden, wäre die AppLocker-Richtlinie erzwungen worden."
"26.05.2026 19:27:50","8021","Warnung","Microsoft-Windows-AppLocker","SLH-Tresen-Nuc","Die Ausführung von MICROSOFT.AAD.BROKERPLUGIN wurde zugelassen, wäre jedoch verhindert worden, wäre die AppLocker-Richtlinie erzwungen worden."
"26.05.2026 19:27:49","8021","Warnung","Microsoft-Windows-AppLocker","SLH-Tresen-Nuc","Die Ausführung von MICROSOFT.AAD.BROKERPLUGIN wurde zugelassen, wäre jedoch verhindert worden, wäre die AppLocker-Richtlinie erzwungen worden."
"26.05.2026 19:24:53","8021","Warnung","Microsoft-Windows-AppLocker","SLH-Tresen-Nuc","Die Ausführung von MICROSOFTWINDOWS.CLIENT.CBS wurde zugelassen, wäre jedoch verhindert worden, wäre die AppLocker-Richtlinie erzwungen worden."
"26.05.2026 19:12:37","8021","Warnung","Microsoft-Windows-AppLocker","SLH-Tresen-Nuc","Die Ausführung von MICROSOFT.AAD.BROKERPLUGIN wurde zugelassen, wäre jedoch verhindert worden, wäre die AppLocker-Richtlinie erzwungen worden."
"26.05.2026 19:12:36","8021","Warnung","Microsoft-Windows-AppLocker","SLH-Tresen-Nuc","Die Ausführung von MICROSOFT.AAD.BROKERPLUGIN wurde zugelassen, wäre jedoch verhindert worden, wäre die AppLocker-Richtlinie erzwungen worden."
"26.05.2026 19:10:59","8021","Warnung","Microsoft-Windows-AppLocker","SLH-Tresen-Nuc","Die Ausführung von MICROSOFT.AAD.BROKERPLUGIN wurde zugelassen, wäre jedoch verhindert worden, wäre die AppLocker-Richtlinie erzwungen worden."
"26.05.2026 19:10:26","8021","Warnung","Microsoft-Windows-AppLocker","SLH-Tresen-Nuc","Die Ausführung von MICROSOFT.AAD.BROKERPLUGIN wurde zugelassen, wäre jedoch verhindert worden, wäre die AppLocker-Richtlinie erzwungen worden."
"26.05.2026 19:10:24","8021","Warnung","Microsoft-Windows-AppLocker","SLH-Tresen-Nuc","Die Ausführung von MICROSOFT.AAD.BROKERPLUGIN wurde zugelassen, wäre jedoch verhindert worden, wäre die AppLocker-Richtlinie erzwungen worden."
"26.05.2026 19:10:24","8021","Warnung","Microsoft-Windows-AppLocker","SLH-Tresen-Nuc","Die Ausführung von MICROSOFT.AAD.BROKERPLUGIN wurde zugelassen, wäre jedoch verhindert worden, wäre die AppLocker-Richtlinie erzwungen worden."
"26.05.2026 19:09:53","8021","Warnung","Microsoft-Windows-AppLocker","SLH-Tresen-Nuc","Die Ausführung von MICROSOFTWINDOWS.CLIENT.CBS wurde zugelassen, wäre jedoch verhindert worden, wäre die AppLocker-Richtlinie erzwungen worden."
"26.05.2026 19:06:26","8021","Warnung","Microsoft-Windows-AppLocker","SLH-Tresen-Nuc","Die Ausführung von MICROSOFT.STOREPURCHASEAPP wurde zugelassen, wäre jedoch verhindert worden, wäre die AppLocker-Richtlinie erzwungen worden."
"26.05.2026 19:06:25","8021","Warnung","Microsoft-Windows-AppLocker","SLH-Tresen-Nuc","Die Ausführung von MICROSOFT.STOREPURCHASEAPP wurde zugelassen, wäre jedoch verhindert worden, wäre die AppLocker-Richtlinie erzwungen worden."
"26.05.2026 19:03:01","8021","Warnung","Microsoft-Windows-AppLocker","SLH-Tresen-Nuc","Die Ausführung von MICROSOFT.AAD.BROKERPLUGIN wurde zugelassen, wäre jedoch verhindert worden, wäre die AppLocker-Richtlinie erzwungen worden."
"26.05.2026 19:03:01","8021","Warnung","Microsoft-Windows-AppLocker","SLH-Tresen-Nuc","Die Ausführung von MICROSOFT.AAD.BROKERPLUGIN wurde zugelassen, wäre jedoch verhindert worden, wäre die AppLocker-Richtlinie erzwungen worden."
"26.05.2026 18:54:53","8021","Warnung","Microsoft-Windows-AppLocker","SLH-Tresen-Nuc","Die Ausführung von MICROSOFTWINDOWS.CLIENT.CBS wurde zugelassen, wäre jedoch verhindert worden, wäre die AppLocker-Richtlinie erzwungen worden."
"26.05.2026 18:48:34","8021","Warnung","Microsoft-Windows-AppLocker","SLH-Tresen-Nuc","Die Ausführung von MICROSOFT.AAD.BROKERPLUGIN wurde zugelassen, wäre jedoch verhindert worden, wäre die AppLocker-Richtlinie erzwungen worden."
"26.05.2026 18:48:34","8021","Warnung","Microsoft-Windows-AppLocker","SLH-Tresen-Nuc","Die Ausführung von MICROSOFT.AAD.BROKERPLUGIN wurde zugelassen, wäre jedoch verhindert worden, wäre die AppLocker-Richtlinie erzwungen worden."
"26.05.2026 18:46:53","8021","Warnung","Microsoft-Windows-AppLocker","SLH-Tresen-Nuc","Die Ausführung von MICROSOFT.AAD.BROKERPLUGIN wurde zugelassen, wäre jedoch verhindert worden, wäre die AppLocker-Richtlinie erzwungen worden."
"26.05.2026 18:46:53","8021","Warnung","Microsoft-Windows-AppLocker","SLH-Tresen-Nuc","Die Ausführung von MICROSOFT.AAD.BROKERPLUGIN wurde zugelassen, wäre jedoch verhindert worden, wäre die AppLocker-Richtlinie erzwungen worden."
"26.05.2026 18:39:52","8021","Warnung","Microsoft-Windows-AppLocker","SLH-Tresen-Nuc","Die Ausführung von MICROSOFTWINDOWS.CLIENT.CBS wurde zugelassen, wäre jedoch verhindert worden, wäre die AppLocker-Richtlinie erzwungen worden."
"26.05.2026 18:31:57","8021","Warnung","Microsoft-Windows-AppLocker","SLH-Tresen-Nuc","Die Ausführung von MICROSOFT.MICROSOFTEDGE.STABLE wurde zugelassen, wäre jedoch verhindert worden, wäre die AppLocker-Richtlinie erzwungen worden."
"26.05.2026 18:31:55","8021","Warnung","Microsoft-Windows-AppLocker","SLH-Tresen-Nuc","Die Ausführung von MICROSOFT.AAD.BROKERPLUGIN wurde zugelassen, wäre jedoch verhindert worden, wäre die AppLocker-Richtlinie erzwungen worden."
"26.05.2026 18:31:55","8021","Warnung","Microsoft-Windows-AppLocker","SLH-Tresen-Nuc","Die Ausführung von MICROSOFT.AAD.BROKERPLUGIN wurde zugelassen, wäre jedoch verhindert worden, wäre die AppLocker-Richtlinie erzwungen worden."
"26.05.2026 18:28:52","8021","Warnung","Microsoft-Windows-AppLocker","SLH-Tresen-Nuc","Die Ausführung von MICROSOFT.WINDOWSSTORE wurde zugelassen, wäre jedoch verhindert worden, wäre die AppLocker-Richtlinie erzwungen worden."
"26.05.2026 18:24:52","8021","Warnung","Microsoft-Windows-AppLocker","SLH-Tresen-Nuc","Die Ausführung von MICROSOFTWINDOWS.CLIENT.CBS wurde zugelassen, wäre jedoch verhindert worden, wäre die AppLocker-Richtlinie erzwungen worden."
"26.05.2026 18:12:52","8021","Warnung","Microsoft-Windows-AppLocker","SLH-Tresen-Nuc","Die Ausführung von MICROSOFT.AAD.BROKERPLUGIN wurde zugelassen, wäre jedoch verhindert worden, wäre die AppLocker-Richtlinie erzwungen worden."
"26.05.2026 18:12:52","8021","Warnung","Microsoft-Windows-AppLocker","SLH-Tresen-Nuc","Die Ausführung von MICROSOFT.AAD.BROKERPLUGIN wurde zugelassen, wäre jedoch verhindert worden, wäre die AppLocker-Richtlinie erzwungen worden."
"26.05.2026 18:09:52","8021","Warnung","Microsoft-Windows-AppLocker","SLH-Tresen-Nuc","Die Ausführung von MICROSOFTWINDOWS.CLIENT.CBS wurde zugelassen, wäre jedoch verhindert worden, wäre die AppLocker-Richtlinie erzwungen worden."
"26.05.2026 18:06:56","8021","Warnung","Microsoft-Windows-AppLocker","SLH-Tresen-Nuc","Die Ausführung von MICROSOFT.AAD.BROKERPLUGIN wurde zugelassen, wäre jedoch verhindert worden, wäre die AppLocker-Richtlinie erzwungen worden."
"26.05.2026 18:06:56","8021","Warnung","Microsoft-Windows-AppLocker","SLH-Tresen-Nuc","Die Ausführung von MICROSOFT.AAD.BROKERPLUGIN wurde zugelassen, wäre jedoch verhindert worden, wäre die AppLocker-Richtlinie erzwungen worden."
"26.05.2026 18:06:55","8021","Warnung","Microsoft-Windows-AppLocker","SLH-Tresen-Nuc","Die Ausführung von MICROSOFT.WINDOWS.CONTENTDELIVERYMANAGER wurde zugelassen, wäre jedoch verhindert worden, wäre die AppLocker-Richtlinie erzwungen worden."
"26.05.2026 18:06:55","8021","Warnung","Microsoft-Windows-AppLocker","SLH-Tresen-Nuc","Die Ausführung von MICROSOFTWINDOWS.CLIENT.OOBE wurde zugelassen, wäre jedoch verhindert worden, wäre die AppLocker-Richtlinie erzwungen worden."
"26.05.2026 18:06:55","8021","Warnung","Microsoft-Windows-AppLocker","SLH-Tresen-Nuc","Die Ausführung von MICROSOFTWINDOWS.CLIENT.CBS wurde zugelassen, wäre jedoch verhindert worden, wäre die AppLocker-Richtlinie erzwungen worden."
"26.05.2026 18:06:55","8021","Warnung","Microsoft-Windows-AppLocker","SLH-Tresen-Nuc","Die Ausführung von MICROSOFTWINDOWS.CLIENT.OOBE wurde zugelassen, wäre jedoch verhindert worden, wäre die AppLocker-Richtlinie erzwungen worden."
"26.05.2026 18:06:55","8021","Warnung","Microsoft-Windows-AppLocker","SLH-Tresen-Nuc","Die Ausführung von MICROSOFT.WINDOWS.CONTENTDELIVERYMANAGER wurde zugelassen, wäre jedoch verhindert worden, wäre die AppLocker-Richtlinie erzwungen worden."
"26.05.2026 18:06:55","8021","Warnung","Microsoft-Windows-AppLocker","SLH-Tresen-Nuc","Die Ausführung von MICROSOFTWINDOWS.CLIENT.CBS wurde zugelassen, wäre jedoch verhindert worden, wäre die AppLocker-Richtlinie erzwungen worden."
"26.05.2026 18:06:55","8021","Warnung","Microsoft-Windows-AppLocker","SLH-Tresen-Nuc","Die Ausführung von MICROSOFTWINDOWS.CLIENT.CBS wurde zugelassen, wäre jedoch verhindert worden, wäre die AppLocker-Richtlinie erzwungen worden."
"26.05.2026 17:59:37","8021","Warnung","Microsoft-Windows-AppLocker","SLH-Tresen-Nuc","Die Ausführung von MICROSOFT.AAD.BROKERPLUGIN wurde zugelassen, wäre jedoch verhindert worden, wäre die AppLocker-Richtlinie erzwungen worden."
"26.05.2026 17:59:37","8021","Warnung","Microsoft-Windows-AppLocker","SLH-Tresen-Nuc","Die Ausführung von MICROSOFT.AAD.BROKERPLUGIN wurde zugelassen, wäre jedoch verhindert worden, wäre die AppLocker-Richtlinie erzwungen worden."
"26.05.2026 17:58:52","8021","Warnung","Microsoft-Windows-AppLocker","SLH-Tresen-Nuc","Die Ausführung von MICROSOFT.YOURPHONE wurde zugelassen, wäre jedoch verhindert worden, wäre die AppLocker-Richtlinie erzwungen worden."
"26.05.2026 17:58:52","8021","Warnung","Microsoft-Windows-AppLocker","SLH-Tresen-Nuc","Die Ausführung von MICROSOFT.YOURPHONE wurde zugelassen, wäre jedoch verhindert worden, wäre die AppLocker-Richtlinie erzwungen worden."
"26.05.2026 17:54:52","8021","Warnung","Microsoft-Windows-AppLocker","SLH-Tresen-Nuc","Die Ausführung von MICROSOFTWINDOWS.CLIENT.CBS wurde zugelassen, wäre jedoch verhindert worden, wäre die AppLocker-Richtlinie erzwungen worden."
"26.05.2026 17:53:52","8021","Warnung","Microsoft-Windows-AppLocker","SLH-Tresen-Nuc","Die Ausführung von MICROSOFT.OFFICE.ACTIONSSERVER wurde zugelassen, wäre jedoch verhindert worden, wäre die AppLocker-Richtlinie erzwungen worden."
"26.05.2026 17:52:47","8021","Warnung","Microsoft-Windows-AppLocker","SLH-Tresen-Nuc","Die Ausführung von MICROSOFT.AAD.BROKERPLUGIN wurde zugelassen, wäre jedoch verhindert worden, wäre die AppLocker-Richtlinie erzwungen worden."
"26.05.2026 17:52:38","8021","Warnung","Microsoft-Windows-AppLocker","SLH-Tresen-Nuc","Die Ausführung von MICROSOFT.AAD.BROKERPLUGIN wurde zugelassen, wäre jedoch verhindert worden, wäre die AppLocker-Richtlinie erzwungen worden."
"26.05.2026 17:52:38","8021","Warnung","Microsoft-Windows-AppLocker","SLH-Tresen-Nuc","Die Ausführung von MICROSOFT.AAD.BROKERPLUGIN wurde zugelassen, wäre jedoch verhindert worden, wäre die AppLocker-Richtlinie erzwungen worden."
"26.05.2026 17:49:54","8021","Warnung","Microsoft-Windows-AppLocker","SLH-Tresen-Nuc","Die Ausführung von WINDOWS.IMMERSIVECONTROLPANEL wurde zugelassen, wäre jedoch verhindert worden, wäre die AppLocker-Richtlinie erzwungen worden."
"26.05.2026 17:49:18","8021","Warnung","Microsoft-Windows-AppLocker","SLH-Tresen-Nuc","Die Ausführung von MICROSOFT.AAD.BROKERPLUGIN wurde zugelassen, wäre jedoch verhindert worden, wäre die AppLocker-Richtlinie erzwungen worden."
"26.05.2026 17:49:17","8021","Warnung","Microsoft-Windows-AppLocker","SLH-Tresen-Nuc","Die Ausführung von MICROSOFT.AAD.BROKERPLUGIN wurde zugelassen, wäre jedoch verhindert worden, wäre die AppLocker-Richtlinie erzwungen worden."
"26.05.2026 17:49:17","8021","Warnung","Microsoft-Windows-AppLocker","SLH-Tresen-Nuc","Die Ausführung von MICROSOFT.AAD.BROKERPLUGIN wurde zugelassen, wäre jedoch verhindert worden, wäre die AppLocker-Richtlinie erzwungen worden."
"26.05.2026 17:48:52","8021","Warnung","Microsoft-Windows-AppLocker","SLH-Tresen-Nuc","Die Ausführung von MICROSOFTWINDOWS.CLIENT.CBS wurde zugelassen, wäre jedoch verhindert worden, wäre die AppLocker-Richtlinie erzwungen worden."
"26.05.2026 17:48:52","8021","Warnung","Microsoft-Windows-AppLocker","SLH-Tresen-Nuc","Die Ausführung von MICROSOFT.OFFICE.ACTIONSSERVER wurde zugelassen, wäre jedoch verhindert worden, wäre die AppLocker-Richtlinie erzwungen worden."
"26.05.2026 17:46:08","8021","Warnung","Microsoft-Windows-AppLocker","SLH-Tresen-Nuc","Die Ausführung von MICROSOFT.AAD.BROKERPLUGIN wurde zugelassen, wäre jedoch verhindert worden, wäre die AppLocker-Richtlinie erzwungen worden."
"26.05.2026 17:46:00","8021","Warnung","Microsoft-Windows-AppLocker","SLH-Tresen-Nuc","Die Ausführung von MICROSOFT.AAD.BROKERPLUGIN wurde zugelassen, wäre jedoch verhindert worden, wäre die AppLocker-Richtlinie erzwungen worden."
"26.05.2026 17:45:58","8021","Warnung","Microsoft-Windows-AppLocker","SLH-Tresen-Nuc","Die Ausführung von MICROSOFT.AAD.BROKERPLUGIN wurde zugelassen, wäre jedoch verhindert worden, wäre die AppLocker-Richtlinie erzwungen worden."
"26.05.2026 17:45:58","8021","Warnung","Microsoft-Windows-AppLocker","SLH-Tresen-Nuc","Die Ausführung von MICROSOFT.AAD.BROKERPLUGIN wurde zugelassen, wäre jedoch verhindert worden, wäre die AppLocker-Richtlinie erzwungen worden."
"26.05.2026 17:44:22","8021","Warnung","Microsoft-Windows-AppLocker","SLH-Tresen-Nuc","Die Ausführung von MICROSOFT.ONEDRIVESYNC wurde zugelassen, wäre jedoch verhindert worden, wäre die AppLocker-Richtlinie erzwungen worden."
"26.05.2026 17:43:02","8021","Warnung","Microsoft-Windows-AppLocker","SLH-Tresen-Nuc","Die Ausführung von MICROSOFT.OFFICE.ACTIONSSERVER wurde zugelassen, wäre jedoch verhindert worden, wäre die AppLocker-Richtlinie erzwungen worden."
"26.05.2026 17:43:02","8021","Warnung","Microsoft-Windows-AppLocker","SLH-Tresen-Nuc","Die Ausführung von MICROSOFTWINDOWS.CLIENT.CBS wurde zugelassen, wäre jedoch verhindert worden, wäre die AppLocker-Richtlinie erzwungen worden."
"26.05.2026 17:43:02","8021","Warnung","Microsoft-Windows-AppLocker","SLH-Tresen-Nuc","Die Ausführung von MICROSOFT.OFFICEPUSHNOTIFICATIONUTILITY wurde zugelassen, wäre jedoch verhindert worden, wäre die AppLocker-Richtlinie erzwungen worden."
"26.05.2026 17:42:56","8021","Warnung","Microsoft-Windows-AppLocker","SLH-Tresen-Nuc","Die Ausführung von MICROSOFT.DESKTOPAPPINSTALLER wurde zugelassen, wäre jedoch verhindert worden, wäre die AppLocker-Richtlinie erzwungen worden."
"26.05.2026 17:42:56","8021","Warnung","Microsoft-Windows-AppLocker","SLH-Tresen-Nuc","Die Ausführung von MICROSOFT.WINDOWS.CONTENTDELIVERYMANAGER wurde zugelassen, wäre jedoch verhindert worden, wäre die AppLocker-Richtlinie erzwungen worden."
"26.05.2026 17:42:55","8021","Warnung","Microsoft-Windows-AppLocker","SLH-Tresen-Nuc","Die Ausführung von MICROSOFT.STOREPURCHASEAPP wurde zugelassen, wäre jedoch verhindert worden, wäre die AppLocker-Richtlinie erzwungen worden."
"26.05.2026 17:42:55","8021","Warnung","Microsoft-Windows-AppLocker","SLH-Tresen-Nuc","Die Ausführung von MICROSOFT.YOURPHONE wurde zugelassen, wäre jedoch verhindert worden, wäre die AppLocker-Richtlinie erzwungen worden."
"26.05.2026 17:42:54","8021","Warnung","Microsoft-Windows-AppLocker","SLH-Tresen-Nuc","Die Ausführung von MICROSOFT.STOREPURCHASEAPP wurde zugelassen, wäre jedoch verhindert worden, wäre die AppLocker-Richtlinie erzwungen worden."
"26.05.2026 17:42:54","8021","Warnung","Microsoft-Windows-AppLocker","SLH-Tresen-Nuc","Die Ausführung von MICROSOFTWINDOWS.CLIENT.CBS wurde zugelassen, wäre jedoch verhindert worden, wäre die AppLocker-Richtlinie erzwungen worden."
"26.05.2026 17:42:54","8021","Warnung","Microsoft-Windows-AppLocker","SLH-Tresen-Nuc","Die Ausführung von MICROSOFTWINDOWS.CLIENT.CBS wurde zugelassen, wäre jedoch verhindert worden, wäre die AppLocker-Richtlinie erzwungen worden."
"26.05.2026 17:42:54","8021","Warnung","Microsoft-Windows-AppLocker","SLH-Tresen-Nuc","Die Ausführung von MICROSOFT.WINDOWSSTORE wurde zugelassen, wäre jedoch verhindert worden, wäre die AppLocker-Richtlinie erzwungen worden."
"26.05.2026 17:42:54","8021","Warnung","Microsoft-Windows-AppLocker","SLH-Tresen-Nuc","Die Ausführung von MICROSOFT.WINDOWSSTORE wurde zugelassen, wäre jedoch verhindert worden, wäre die AppLocker-Richtlinie erzwungen worden."
"26.05.2026 17:42:54","8021","Warnung","Microsoft-Windows-AppLocker","SLH-Tresen-Nuc","Die Ausführung von MICROSOFT.YOURPHONE wurde zugelassen, wäre jedoch verhindert worden, wäre die AppLocker-Richtlinie erzwungen worden."
"26.05.2026 17:42:14","8021","Warnung","Microsoft-Windows-AppLocker","SLH-Tresen-Nuc","Die Ausführung von SPOTIFYAB.SPOTIFYMUSIC wurde zugelassen, wäre jedoch verhindert worden, wäre die AppLocker-Richtlinie erzwungen worden."
"26.05.2026 17:41:44","8021","Warnung","Microsoft-Windows-AppLocker","SLH-Tresen-Nuc","Die Ausführung von SPOTIFYAB.SPOTIFYMUSIC wurde zugelassen, wäre jedoch verhindert worden, wäre die AppLocker-Richtlinie erzwungen worden."
"26.05.2026 17:41:44","8021","Warnung","Microsoft-Windows-AppLocker","SLH-Tresen-Nuc","Die Ausführung von SPOTIFYAB.SPOTIFYMUSIC wurde zugelassen, wäre jedoch verhindert worden, wäre die AppLocker-Richtlinie erzwungen worden."
"26.05.2026 17:41:40","8021","Warnung","Microsoft-Windows-AppLocker","SLH-Tresen-Nuc","Die Ausführung von SPOTIFYAB.SPOTIFYMUSIC wurde zugelassen, wäre jedoch verhindert worden, wäre die AppLocker-Richtlinie erzwungen worden."
"26.05.2026 17:41:40","8021","Warnung","Microsoft-Windows-AppLocker","SLH-Tresen-Nuc","Die Ausführung von SPOTIFYAB.SPOTIFYMUSIC wurde zugelassen, wäre jedoch verhindert worden, wäre die AppLocker-Richtlinie erzwungen worden."
"26.05.2026 17:41:40","8021","Warnung","Microsoft-Windows-AppLocker","SLH-Tresen-Nuc","Die Ausführung von SPOTIFYAB.SPOTIFYMUSIC wurde zugelassen, wäre jedoch verhindert worden, wäre die AppLocker-Richtlinie erzwungen worden."
"26.05.2026 17:41:36","8021","Warnung","Microsoft-Windows-AppLocker","SLH-Tresen-Nuc","Die Ausführung von SPOTIFYAB.SPOTIFYMUSIC wurde zugelassen, wäre jedoch verhindert worden, wäre die AppLocker-Richtlinie erzwungen worden."
"26.05.2026 17:41:36","8021","Warnung","Microsoft-Windows-AppLocker","SLH-Tresen-Nuc","Die Ausführung von SPOTIFYAB.SPOTIFYMUSIC wurde zugelassen, wäre jedoch verhindert worden, wäre die AppLocker-Richtlinie erzwungen worden."
"26.05.2026 17:41:35","8021","Warnung","Microsoft-Windows-AppLocker","SLH-Tresen-Nuc","Die Ausführung von SPOTIFYAB.SPOTIFYMUSIC wurde zugelassen, wäre jedoch verhindert worden, wäre die AppLocker-Richtlinie erzwungen worden."
"26.05.2026 17:41:24","8021","Warnung","Microsoft-Windows-AppLocker","SLH-Tresen-Nuc","Die Ausführung von MICROSOFT.AAD.BROKERPLUGIN wurde zugelassen, wäre jedoch verhindert worden, wäre die AppLocker-Richtlinie erzwungen worden."
"26.05.2026 17:41:19","8021","Warnung","Microsoft-Windows-AppLocker","SLH-Tresen-Nuc","Die Ausführung von MICROSOFT.AAD.BROKERPLUGIN wurde zugelassen, wäre jedoch verhindert worden, wäre die AppLocker-Richtlinie erzwungen worden."
"26.05.2026 17:41:18","8021","Warnung","Microsoft-Windows-AppLocker","SLH-Tresen-Nuc","Die Ausführung von MICROSOFT.AAD.BROKERPLUGIN wurde zugelassen, wäre jedoch verhindert worden, wäre die AppLocker-Richtlinie erzwungen worden."
"26.05.2026 17:41:13","8021","Warnung","Microsoft-Windows-AppLocker","SLH-Tresen-Nuc","Die Ausführung von MICROSOFT.AAD.BROKERPLUGIN wurde zugelassen, wäre jedoch verhindert worden, wäre die AppLocker-Richtlinie erzwungen worden."
"26.05.2026 17:41:12","8021","Warnung","Microsoft-Windows-AppLocker","SLH-Tresen-Nuc","Die Ausführung von MICROSOFT.AAD.BROKERPLUGIN wurde zugelassen, wäre jedoch verhindert worden, wäre die AppLocker-Richtlinie erzwungen worden."
"26.05.2026 17:40:57","8021","Warnung","Microsoft-Windows-AppLocker","SLH-Tresen-Nuc","Die Ausführung von MICROSOFTWINDOWS.CLIENT.CBS wurde zugelassen, wäre jedoch verhindert worden, wäre die AppLocker-Richtlinie erzwungen worden."
"26.05.2026 17:40:30","8021","Warnung","Microsoft-Windows-AppLocker","SLH-Tresen-Nuc","Die Ausführung von SPOTIFYAB.SPOTIFYMUSIC wurde zugelassen, wäre jedoch verhindert worden, wäre die AppLocker-Richtlinie erzwungen worden."
"26.05.2026 17:40:26","8021","Warnung","Microsoft-Windows-AppLocker","SLH-Tresen-Nuc","Die Ausführung von SPOTIFYAB.SPOTIFYMUSIC wurde zugelassen, wäre jedoch verhindert worden, wäre die AppLocker-Richtlinie erzwungen worden."
"26.05.2026 17:40:21","8021","Warnung","Microsoft-Windows-AppLocker","SLH-Tresen-Nuc","Die Ausführung von SPOTIFYAB.SPOTIFYMUSIC wurde zugelassen, wäre jedoch verhindert worden, wäre die AppLocker-Richtlinie erzwungen worden."
"26.05.2026 17:40:16","8021","Warnung","Microsoft-Windows-AppLocker","SLH-Tresen-Nuc","Die Ausführung von SPOTIFYAB.SPOTIFYMUSIC wurde zugelassen, wäre jedoch verhindert worden, wäre die AppLocker-Richtlinie erzwungen worden."
"26.05.2026 17:40:14","8021","Warnung","Microsoft-Windows-AppLocker","SLH-Tresen-Nuc","Die Ausführung von SPOTIFYAB.SPOTIFYMUSIC wurde zugelassen, wäre jedoch verhindert worden, wäre die AppLocker-Richtlinie erzwungen worden."
"26.05.2026 17:40:14","8021","Warnung","Microsoft-Windows-AppLocker","SLH-Tresen-Nuc","Die Ausführung von SPOTIFYAB.SPOTIFYMUSIC wurde zugelassen, wäre jedoch verhindert worden, wäre die AppLocker-Richtlinie erzwungen worden."
"26.05.2026 17:40:14","8021","Warnung","Microsoft-Windows-AppLocker","SLH-Tresen-Nuc","Die Ausführung von SPOTIFYAB.SPOTIFYMUSIC wurde zugelassen, wäre jedoch verhindert worden, wäre die AppLocker-Richtlinie erzwungen worden."
"26.05.2026 17:40:14","8021","Warnung","Microsoft-Windows-AppLocker","SLH-Tresen-Nuc","Die Ausführung von MICROSOFT.WINDOWSSTORE wurde zugelassen, wäre jedoch verhindert worden, wäre die AppLocker-Richtlinie erzwungen worden."
"26.05.2026 17:40:14","8021","Warnung","Microsoft-Windows-AppLocker","SLH-Tresen-Nuc","Die Ausführung von SPOTIFYAB.SPOTIFYMUSIC wurde zugelassen, wäre jedoch verhindert worden, wäre die AppLocker-Richtlinie erzwungen worden."
"26.05.2026 17:40:14","8021","Warnung","Microsoft-Windows-AppLocker","SLH-Tresen-Nuc","Die Ausführung von SPOTIFYAB.SPOTIFYMUSIC wurde zugelassen, wäre jedoch verhindert worden, wäre die AppLocker-Richtlinie erzwungen worden."
"26.05.2026 17:40:14","8021","Warnung","Microsoft-Windows-AppLocker","SLH-Tresen-Nuc","Die Ausführung von SPOTIFYAB.SPOTIFYMUSIC wurde zugelassen, wäre jedoch verhindert worden, wäre die AppLocker-Richtlinie erzwungen worden."
"26.05.2026 17:40:13","8021","Warnung","Microsoft-Windows-AppLocker","SLH-Tresen-Nuc","Die Ausführung von SPOTIFYAB.SPOTIFYMUSIC wurde zugelassen, wäre jedoch verhindert worden, wäre die AppLocker-Richtlinie erzwungen worden."
"26.05.2026 17:40:13","8021","Warnung","Microsoft-Windows-AppLocker","SLH-Tresen-Nuc","Die Ausführung von MICROSOFTWINDOWS.CROSSDEVICE wurde zugelassen, wäre jedoch verhindert worden, wäre die AppLocker-Richtlinie erzwungen worden."
"26.05.2026 17:39:47","8021","Warnung","Microsoft-Windows-AppLocker","SLH-Tresen-Nuc","Die Ausführung von MICROSOFT.AAD.BROKERPLUGIN wurde zugelassen, wäre jedoch verhindert worden, wäre die AppLocker-Richtlinie erzwungen worden."
"26.05.2026 17:39:46","8021","Warnung","Microsoft-Windows-AppLocker","SLH-Tresen-Nuc","Die Ausführung von MICROSOFT.AAD.BROKERPLUGIN wurde zugelassen, wäre jedoch verhindert worden, wäre die AppLocker-Richtlinie erzwungen worden."
"26.05.2026 17:39:45","8021","Warnung","Microsoft-Windows-AppLocker","SLH-Tresen-Nuc","Die Ausführung von MICROSOFT.AAD.BROKERPLUGIN wurde zugelassen, wäre jedoch verhindert worden, wäre die AppLocker-Richtlinie erzwungen worden."
"26.05.2026 17:39:44","8021","Warnung","Microsoft-Windows-AppLocker","SLH-Tresen-Nuc","Die Ausführung von MICROSOFT.AAD.BROKERPLUGIN wurde zugelassen, wäre jedoch verhindert worden, wäre die AppLocker-Richtlinie erzwungen worden."
"26.05.2026 17:39:43","8021","Warnung","Microsoft-Windows-AppLocker","SLH-Tresen-Nuc","Die Ausführung von MICROSOFT.AAD.BROKERPLUGIN wurde zugelassen, wäre jedoch verhindert worden, wäre die AppLocker-Richtlinie erzwungen worden."
"26.05.2026 17:39:24","8021","Warnung","Microsoft-Windows-AppLocker","SLH-Tresen-Nuc","Die Ausführung von MICROSOFT.AAD.BROKERPLUGIN wurde zugelassen, wäre jedoch verhindert worden, wäre die AppLocker-Richtlinie erzwungen worden."
"26.05.2026 17:39:23","8021","Warnung","Microsoft-Windows-AppLocker","SLH-Tresen-Nuc","Die Ausführung von MICROSOFT.AAD.BROKERPLUGIN wurde zugelassen, wäre jedoch verhindert worden, wäre die AppLocker-Richtlinie erzwungen worden."
"26.05.2026 17:39:23","8021","Warnung","Microsoft-Windows-AppLocker","SLH-Tresen-Nuc","Die Ausführung von MICROSOFT.AAD.BROKERPLUGIN wurde zugelassen, wäre jedoch verhindert worden, wäre die AppLocker-Richtlinie erzwungen worden."
"26.05.2026 17:39:21","8021","Warnung","Microsoft-Windows-AppLocker","SLH-Tresen-Nuc","Die Ausführung von MICROSOFT.AAD.BROKERPLUGIN wurde zugelassen, wäre jedoch verhindert worden, wäre die AppLocker-Richtlinie erzwungen worden."
"26.05.2026 17:39:20","8021","Warnung","Microsoft-Windows-AppLocker","SLH-Tresen-Nuc","Die Ausführung von MICROSOFT.AAD.BROKERPLUGIN wurde zugelassen, wäre jedoch verhindert worden, wäre die AppLocker-Richtlinie erzwungen worden."
"26.05.2026 17:39:18","8021","Warnung","Microsoft-Windows-AppLocker","SLH-Tresen-Nuc","Die Ausführung von MICROSOFT.AAD.BROKERPLUGIN wurde zugelassen, wäre jedoch verhindert worden, wäre die AppLocker-Richtlinie erzwungen worden."
"26.05.2026 17:39:17","8021","Warnung","Microsoft-Windows-AppLocker","SLH-Tresen-Nuc","Die Ausführung von MICROSOFT.AAD.BROKERPLUGIN wurde zugelassen, wäre jedoch verhindert worden, wäre die AppLocker-Richtlinie erzwungen worden."
"26.05.2026 17:39:16","8021","Warnung","Microsoft-Windows-AppLocker","SLH-Tresen-Nuc","Die Ausführung von MICROSOFT.AAD.BROKERPLUGIN wurde zugelassen, wäre jedoch verhindert worden, wäre die AppLocker-Richtlinie erzwungen worden."
"26.05.2026 17:39:14","8021","Warnung","Microsoft-Windows-AppLocker","SLH-Tresen-Nuc","Die Ausführung von MICROSOFT.AAD.BROKERPLUGIN wurde zugelassen, wäre jedoch verhindert worden, wäre die AppLocker-Richtlinie erzwungen worden."
"26.05.2026 17:39:10","8021","Warnung","Microsoft-Windows-AppLocker","SLH-Tresen-Nuc","Die Ausführung von MICROSOFT.YOURPHONE wurde zugelassen, wäre jedoch verhindert worden, wäre die AppLocker-Richtlinie erzwungen worden."
"26.05.2026 17:39:10","8021","Warnung","Microsoft-Windows-AppLocker","SLH-Tresen-Nuc","Die Ausführung von MICROSOFT.WINDOWSSTORE wurde zugelassen, wäre jedoch verhindert worden, wäre die AppLocker-Richtlinie erzwungen worden."
"26.05.2026 17:39:10","8021","Warnung","Microsoft-Windows-AppLocker","SLH-Tresen-Nuc","Die Ausführung von MICROSOFT.AAD.BROKERPLUGIN wurde zugelassen, wäre jedoch verhindert worden, wäre die AppLocker-Richtlinie erzwungen worden."
"26.05.2026 17:39:09","8021","Warnung","Microsoft-Windows-AppLocker","SLH-Tresen-Nuc","Die Ausführung von SPOTIFYAB.SPOTIFYMUSIC wurde zugelassen, wäre jedoch verhindert worden, wäre die AppLocker-Richtlinie erzwungen worden."
"26.05.2026 17:39:09","8021","Warnung","Microsoft-Windows-AppLocker","SLH-Tresen-Nuc","Die Ausführung von SPOTIFYAB.SPOTIFYMUSIC wurde zugelassen, wäre jedoch verhindert worden, wäre die AppLocker-Richtlinie erzwungen worden."
"26.05.2026 17:39:09","8021","Warnung","Microsoft-Windows-AppLocker","SLH-Tresen-Nuc","Die Ausführung von SPOTIFYAB.SPOTIFYMUSIC wurde zugelassen, wäre jedoch verhindert worden, wäre die AppLocker-Richtlinie erzwungen worden."
"26.05.2026 17:39:09","8021","Warnung","Microsoft-Windows-AppLocker","SLH-Tresen-Nuc","Die Ausführung von SPOTIFYAB.SPOTIFYMUSIC wurde zugelassen, wäre jedoch verhindert worden, wäre die AppLocker-Richtlinie erzwungen worden."
"26.05.2026 17:39:08","8021","Warnung","Microsoft-Windows-AppLocker","SLH-Tresen-Nuc","Die Ausführung von SPOTIFYAB.SPOTIFYMUSIC wurde zugelassen, wäre jedoch verhindert worden, wäre die AppLocker-Richtlinie erzwungen worden."
"26.05.2026 17:39:08","8021","Warnung","Microsoft-Windows-AppLocker","SLH-Tresen-Nuc","Die Ausführung von SPOTIFYAB.SPOTIFYMUSIC wurde zugelassen, wäre jedoch verhindert worden, wäre die AppLocker-Richtlinie erzwungen worden."
"26.05.2026 17:39:08","8021","Warnung","Microsoft-Windows-AppLocker","SLH-Tresen-Nuc","Die Ausführung von SPOTIFYAB.SPOTIFYMUSIC wurde zugelassen, wäre jedoch verhindert worden, wäre die AppLocker-Richtlinie erzwungen worden."
"26.05.2026 17:39:08","8021","Warnung","Microsoft-Windows-AppLocker","SLH-Tresen-Nuc","Die Ausführung von SPOTIFYAB.SPOTIFYMUSIC wurde zugelassen, wäre jedoch verhindert worden, wäre die AppLocker-Richtlinie erzwungen worden."
"26.05.2026 17:39:08","8021","Warnung","Microsoft-Windows-AppLocker","SLH-Tresen-Nuc","Die Ausführung von SPOTIFYAB.SPOTIFYMUSIC wurde zugelassen, wäre jedoch verhindert worden, wäre die AppLocker-Richtlinie erzwungen worden."
"26.05.2026 17:39:08","8021","Warnung","Microsoft-Windows-AppLocker","SLH-Tresen-Nuc","Die Ausführung von SPOTIFYAB.SPOTIFYMUSIC wurde zugelassen, wäre jedoch verhindert worden, wäre die AppLocker-Richtlinie erzwungen worden."
"26.05.2026 17:39:08","8021","Warnung","Microsoft-Windows-AppLocker","SLH-Tresen-Nuc","Die Ausführung von SPOTIFYAB.SPOTIFYMUSIC wurde zugelassen, wäre jedoch verhindert worden, wäre die AppLocker-Richtlinie erzwungen worden."
"26.05.2026 17:39:08","8021","Warnung","Microsoft-Windows-AppLocker","SLH-Tresen-Nuc","Die Ausführung von SPOTIFYAB.SPOTIFYMUSIC wurde zugelassen, wäre jedoch verhindert worden, wäre die AppLocker-Richtlinie erzwungen worden."
"26.05.2026 17:39:08","8021","Warnung","Microsoft-Windows-AppLocker","SLH-Tresen-Nuc","Die Ausführung von SPOTIFYAB.SPOTIFYMUSIC wurde zugelassen, wäre jedoch verhindert worden, wäre die AppLocker-Richtlinie erzwungen worden."
"26.05.2026 17:39:08","8021","Warnung","Microsoft-Windows-AppLocker","SLH-Tresen-Nuc","Die Ausführung von SPOTIFYAB.SPOTIFYMUSIC wurde zugelassen, wäre jedoch verhindert worden, wäre die AppLocker-Richtlinie erzwungen worden."
"26.05.2026 17:39:08","8021","Warnung","Microsoft-Windows-AppLocker","SLH-Tresen-Nuc","Die Ausführung von SPOTIFYAB.SPOTIFYMUSIC wurde zugelassen, wäre jedoch verhindert worden, wäre die AppLocker-Richtlinie erzwungen worden."
"26.05.2026 17:39:08","8021","Warnung","Microsoft-Windows-AppLocker","SLH-Tresen-Nuc","Die Ausführung von SPOTIFYAB.SPOTIFYMUSIC wurde zugelassen, wäre jedoch verhindert worden, wäre die AppLocker-Richtlinie erzwungen worden."
"26.05.2026 17:39:08","8021","Warnung","Microsoft-Windows-AppLocker","SLH-Tresen-Nuc","Die Ausführung von SPOTIFYAB.SPOTIFYMUSIC wurde zugelassen, wäre jedoch verhindert worden, wäre die AppLocker-Richtlinie erzwungen worden."
"26.05.2026 17:39:08","8021","Warnung","Microsoft-Windows-AppLocker","SLH-Tresen-Nuc","Die Ausführung von SPOTIFYAB.SPOTIFYMUSIC wurde zugelassen, wäre jedoch verhindert worden, wäre die AppLocker-Richtlinie erzwungen worden."
"26.05.2026 17:39:08","8021","Warnung","Microsoft-Windows-AppLocker","SLH-Tresen-Nuc","Die Ausführung von SPOTIFYAB.SPOTIFYMUSIC wurde zugelassen, wäre jedoch verhindert worden, wäre die AppLocker-Richtlinie erzwungen worden."
"26.05.2026 17:39:08","8021","Warnung","Microsoft-Windows-AppLocker","SLH-Tresen-Nuc","Die Ausführung von SPOTIFYAB.SPOTIFYMUSIC wurde zugelassen, wäre jedoch verhindert worden, wäre die AppLocker-Richtlinie erzwungen worden."
"26.05.2026 17:39:08","8021","Warnung","Microsoft-Windows-AppLocker","SLH-Tresen-Nuc","Die Ausführung von MICROSOFT.AAD.BROKERPLUGIN wurde zugelassen, wäre jedoch verhindert worden, wäre die AppLocker-Richtlinie erzwungen worden."
"26.05.2026 17:39:08","8021","Warnung","Microsoft-Windows-AppLocker","SLH-Tresen-Nuc","Die Ausführung von SPOTIFYAB.SPOTIFYMUSIC wurde zugelassen, wäre jedoch verhindert worden, wäre die AppLocker-Richtlinie erzwungen worden."
"26.05.2026 17:39:08","8021","Warnung","Microsoft-Windows-AppLocker","SLH-Tresen-Nuc","Die Ausführung von SPOTIFYAB.SPOTIFYMUSIC wurde zugelassen, wäre jedoch verhindert worden, wäre die AppLocker-Richtlinie erzwungen worden."
"26.05.2026 17:39:08","8021","Warnung","Microsoft-Windows-AppLocker","SLH-Tresen-Nuc","Die Ausführung von SPOTIFYAB.SPOTIFYMUSIC wurde zugelassen, wäre jedoch verhindert worden, wäre die AppLocker-Richtlinie erzwungen worden."
"26.05.2026 17:39:08","8021","Warnung","Microsoft-Windows-AppLocker","SLH-Tresen-Nuc","Die Ausführung von SPOTIFYAB.SPOTIFYMUSIC wurde zugelassen, wäre jedoch verhindert worden, wäre die AppLocker-Richtlinie erzwungen worden."
"26.05.2026 17:39:08","8021","Warnung","Microsoft-Windows-AppLocker","SLH-Tresen-Nuc","Die Ausführung von SPOTIFYAB.SPOTIFYMUSIC wurde zugelassen, wäre jedoch verhindert worden, wäre die AppLocker-Richtlinie erzwungen worden."
"26.05.2026 17:39:08","8021","Warnung","Microsoft-Windows-AppLocker","SLH-Tresen-Nuc","Die Ausführung von SPOTIFYAB.SPOTIFYMUSIC wurde zugelassen, wäre jedoch verhindert worden, wäre die AppLocker-Richtlinie erzwungen worden."
"26.05.2026 17:39:08","8021","Warnung","Microsoft-Windows-AppLocker","SLH-Tresen-Nuc","Die Ausführung von SPOTIFYAB.SPOTIFYMUSIC wurde zugelassen, wäre jedoch verhindert worden, wäre die AppLocker-Richtlinie erzwungen worden."
"26.05.2026 17:39:08","8021","Warnung","Microsoft-Windows-AppLocker","SLH-Tresen-Nuc","Die Ausführung von SPOTIFYAB.SPOTIFYMUSIC wurde zugelassen, wäre jedoch verhindert worden, wäre die AppLocker-Richtlinie erzwungen worden."
"26.05.2026 17:39:08","8021","Warnung","Microsoft-Windows-AppLocker","SLH-Tresen-Nuc","Die Ausführung von SPOTIFYAB.SPOTIFYMUSIC wurde zugelassen, wäre jedoch verhindert worden, wäre die AppLocker-Richtlinie erzwungen worden."
"26.05.2026 17:39:08","8021","Warnung","Microsoft-Windows-AppLocker","SLH-Tresen-Nuc","Die Ausführung von SPOTIFYAB.SPOTIFYMUSIC wurde zugelassen, wäre jedoch verhindert worden, wäre die AppLocker-Richtlinie erzwungen worden."
"26.05.2026 17:39:08","8021","Warnung","Microsoft-Windows-AppLocker","SLH-Tresen-Nuc","Die Ausführung von SPOTIFYAB.SPOTIFYMUSIC wurde zugelassen, wäre jedoch verhindert worden, wäre die AppLocker-Richtlinie erzwungen worden."
"26.05.2026 17:39:07","8021","Warnung","Microsoft-Windows-AppLocker","SLH-Tresen-Nuc","Die Ausführung von SPOTIFYAB.SPOTIFYMUSIC wurde zugelassen, wäre jedoch verhindert worden, wäre die AppLocker-Richtlinie erzwungen worden."
"26.05.2026 17:39:07","8021","Warnung","Microsoft-Windows-AppLocker","SLH-Tresen-Nuc","Die Ausführung von SPOTIFYAB.SPOTIFYMUSIC wurde zugelassen, wäre jedoch verhindert worden, wäre die AppLocker-Richtlinie erzwungen worden."
"26.05.2026 17:39:07","8021","Warnung","Microsoft-Windows-AppLocker","SLH-Tresen-Nuc","Die Ausführung von SPOTIFYAB.SPOTIFYMUSIC wurde zugelassen, wäre jedoch verhindert worden, wäre die AppLocker-Richtlinie erzwungen worden."
"26.05.2026 17:39:07","8021","Warnung","Microsoft-Windows-AppLocker","SLH-Tresen-Nuc","Die Ausführung von SPOTIFYAB.SPOTIFYMUSIC wurde zugelassen, wäre jedoch verhindert worden, wäre die AppLocker-Richtlinie erzwungen worden."
"26.05.2026 17:39:07","8021","Warnung","Microsoft-Windows-AppLocker","SLH-Tresen-Nuc","Die Ausführung von SPOTIFYAB.SPOTIFYMUSIC wurde zugelassen, wäre jedoch verhindert worden, wäre die AppLocker-Richtlinie erzwungen worden."
"26.05.2026 17:39:07","8021","Warnung","Microsoft-Windows-AppLocker","SLH-Tresen-Nuc","Die Ausführung von SPOTIFYAB.SPOTIFYMUSIC wurde zugelassen, wäre jedoch verhindert worden, wäre die AppLocker-Richtlinie erzwungen worden."
"26.05.2026 17:39:07","8021","Warnung","Microsoft-Windows-AppLocker","SLH-Tresen-Nuc","Die Ausführung von SPOTIFYAB.SPOTIFYMUSIC wurde zugelassen, wäre jedoch verhindert worden, wäre die AppLocker-Richtlinie erzwungen worden."
"26.05.2026 17:39:07","8021","Warnung","Microsoft-Windows-AppLocker","SLH-Tresen-Nuc","Die Ausführung von SPOTIFYAB.SPOTIFYMUSIC wurde zugelassen, wäre jedoch verhindert worden, wäre die AppLocker-Richtlinie erzwungen worden."
"26.05.2026 17:39:07","8021","Warnung","Microsoft-Windows-AppLocker","SLH-Tresen-Nuc","Die Ausführung von SPOTIFYAB.SPOTIFYMUSIC wurde zugelassen, wäre jedoch verhindert worden, wäre die AppLocker-Richtlinie erzwungen worden."
"26.05.2026 17:39:07","8021","Warnung","Microsoft-Windows-AppLocker","SLH-Tresen-Nuc","Die Ausführung von SPOTIFYAB.SPOTIFYMUSIC wurde zugelassen, wäre jedoch verhindert worden, wäre die AppLocker-Richtlinie erzwungen worden."
"26.05.2026 17:39:07","8021","Warnung","Microsoft-Windows-AppLocker","SLH-Tresen-Nuc","Die Ausführung von MICROSOFT.AAD.BROKERPLUGIN wurde zugelassen, wäre jedoch verhindert worden, wäre die AppLocker-Richtlinie erzwungen worden."
"26.05.2026 17:39:06","8021","Warnung","Microsoft-Windows-AppLocker","SLH-Tresen-Nuc","Die Ausführung von MICROSOFT.YOURPHONE wurde zugelassen, wäre jedoch verhindert worden, wäre die AppLocker-Richtlinie erzwungen worden."
"26.05.2026 17:39:04","8021","Warnung","Microsoft-Windows-AppLocker","SLH-Tresen-Nuc","Die Ausführung von MICROSOFTWINDOWS.CLIENT.CBS wurde zugelassen, wäre jedoch verhindert worden, wäre die AppLocker-Richtlinie erzwungen worden."
"26.05.2026 17:39:04","8021","Warnung","Microsoft-Windows-AppLocker","SLH-Tresen-Nuc","Die Ausführung von MICROSOFT.AAD.BROKERPLUGIN wurde zugelassen, wäre jedoch verhindert worden, wäre die AppLocker-Richtlinie erzwungen worden."
"26.05.2026 17:39:03","8021","Warnung","Microsoft-Windows-AppLocker","SLH-Tresen-Nuc","Die Ausführung von MICROSOFTWINDOWS.CROSSDEVICE wurde zugelassen, wäre jedoch verhindert worden, wäre die AppLocker-Richtlinie erzwungen worden."
"26.05.2026 17:39:03","8021","Warnung","Microsoft-Windows-AppLocker","SLH-Tresen-Nuc","Die Ausführung von MICROSOFT.AAD.BROKERPLUGIN wurde zugelassen, wäre jedoch verhindert worden, wäre die AppLocker-Richtlinie erzwungen worden."
"26.05.2026 17:39:01","8021","Warnung","Microsoft-Windows-AppLocker","SLH-Tresen-Nuc","Die Ausführung von MICROSOFT.STARTEXPERIENCESAPP wurde zugelassen, wäre jedoch verhindert worden, wäre die AppLocker-Richtlinie erzwungen worden."
"26.05.2026 17:38:59","8021","Warnung","Microsoft-Windows-AppLocker","SLH-Tresen-Nuc","Die Ausführung von MICROSOFT.AAD.BROKERPLUGIN wurde zugelassen, wäre jedoch verhindert worden, wäre die AppLocker-Richtlinie erzwungen worden."
"26.05.2026 17:38:59","8021","Warnung","Microsoft-Windows-AppLocker","SLH-Tresen-Nuc","Die Ausführung von MICROSOFT.AAD.BROKERPLUGIN wurde zugelassen, wäre jedoch verhindert worden, wäre die AppLocker-Richtlinie erzwungen worden."
"26.05.2026 17:38:58","8021","Warnung","Microsoft-Windows-AppLocker","SLH-Tresen-Nuc","Die Ausführung von MICROSOFT.WIDGETSPLATFORMRUNTIME wurde zugelassen, wäre jedoch verhindert worden, wäre die AppLocker-Richtlinie erzwungen worden."
"26.05.2026 17:38:58","8021","Warnung","Microsoft-Windows-AppLocker","SLH-Tresen-Nuc","Die Ausführung von SPOTIFYAB.SPOTIFYMUSIC wurde zugelassen, wäre jedoch verhindert worden, wäre die AppLocker-Richtlinie erzwungen worden."
"26.05.2026 17:38:57","8021","Warnung","Microsoft-Windows-AppLocker","SLH-Tresen-Nuc","Die Ausführung von MICROSOFT.WINDOWSSTORE wurde zugelassen, wäre jedoch verhindert worden, wäre die AppLocker-Richtlinie erzwungen worden."
"26.05.2026 17:38:57","8021","Warnung","Microsoft-Windows-AppLocker","SLH-Tresen-Nuc","Die Ausführung von MICROSOFTWINDOWS.CLIENT.CBS wurde zugelassen, wäre jedoch verhindert worden, wäre die AppLocker-Richtlinie erzwungen worden."
"26.05.2026 17:38:57","8021","Warnung","Microsoft-Windows-AppLocker","SLH-Tresen-Nuc","Die Ausführung von MICROSOFT.YOURPHONE wurde zugelassen, wäre jedoch verhindert worden, wäre die AppLocker-Richtlinie erzwungen worden."
"26.05.2026 17:38:57","8021","Warnung","Microsoft-Windows-AppLocker","SLH-Tresen-Nuc","Die Ausführung von MICROSOFTWINDOWS.CLIENT.CBS wurde zugelassen, wäre jedoch verhindert worden, wäre die AppLocker-Richtlinie erzwungen worden."
"26.05.2026 17:38:57","8021","Warnung","Microsoft-Windows-AppLocker","SLH-Tresen-Nuc","Die Ausführung von MICROSOFTWINDOWS.CLIENT.CBS wurde zugelassen, wäre jedoch verhindert worden, wäre die AppLocker-Richtlinie erzwungen worden."
"26.05.2026 17:38:57","8021","Warnung","Microsoft-Windows-AppLocker","SLH-Tresen-Nuc","Die Ausführung von MICROSOFTWINDOWS.CLIENT.CBS wurde zugelassen, wäre jedoch verhindert worden, wäre die AppLocker-Richtlinie erzwungen worden."
"26.05.2026 17:38:56","8021","Warnung","Microsoft-Windows-AppLocker","SLH-Tresen-Nuc","Die Ausführung von MICROSOFTWINDOWS.CLIENT.CBS wurde zugelassen, wäre jedoch verhindert worden, wäre die AppLocker-Richtlinie erzwungen worden."
"26.05.2026 17:38:56","8021","Warnung","Microsoft-Windows-AppLocker","SLH-Tresen-Nuc","Die Ausführung von MICROSOFTWINDOWS.CLIENT.CBS wurde zugelassen, wäre jedoch verhindert worden, wäre die AppLocker-Richtlinie erzwungen worden."
"26.05.2026 17:38:56","8021","Warnung","Microsoft-Windows-AppLocker","SLH-Tresen-Nuc","Die Ausführung von MICROSOFTWINDOWS.CLIENT.CBS wurde zugelassen, wäre jedoch verhindert worden, wäre die AppLocker-Richtlinie erzwungen worden."
"26.05.2026 17:38:56","8021","Warnung","Microsoft-Windows-AppLocker","SLH-Tresen-Nuc","Die Ausführung von MICROSOFTWINDOWS.CLIENT.WEBEXPERIENCE wurde zugelassen, wäre jedoch verhindert worden, wäre die AppLocker-Richtlinie erzwungen worden."
"26.05.2026 17:38:55","8021","Warnung","Microsoft-Windows-AppLocker","SLH-Tresen-Nuc","Die Ausführung von MICROSOFTWINDOWS.CLIENT.CBS wurde zugelassen, wäre jedoch verhindert worden, wäre die AppLocker-Richtlinie erzwungen worden."
"26.05.2026 17:38:55","8021","Warnung","Microsoft-Windows-AppLocker","SLH-Tresen-Nuc","Die Ausführung von MICROSOFT.WINDOWS.STARTMENUEXPERIENCEHOST wurde zugelassen, wäre jedoch verhindert worden, wäre die AppLocker-Richtlinie erzwungen worden."
"26.05.2026 17:38:54","8021","Warnung","Microsoft-Windows-AppLocker","SLH-Tresen-Nuc","Die Ausführung von MICROSOFTWINDOWS.CLIENT.CBS wurde zugelassen, wäre jedoch verhindert worden, wäre die AppLocker-Richtlinie erzwungen worden."
"26.05.2026 17:38:54","8021","Warnung","Microsoft-Windows-AppLocker","SLH-Tresen-Nuc","Die Ausführung von MICROSOFTWINDOWS.CROSSDEVICE wurde zugelassen, wäre jedoch verhindert worden, wäre die AppLocker-Richtlinie erzwungen worden."
"26.05.2026 17:38:53","8021","Warnung","Microsoft-Windows-AppLocker","SLH-Tresen-Nuc","Die Ausführung von MICROSOFTWINDOWS.CLIENT.CBS wurde zugelassen, wäre jedoch verhindert worden, wäre die AppLocker-Richtlinie erzwungen worden."
"26.05.2026 17:38:52","8021","Warnung","Microsoft-Windows-AppLocker","SLH-Tresen-Nuc","Die Ausführung von MICROSOFT.OFFICEPUSHNOTIFICATIONUTILITY wurde zugelassen, wäre jedoch verhindert worden, wäre die AppLocker-Richtlinie erzwungen worden."
"26.05.2026 17:36:34","8021","Warnung","Microsoft-Windows-AppLocker","SLH-Tresen-Nuc","Die Ausführung von APPUP.INTELARCSOFTWARE wurde zugelassen, wäre jedoch verhindert worden, wäre die AppLocker-Richtlinie erzwungen worden."
"26.05.2026 17:36:32","8021","Warnung","Microsoft-Windows-AppLocker","SLH-Tresen-Nuc","Die Ausführung von APPUP.INTELARCSOFTWARE wurde zugelassen, wäre jedoch verhindert worden, wäre die AppLocker-Richtlinie erzwungen worden."
"25.05.2026 18:13:04","8021","Warnung","Microsoft-Windows-AppLocker","SLH-Tresen-Nuc","Die Ausführung von MICROSOFT.AAD.BROKERPLUGIN wurde zugelassen, wäre jedoch verhindert worden, wäre die AppLocker-Richtlinie erzwungen worden."
"25.05.2026 18:12:56","8021","Warnung","Microsoft-Windows-AppLocker","SLH-Tresen-Nuc","Die Ausführung von MICROSOFT.MICROSOFTEDGE.STABLE wurde zugelassen, wäre jedoch verhindert worden, wäre die AppLocker-Richtlinie erzwungen worden."
"25.05.2026 18:12:55","8021","Warnung","Microsoft-Windows-AppLocker","SLH-Tresen-Nuc","Die Ausführung von MICROSOFT.AAD.BROKERPLUGIN wurde zugelassen, wäre jedoch verhindert worden, wäre die AppLocker-Richtlinie erzwungen worden."
"25.05.2026 18:12:53","8021","Warnung","Microsoft-Windows-AppLocker","SLH-Tresen-Nuc","Die Ausführung von MICROSOFT.AAD.BROKERPLUGIN wurde zugelassen, wäre jedoch verhindert worden, wäre die AppLocker-Richtlinie erzwungen worden."
"25.05.2026 18:12:53","8021","Warnung","Microsoft-Windows-AppLocker","SLH-Tresen-Nuc","Die Ausführung von MICROSOFT.AAD.BROKERPLUGIN wurde zugelassen, wäre jedoch verhindert worden, wäre die AppLocker-Richtlinie erzwungen worden."
"25.05.2026 18:09:35","8021","Warnung","Microsoft-Windows-AppLocker","SLH-Tresen-Nuc","Die Ausführung von MICROSOFTWINDOWS.CLIENT.CBS wurde zugelassen, wäre jedoch verhindert worden, wäre die AppLocker-Richtlinie erzwungen worden."
"25.05.2026 17:54:35","8021","Warnung","Microsoft-Windows-AppLocker","SLH-Tresen-Nuc","Die Ausführung von MICROSOFTWINDOWS.CLIENT.CBS wurde zugelassen, wäre jedoch verhindert worden, wäre die AppLocker-Richtlinie erzwungen worden."
"25.05.2026 17:54:34","8021","Warnung","Microsoft-Windows-AppLocker","SLH-Tresen-Nuc","Die Ausführung von MICROSOFT.AAD.BROKERPLUGIN wurde zugelassen, wäre jedoch verhindert worden, wäre die AppLocker-Richtlinie erzwungen worden."
"25.05.2026 17:54:34","8021","Warnung","Microsoft-Windows-AppLocker","SLH-Tresen-Nuc","Die Ausführung von MICROSOFT.AAD.BROKERPLUGIN wurde zugelassen, wäre jedoch verhindert worden, wäre die AppLocker-Richtlinie erzwungen worden."
"25.05.2026 17:39:35","8021","Warnung","Microsoft-Windows-AppLocker","SLH-Tresen-Nuc","Die Ausführung von MICROSOFTWINDOWS.CLIENT.CBS wurde zugelassen, wäre jedoch verhindert worden, wäre die AppLocker-Richtlinie erzwungen worden."
"25.05.2026 17:28:49","8021","Warnung","Microsoft-Windows-AppLocker","SLH-Tresen-Nuc","Die Ausführung von MICROSOFT.STOREPURCHASEAPP wurde zugelassen, wäre jedoch verhindert worden, wäre die AppLocker-Richtlinie erzwungen worden."
"25.05.2026 17:28:49","8021","Warnung","Microsoft-Windows-AppLocker","SLH-Tresen-Nuc","Die Ausführung von MICROSOFT.STOREPURCHASEAPP wurde zugelassen, wäre jedoch verhindert worden, wäre die AppLocker-Richtlinie erzwungen worden."
"25.05.2026 17:28:35","8021","Warnung","Microsoft-Windows-AppLocker","SLH-Tresen-Nuc","Die Ausführung von MICROSOFT.WINDOWSSTORE wurde zugelassen, wäre jedoch verhindert worden, wäre die AppLocker-Richtlinie erzwungen worden."
"25.05.2026 17:28:35","8021","Warnung","Microsoft-Windows-AppLocker","SLH-Tresen-Nuc","Die Ausführung von MICROSOFT.WINDOWSSTORE wurde zugelassen, wäre jedoch verhindert worden, wäre die AppLocker-Richtlinie erzwungen worden."
"25.05.2026 17:28:35","8021","Warnung","Microsoft-Windows-AppLocker","SLH-Tresen-Nuc","Die Ausführung von MICROSOFT.WINDOWSSTORE wurde zugelassen, wäre jedoch verhindert worden, wäre die AppLocker-Richtlinie erzwungen worden."
"25.05.2026 17:24:35","8021","Warnung","Microsoft-Windows-AppLocker","SLH-Tresen-Nuc","Die Ausführung von MICROSOFTWINDOWS.CLIENT.CBS wurde zugelassen, wäre jedoch verhindert worden, wäre die AppLocker-Richtlinie erzwungen worden."
"25.05.2026 17:09:35","8021","Warnung","Microsoft-Windows-AppLocker","SLH-Tresen-Nuc","Die Ausführung von MICROSOFTWINDOWS.CLIENT.CBS wurde zugelassen, wäre jedoch verhindert worden, wäre die AppLocker-Richtlinie erzwungen worden."
"25.05.2026 17:04:34","8021","Warnung","Microsoft-Windows-AppLocker","SLH-Tresen-Nuc","Die Ausführung von MICROSOFT.AAD.BROKERPLUGIN wurde zugelassen, wäre jedoch verhindert worden, wäre die AppLocker-Richtlinie erzwungen worden."
"25.05.2026 17:04:34","8021","Warnung","Microsoft-Windows-AppLocker","SLH-Tresen-Nuc","Die Ausführung von MICROSOFT.AAD.BROKERPLUGIN wurde zugelassen, wäre jedoch verhindert worden, wäre die AppLocker-Richtlinie erzwungen worden."
"25.05.2026 16:54:35","8021","Warnung","Microsoft-Windows-AppLocker","SLH-Tresen-Nuc","Die Ausführung von MICROSOFTWINDOWS.CLIENT.CBS wurde zugelassen, wäre jedoch verhindert worden, wäre die AppLocker-Richtlinie erzwungen worden."
"25.05.2026 16:49:35","8021","Warnung","Microsoft-Windows-AppLocker","SLH-Tresen-Nuc","Die Ausführung von MICROSOFT.AAD.BROKERPLUGIN wurde zugelassen, wäre jedoch verhindert worden, wäre die AppLocker-Richtlinie erzwungen worden."
"25.05.2026 16:49:35","8021","Warnung","Microsoft-Windows-AppLocker","SLH-Tresen-Nuc","Die Ausführung von MICROSOFT.AAD.BROKERPLUGIN wurde zugelassen, wäre jedoch verhindert worden, wäre die AppLocker-Richtlinie erzwungen worden."
"25.05.2026 16:39:35","8021","Warnung","Microsoft-Windows-AppLocker","SLH-Tresen-Nuc","Die Ausführung von MICROSOFTWINDOWS.CLIENT.CBS wurde zugelassen, wäre jedoch verhindert worden, wäre die AppLocker-Richtlinie erzwungen worden."
"25.05.2026 16:34:15","8021","Warnung","Microsoft-Windows-AppLocker","SLH-Tresen-Nuc","Die Ausführung von MICROSOFT.AAD.BROKERPLUGIN wurde zugelassen, wäre jedoch verhindert worden, wäre die AppLocker-Richtlinie erzwungen worden."
"25.05.2026 16:34:15","8021","Warnung","Microsoft-Windows-AppLocker","SLH-Tresen-Nuc","Die Ausführung von MICROSOFT.AAD.BROKERPLUGIN wurde zugelassen, wäre jedoch verhindert worden, wäre die AppLocker-Richtlinie erzwungen worden."
"25.05.2026 16:31:52","8021","Warnung","Microsoft-Windows-AppLocker","SLH-Tresen-Nuc","Die Ausführung von MICROSOFT.AAD.BROKERPLUGIN wurde zugelassen, wäre jedoch verhindert worden, wäre die AppLocker-Richtlinie erzwungen worden."
"25.05.2026 16:31:51","8021","Warnung","Microsoft-Windows-AppLocker","SLH-Tresen-Nuc","Die Ausführung von MICROSOFT.AAD.BROKERPLUGIN wurde zugelassen, wäre jedoch verhindert worden, wäre die AppLocker-Richtlinie erzwungen worden."
"25.05.2026 16:31:51","8021","Warnung","Microsoft-Windows-AppLocker","SLH-Tresen-Nuc","Die Ausführung von MICROSOFT.AAD.BROKERPLUGIN wurde zugelassen, wäre jedoch verhindert worden, wäre die AppLocker-Richtlinie erzwungen worden."
"25.05.2026 16:28:35","8021","Warnung","Microsoft-Windows-AppLocker","SLH-Tresen-Nuc","Die Ausführung von MICROSOFT.WINDOWSSTORE wurde zugelassen, wäre jedoch verhindert worden, wäre die AppLocker-Richtlinie erzwungen worden."
"25.05.2026 16:24:35","8021","Warnung","Microsoft-Windows-AppLocker","SLH-Tresen-Nuc","Die Ausführung von MICROSOFTWINDOWS.CLIENT.CBS wurde zugelassen, wäre jedoch verhindert worden, wäre die AppLocker-Richtlinie erzwungen worden."
"25.05.2026 16:18:27","8021","Warnung","Microsoft-Windows-AppLocker","SLH-Tresen-Nuc","Die Ausführung von MICROSOFT.AAD.BROKERPLUGIN wurde zugelassen, wäre jedoch verhindert worden, wäre die AppLocker-Richtlinie erzwungen worden."
"25.05.2026 16:18:26","8021","Warnung","Microsoft-Windows-AppLocker","SLH-Tresen-Nuc","Die Ausführung von MICROSOFT.AAD.BROKERPLUGIN wurde zugelassen, wäre jedoch verhindert worden, wäre die AppLocker-Richtlinie erzwungen worden."
"25.05.2026 16:18:26","8021","Warnung","Microsoft-Windows-AppLocker","SLH-Tresen-Nuc","Die Ausführung von MICROSOFT.AAD.BROKERPLUGIN wurde zugelassen, wäre jedoch verhindert worden, wäre die AppLocker-Richtlinie erzwungen worden."
"25.05.2026 16:13:32","8021","Warnung","Microsoft-Windows-AppLocker","SLH-Tresen-Nuc","Die Ausführung von MICROSOFT.OFFICEPUSHNOTIFICATIONUTILITY wurde zugelassen, wäre jedoch verhindert worden, wäre die AppLocker-Richtlinie erzwungen worden."
"25.05.2026 16:12:11","8021","Warnung","Microsoft-Windows-AppLocker","SLH-Tresen-Nuc","Die Ausführung von MICROSOFT.AAD.BROKERPLUGIN wurde zugelassen, wäre jedoch verhindert worden, wäre die AppLocker-Richtlinie erzwungen worden."
"25.05.2026 16:12:02","8021","Warnung","Microsoft-Windows-AppLocker","SLH-Tresen-Nuc","Die Ausführung von MICROSOFT.AAD.BROKERPLUGIN wurde zugelassen, wäre jedoch verhindert worden, wäre die AppLocker-Richtlinie erzwungen worden."
"25.05.2026 16:12:02","8021","Warnung","Microsoft-Windows-AppLocker","SLH-Tresen-Nuc","Die Ausführung von MICROSOFT.AAD.BROKERPLUGIN wurde zugelassen, wäre jedoch verhindert worden, wäre die AppLocker-Richtlinie erzwungen worden."
"25.05.2026 16:09:35","8021","Warnung","Microsoft-Windows-AppLocker","SLH-Tresen-Nuc","Die Ausführung von MICROSOFTWINDOWS.CLIENT.CBS wurde zugelassen, wäre jedoch verhindert worden, wäre die AppLocker-Richtlinie erzwungen worden."
"25.05.2026 16:07:26","8021","Warnung","Microsoft-Windows-AppLocker","SLH-Tresen-Nuc","Die Ausführung von MICROSOFT.AAD.BROKERPLUGIN wurde zugelassen, wäre jedoch verhindert worden, wäre die AppLocker-Richtlinie erzwungen worden."
"25.05.2026 16:07:25","8021","Warnung","Microsoft-Windows-AppLocker","SLH-Tresen-Nuc","Die Ausführung von MICROSOFT.AAD.BROKERPLUGIN wurde zugelassen, wäre jedoch verhindert worden, wäre die AppLocker-Richtlinie erzwungen worden."
"25.05.2026 16:05:56","8021","Warnung","Microsoft-Windows-AppLocker","SLH-Tresen-Nuc","Die Ausführung von MICROSOFT.AAD.BROKERPLUGIN wurde zugelassen, wäre jedoch verhindert worden, wäre die AppLocker-Richtlinie erzwungen worden."
"25.05.2026 16:05:51","8021","Warnung","Microsoft-Windows-AppLocker","SLH-Tresen-Nuc","Die Ausführung von MICROSOFT.AAD.BROKERPLUGIN wurde zugelassen, wäre jedoch verhindert worden, wäre die AppLocker-Richtlinie erzwungen worden."
"25.05.2026 16:05:44","8021","Warnung","Microsoft-Windows-AppLocker","SLH-Tresen-Nuc","Die Ausführung von MICROSOFT.AAD.BROKERPLUGIN wurde zugelassen, wäre jedoch verhindert worden, wäre die AppLocker-Richtlinie erzwungen worden."
"25.05.2026 16:05:44","8021","Warnung","Microsoft-Windows-AppLocker","SLH-Tresen-Nuc","Die Ausführung von MICROSOFT.AAD.BROKERPLUGIN wurde zugelassen, wäre jedoch verhindert worden, wäre die AppLocker-Richtlinie erzwungen worden."
"25.05.2026 15:54:35","8021","Warnung","Microsoft-Windows-AppLocker","SLH-Tresen-Nuc","Die Ausführung von MICROSOFTWINDOWS.CLIENT.CBS wurde zugelassen, wäre jedoch verhindert worden, wäre die AppLocker-Richtlinie erzwungen worden."
"25.05.2026 15:48:36","8021","Warnung","Microsoft-Windows-AppLocker","SLH-Tresen-Nuc","Die Ausführung von MICROSOFT.AAD.BROKERPLUGIN wurde zugelassen, wäre jedoch verhindert worden, wäre die AppLocker-Richtlinie erzwungen worden."
"25.05.2026 15:48:36","8021","Warnung","Microsoft-Windows-AppLocker","SLH-Tresen-Nuc","Die Ausführung von MICROSOFT.AAD.BROKERPLUGIN wurde zugelassen, wäre jedoch verhindert worden, wäre die AppLocker-Richtlinie erzwungen worden."
"25.05.2026 15:41:52","8021","Warnung","Microsoft-Windows-AppLocker","SLH-Tresen-Nuc","Die Ausführung von MICROSOFT.AAD.BROKERPLUGIN wurde zugelassen, wäre jedoch verhindert worden, wäre die AppLocker-Richtlinie erzwungen worden."
"25.05.2026 15:41:52","8021","Warnung","Microsoft-Windows-AppLocker","SLH-Tresen-Nuc","Die Ausführung von MICROSOFT.AAD.BROKERPLUGIN wurde zugelassen, wäre jedoch verhindert worden, wäre die AppLocker-Richtlinie erzwungen worden."
"25.05.2026 15:41:50","8021","Warnung","Microsoft-Windows-AppLocker","SLH-Tresen-Nuc","Die Ausführung von WINDOWS.IMMERSIVECONTROLPANEL wurde zugelassen, wäre jedoch verhindert worden, wäre die AppLocker-Richtlinie erzwungen worden."
"25.05.2026 15:39:35","8021","Warnung","Microsoft-Windows-AppLocker","SLH-Tresen-Nuc","Die Ausführung von MICROSOFTWINDOWS.CLIENT.CBS wurde zugelassen, wäre jedoch verhindert worden, wäre die AppLocker-Richtlinie erzwungen worden."
"25.05.2026 15:37:03","8021","Warnung","Microsoft-Windows-AppLocker","SLH-Tresen-Nuc","Die Ausführung von MICROSOFT.AAD.BROKERPLUGIN wurde zugelassen, wäre jedoch verhindert worden, wäre die AppLocker-Richtlinie erzwungen worden."
"25.05.2026 15:37:03","8021","Warnung","Microsoft-Windows-AppLocker","SLH-Tresen-Nuc","Die Ausführung von MICROSOFT.AAD.BROKERPLUGIN wurde zugelassen, wäre jedoch verhindert worden, wäre die AppLocker-Richtlinie erzwungen worden."
"25.05.2026 15:37:03","8021","Warnung","Microsoft-Windows-AppLocker","SLH-Tresen-Nuc","Die Ausführung von MICROSOFT.WINDOWS.CONTENTDELIVERYMANAGER wurde zugelassen, wäre jedoch verhindert worden, wäre die AppLocker-Richtlinie erzwungen worden."
"25.05.2026 15:37:03","8021","Warnung","Microsoft-Windows-AppLocker","SLH-Tresen-Nuc","Die Ausführung von MICROSOFT.WINDOWS.CONTENTDELIVERYMANAGER wurde zugelassen, wäre jedoch verhindert worden, wäre die AppLocker-Richtlinie erzwungen worden."
"25.05.2026 15:33:31","8021","Warnung","Microsoft-Windows-AppLocker","SLH-Tresen-Nuc","Die Ausführung von MICROSOFT.AAD.BROKERPLUGIN wurde zugelassen, wäre jedoch verhindert worden, wäre die AppLocker-Richtlinie erzwungen worden."
"25.05.2026 15:31:37","8021","Warnung","Microsoft-Windows-AppLocker","SLH-Tresen-Nuc","Die Ausführung von MICROSOFT.AAD.BROKERPLUGIN wurde zugelassen, wäre jedoch verhindert worden, wäre die AppLocker-Richtlinie erzwungen worden."
"25.05.2026 15:31:35","8021","Warnung","Microsoft-Windows-AppLocker","SLH-Tresen-Nuc","Die Ausführung von MICROSOFT.AAD.BROKERPLUGIN wurde zugelassen, wäre jedoch verhindert worden, wäre die AppLocker-Richtlinie erzwungen worden."
"25.05.2026 15:31:32","8021","Warnung","Microsoft-Windows-AppLocker","SLH-Tresen-Nuc","Die Ausführung von MICROSOFT.AAD.BROKERPLUGIN wurde zugelassen, wäre jedoch verhindert worden, wäre die AppLocker-Richtlinie erzwungen worden."
"25.05.2026 15:31:31","8021","Warnung","Microsoft-Windows-AppLocker","SLH-Tresen-Nuc","Die Ausführung von MICROSOFT.AAD.BROKERPLUGIN wurde zugelassen, wäre jedoch verhindert worden, wäre die AppLocker-Richtlinie erzwungen worden."
"25.05.2026 15:28:35","8021","Warnung","Microsoft-Windows-AppLocker","SLH-Tresen-Nuc","Die Ausführung von MICROSOFT.WINDOWSSTORE wurde zugelassen, wäre jedoch verhindert worden, wäre die AppLocker-Richtlinie erzwungen worden."
"25.05.2026 15:22:56","8021","Warnung","Microsoft-Windows-AppLocker","SLH-Tresen-Nuc","Die Ausführung von MICROSOFT.AAD.BROKERPLUGIN wurde zugelassen, wäre jedoch verhindert worden, wäre die AppLocker-Richtlinie erzwungen worden."
"25.05.2026 15:18:23","8021","Warnung","Microsoft-Windows-AppLocker","SLH-Tresen-Nuc","Die Ausführung von MICROSOFT.AAD.BROKERPLUGIN wurde zugelassen, wäre jedoch verhindert worden, wäre die AppLocker-Richtlinie erzwungen worden."
"25.05.2026 15:18:23","8021","Warnung","Microsoft-Windows-AppLocker","SLH-Tresen-Nuc","Die Ausführung von MICROSOFT.AAD.BROKERPLUGIN wurde zugelassen, wäre jedoch verhindert worden, wäre die AppLocker-Richtlinie erzwungen worden."
"25.05.2026 15:10:11","8021","Warnung","Microsoft-Windows-AppLocker","SLH-Tresen-Nuc","Die Ausführung von MICROSOFT.AAD.BROKERPLUGIN wurde zugelassen, wäre jedoch verhindert worden, wäre die AppLocker-Richtlinie erzwungen worden."
"25.05.2026 15:10:11","8021","Warnung","Microsoft-Windows-AppLocker","SLH-Tresen-Nuc","Die Ausführung von MICROSOFT.AAD.BROKERPLUGIN wurde zugelassen, wäre jedoch verhindert worden, wäre die AppLocker-Richtlinie erzwungen worden."
"25.05.2026 15:09:35","8021","Warnung","Microsoft-Windows-AppLocker","SLH-Tresen-Nuc","Die Ausführung von MICROSOFTWINDOWS.CLIENT.CBS wurde zugelassen, wäre jedoch verhindert worden, wäre die AppLocker-Richtlinie erzwungen worden."
"25.05.2026 15:06:51","8021","Warnung","Microsoft-Windows-AppLocker","SLH-Tresen-Nuc","Die Ausführung von MICROSOFT.DESKTOPAPPINSTALLER wurde zugelassen, wäre jedoch verhindert worden, wäre die AppLocker-Richtlinie erzwungen worden."
"25.05.2026 15:06:51","8021","Warnung","Microsoft-Windows-AppLocker","SLH-Tresen-Nuc","Die Ausführung von MICROSOFT.STOREPURCHASEAPP wurde zugelassen, wäre jedoch verhindert worden, wäre die AppLocker-Richtlinie erzwungen worden."
"25.05.2026 15:06:51","8021","Warnung","Microsoft-Windows-AppLocker","SLH-Tresen-Nuc","Die Ausführung von MICROSOFT.STOREPURCHASEAPP wurde zugelassen, wäre jedoch verhindert worden, wäre die AppLocker-Richtlinie erzwungen worden."
"25.05.2026 14:54:35","8021","Warnung","Microsoft-Windows-AppLocker","SLH-Tresen-Nuc","Die Ausführung von MICROSOFTWINDOWS.CLIENT.CBS wurde zugelassen, wäre jedoch verhindert worden, wäre die AppLocker-Richtlinie erzwungen worden."
"25.05.2026 14:46:59","8021","Warnung","Microsoft-Windows-AppLocker","SLH-Tresen-Nuc","Die Ausführung von MICROSOFT.YOURPHONE wurde zugelassen, wäre jedoch verhindert worden, wäre die AppLocker-Richtlinie erzwungen worden."
"25.05.2026 14:42:35","8021","Warnung","Microsoft-Windows-AppLocker","SLH-Tresen-Nuc","Die Ausführung von MICROSOFT.YOURPHONE wurde zugelassen, wäre jedoch verhindert worden, wäre die AppLocker-Richtlinie erzwungen worden."
"25.05.2026 14:39:35","8021","Warnung","Microsoft-Windows-AppLocker","SLH-Tresen-Nuc","Die Ausführung von MICROSOFTWINDOWS.CLIENT.CBS wurde zugelassen, wäre jedoch verhindert worden, wäre die AppLocker-Richtlinie erzwungen worden."
"25.05.2026 14:29:04","8021","Warnung","Microsoft-Windows-AppLocker","SLH-Tresen-Nuc","Die Ausführung von SPOTIFYAB.SPOTIFYMUSIC wurde zugelassen, wäre jedoch verhindert worden, wäre die AppLocker-Richtlinie erzwungen worden."
"25.05.2026 14:29:04","8021","Warnung","Microsoft-Windows-AppLocker","SLH-Tresen-Nuc","Die Ausführung von SPOTIFYAB.SPOTIFYMUSIC wurde zugelassen, wäre jedoch verhindert worden, wäre die AppLocker-Richtlinie erzwungen worden."
"25.05.2026 14:28:48","8021","Warnung","Microsoft-Windows-AppLocker","SLH-Tresen-Nuc","Die Ausführung von SPOTIFYAB.SPOTIFYMUSIC wurde zugelassen, wäre jedoch verhindert worden, wäre die AppLocker-Richtlinie erzwungen worden."
"25.05.2026 14:28:47","8021","Warnung","Microsoft-Windows-AppLocker","SLH-Tresen-Nuc","Die Ausführung von SPOTIFYAB.SPOTIFYMUSIC wurde zugelassen, wäre jedoch verhindert worden, wäre die AppLocker-Richtlinie erzwungen worden."
"25.05.2026 14:28:47","8021","Warnung","Microsoft-Windows-AppLocker","SLH-Tresen-Nuc","Die Ausführung von SPOTIFYAB.SPOTIFYMUSIC wurde zugelassen, wäre jedoch verhindert worden, wäre die AppLocker-Richtlinie erzwungen worden."
"25.05.2026 14:28:35","8021","Warnung","Microsoft-Windows-AppLocker","SLH-Tresen-Nuc","Die Ausführung von MICROSOFT.WINDOWSSTORE wurde zugelassen, wäre jedoch verhindert worden, wäre die AppLocker-Richtlinie erzwungen worden."
"25.05.2026 14:26:35","8021","Warnung","Microsoft-Windows-AppLocker","SLH-Tresen-Nuc","Die Ausführung von MICROSOFT.YOURPHONE wurde zugelassen, wäre jedoch verhindert worden, wäre die AppLocker-Richtlinie erzwungen worden."
"25.05.2026 14:24:35","8021","Warnung","Microsoft-Windows-AppLocker","SLH-Tresen-Nuc","Die Ausführung von MICROSOFTWINDOWS.CLIENT.CBS wurde zugelassen, wäre jedoch verhindert worden, wäre die AppLocker-Richtlinie erzwungen worden."
"25.05.2026 14:17:57","8021","Warnung","Microsoft-Windows-AppLocker","SLH-Tresen-Nuc","Die Ausführung von MICROSOFT.AAD.BROKERPLUGIN wurde zugelassen, wäre jedoch verhindert worden, wäre die AppLocker-Richtlinie erzwungen worden."
"25.05.2026 14:17:57","8021","Warnung","Microsoft-Windows-AppLocker","SLH-Tresen-Nuc","Die Ausführung von MICROSOFT.AAD.BROKERPLUGIN wurde zugelassen, wäre jedoch verhindert worden, wäre die AppLocker-Richtlinie erzwungen worden."
"25.05.2026 14:09:35","8021","Warnung","Microsoft-Windows-AppLocker","SLH-Tresen-Nuc","Die Ausführung von MICROSOFTWINDOWS.CLIENT.CBS wurde zugelassen, wäre jedoch verhindert worden, wäre die AppLocker-Richtlinie erzwungen worden."
"25.05.2026 14:05:49","8021","Warnung","Microsoft-Windows-AppLocker","SLH-Tresen-Nuc","Die Ausführung von MICROSOFT.AAD.BROKERPLUGIN wurde zugelassen, wäre jedoch verhindert worden, wäre die AppLocker-Richtlinie erzwungen worden."
"25.05.2026 14:05:49","8021","Warnung","Microsoft-Windows-AppLocker","SLH-Tresen-Nuc","Die Ausführung von MICROSOFT.AAD.BROKERPLUGIN wurde zugelassen, wäre jedoch verhindert worden, wäre die AppLocker-Richtlinie erzwungen worden."
"25.05.2026 14:02:51","8021","Warnung","Microsoft-Windows-AppLocker","SLH-Tresen-Nuc","Die Ausführung von MICROSOFT.AAD.BROKERPLUGIN wurde zugelassen, wäre jedoch verhindert worden, wäre die AppLocker-Richtlinie erzwungen worden."
"25.05.2026 14:02:51","8021","Warnung","Microsoft-Windows-AppLocker","SLH-Tresen-Nuc","Die Ausführung von MICROSOFT.AAD.BROKERPLUGIN wurde zugelassen, wäre jedoch verhindert worden, wäre die AppLocker-Richtlinie erzwungen worden."
"25.05.2026 13:54:35","8021","Warnung","Microsoft-Windows-AppLocker","SLH-Tresen-Nuc","Die Ausführung von MICROSOFTWINDOWS.CLIENT.CBS wurde zugelassen, wäre jedoch verhindert worden, wäre die AppLocker-Richtlinie erzwungen worden."
"25.05.2026 13:50:56","8021","Warnung","Microsoft-Windows-AppLocker","SLH-Tresen-Nuc","Die Ausführung von MICROSOFT.AAD.BROKERPLUGIN wurde zugelassen, wäre jedoch verhindert worden, wäre die AppLocker-Richtlinie erzwungen worden."
"25.05.2026 13:50:55","8021","Warnung","Microsoft-Windows-AppLocker","SLH-Tresen-Nuc","Die Ausführung von MICROSOFT.AAD.BROKERPLUGIN wurde zugelassen, wäre jedoch verhindert worden, wäre die AppLocker-Richtlinie erzwungen worden."
"25.05.2026 13:39:35","8021","Warnung","Microsoft-Windows-AppLocker","SLH-Tresen-Nuc","Die Ausführung von MICROSOFTWINDOWS.CLIENT.CBS wurde zugelassen, wäre jedoch verhindert worden, wäre die AppLocker-Richtlinie erzwungen worden."
"25.05.2026 13:32:36","8021","Warnung","Microsoft-Windows-AppLocker","SLH-Tresen-Nuc","Die Ausführung von MICROSOFT.AAD.BROKERPLUGIN wurde zugelassen, wäre jedoch verhindert worden, wäre die AppLocker-Richtlinie erzwungen worden."
"25.05.2026 13:32:35","8021","Warnung","Microsoft-Windows-AppLocker","SLH-Tresen-Nuc","Die Ausführung von MICROSOFT.AAD.BROKERPLUGIN wurde zugelassen, wäre jedoch verhindert worden, wäre die AppLocker-Richtlinie erzwungen worden."
"25.05.2026 13:28:35","8021","Warnung","Microsoft-Windows-AppLocker","SLH-Tresen-Nuc","Die Ausführung von MICROSOFT.WINDOWSSTORE wurde zugelassen, wäre jedoch verhindert worden, wäre die AppLocker-Richtlinie erzwungen worden."
"25.05.2026 13:26:24","8021","Warnung","Microsoft-Windows-AppLocker","SLH-Tresen-Nuc","Die Ausführung von MICROSOFT.AAD.BROKERPLUGIN wurde zugelassen, wäre jedoch verhindert worden, wäre die AppLocker-Richtlinie erzwungen worden."
"25.05.2026 13:26:24","8021","Warnung","Microsoft-Windows-AppLocker","SLH-Tresen-Nuc","Die Ausführung von MICROSOFT.AAD.BROKERPLUGIN wurde zugelassen, wäre jedoch verhindert worden, wäre die AppLocker-Richtlinie erzwungen worden."
"25.05.2026 13:24:35","8021","Warnung","Microsoft-Windows-AppLocker","SLH-Tresen-Nuc","Die Ausführung von MICROSOFTWINDOWS.CLIENT.CBS wurde zugelassen, wäre jedoch verhindert worden, wäre die AppLocker-Richtlinie erzwungen worden."
"25.05.2026 13:09:35","8021","Warnung","Microsoft-Windows-AppLocker","SLH-Tresen-Nuc","Die Ausführung von MICROSOFTWINDOWS.CLIENT.CBS wurde zugelassen, wäre jedoch verhindert worden, wäre die AppLocker-Richtlinie erzwungen worden."
"25.05.2026 13:06:35","8021","Warnung","Microsoft-Windows-AppLocker","SLH-Tresen-Nuc","Die Ausführung von MICROSOFT.STOREPURCHASEAPP wurde zugelassen, wäre jedoch verhindert worden, wäre die AppLocker-Richtlinie erzwungen worden."
"25.05.2026 13:06:35","8021","Warnung","Microsoft-Windows-AppLocker","SLH-Tresen-Nuc","Die Ausführung von MICROSOFT.STOREPURCHASEAPP wurde zugelassen, wäre jedoch verhindert worden, wäre die AppLocker-Richtlinie erzwungen worden."
"25.05.2026 12:54:35","8021","Warnung","Microsoft-Windows-AppLocker","SLH-Tresen-Nuc","Die Ausführung von MICROSOFTWINDOWS.CLIENT.CBS wurde zugelassen, wäre jedoch verhindert worden, wäre die AppLocker-Richtlinie erzwungen worden."
"25.05.2026 12:39:35","8021","Warnung","Microsoft-Windows-AppLocker","SLH-Tresen-Nuc","Die Ausführung von MICROSOFTWINDOWS.CLIENT.CBS wurde zugelassen, wäre jedoch verhindert worden, wäre die AppLocker-Richtlinie erzwungen worden."
"25.05.2026 12:31:56","8021","Warnung","Microsoft-Windows-AppLocker","SLH-Tresen-Nuc","Die Ausführung von MICROSOFT.AAD.BROKERPLUGIN wurde zugelassen, wäre jedoch verhindert worden, wäre die AppLocker-Richtlinie erzwungen worden."
"25.05.2026 12:31:49","8021","Warnung","Microsoft-Windows-AppLocker","SLH-Tresen-Nuc","Die Ausführung von MICROSOFT.AAD.BROKERPLUGIN wurde zugelassen, wäre jedoch verhindert worden, wäre die AppLocker-Richtlinie erzwungen worden."
"25.05.2026 12:31:34","8021","Warnung","Microsoft-Windows-AppLocker","SLH-Tresen-Nuc","Die Ausführung von MICROSOFT.AAD.BROKERPLUGIN wurde zugelassen, wäre jedoch verhindert worden, wäre die AppLocker-Richtlinie erzwungen worden."
"25.05.2026 12:31:34","8021","Warnung","Microsoft-Windows-AppLocker","SLH-Tresen-Nuc","Die Ausführung von MICROSOFT.AAD.BROKERPLUGIN wurde zugelassen, wäre jedoch verhindert worden, wäre die AppLocker-Richtlinie erzwungen worden."
"25.05.2026 12:28:35","8021","Warnung","Microsoft-Windows-AppLocker","SLH-Tresen-Nuc","Die Ausführung von MICROSOFT.WINDOWSSTORE wurde zugelassen, wäre jedoch verhindert worden, wäre die AppLocker-Richtlinie erzwungen worden."
"25.05.2026 12:27:35","8021","Warnung","Microsoft-Windows-AppLocker","SLH-Tresen-Nuc","Die Ausführung von MICROSOFT.AAD.BROKERPLUGIN wurde zugelassen, wäre jedoch verhindert worden, wäre die AppLocker-Richtlinie erzwungen worden."
"25.05.2026 12:27:35","8021","Warnung","Microsoft-Windows-AppLocker","SLH-Tresen-Nuc","Die Ausführung von MICROSOFT.AAD.BROKERPLUGIN wurde zugelassen, wäre jedoch verhindert worden, wäre die AppLocker-Richtlinie erzwungen worden."
"25.05.2026 12:27:35","8021","Warnung","Microsoft-Windows-AppLocker","SLH-Tresen-Nuc","Die Ausführung von MICROSOFTWINDOWS.CLIENT.OOBE wurde zugelassen, wäre jedoch verhindert worden, wäre die AppLocker-Richtlinie erzwungen worden."
"25.05.2026 12:27:35","8021","Warnung","Microsoft-Windows-AppLocker","SLH-Tresen-Nuc","Die Ausführung von MICROSOFTWINDOWS.CLIENT.CBS wurde zugelassen, wäre jedoch verhindert worden, wäre die AppLocker-Richtlinie erzwungen worden."
"25.05.2026 12:27:35","8021","Warnung","Microsoft-Windows-AppLocker","SLH-Tresen-Nuc","Die Ausführung von MICROSOFTWINDOWS.CLIENT.OOBE wurde zugelassen, wäre jedoch verhindert worden, wäre die AppLocker-Richtlinie erzwungen worden."
"25.05.2026 12:25:16","8021","Warnung","Microsoft-Windows-AppLocker","SLH-Tresen-Nuc","Die Ausführung von MICROSOFT.AAD.BROKERPLUGIN wurde zugelassen, wäre jedoch verhindert worden, wäre die AppLocker-Richtlinie erzwungen worden."
"25.05.2026 12:25:16","8021","Warnung","Microsoft-Windows-AppLocker","SLH-Tresen-Nuc","Die Ausführung von MICROSOFT.AAD.BROKERPLUGIN wurde zugelassen, wäre jedoch verhindert worden, wäre die AppLocker-Richtlinie erzwungen worden."
"25.05.2026 12:24:35","8021","Warnung","Microsoft-Windows-AppLocker","SLH-Tresen-Nuc","Die Ausführung von MICROSOFTWINDOWS.CLIENT.CBS wurde zugelassen, wäre jedoch verhindert worden, wäre die AppLocker-Richtlinie erzwungen worden."
"25.05.2026 12:09:35","8021","Warnung","Microsoft-Windows-AppLocker","SLH-Tresen-Nuc","Die Ausführung von MICROSOFTWINDOWS.CLIENT.CBS wurde zugelassen, wäre jedoch verhindert worden, wäre die AppLocker-Richtlinie erzwungen worden."
"25.05.2026 12:06:33","8021","Warnung","Microsoft-Windows-AppLocker","SLH-Tresen-Nuc","Die Ausführung von MICROSOFT.AAD.BROKERPLUGIN wurde zugelassen, wäre jedoch verhindert worden, wäre die AppLocker-Richtlinie erzwungen worden."
"25.05.2026 12:06:33","8021","Warnung","Microsoft-Windows-AppLocker","SLH-Tresen-Nuc","Die Ausführung von MICROSOFT.AAD.BROKERPLUGIN wurde zugelassen, wäre jedoch verhindert worden, wäre die AppLocker-Richtlinie erzwungen worden."
"25.05.2026 11:54:35","8021","Warnung","Microsoft-Windows-AppLocker","SLH-Tresen-Nuc","Die Ausführung von MICROSOFTWINDOWS.CLIENT.CBS wurde zugelassen, wäre jedoch verhindert worden, wäre die AppLocker-Richtlinie erzwungen worden."
"25.05.2026 11:39:35","8021","Warnung","Microsoft-Windows-AppLocker","SLH-Tresen-Nuc","Die Ausführung von MICROSOFTWINDOWS.CLIENT.CBS wurde zugelassen, wäre jedoch verhindert worden, wäre die AppLocker-Richtlinie erzwungen worden."
"25.05.2026 11:28:35","8021","Warnung","Microsoft-Windows-AppLocker","SLH-Tresen-Nuc","Die Ausführung von MICROSOFT.WINDOWSSTORE wurde zugelassen, wäre jedoch verhindert worden, wäre die AppLocker-Richtlinie erzwungen worden."
"25.05.2026 11:24:35","8021","Warnung","Microsoft-Windows-AppLocker","SLH-Tresen-Nuc","Die Ausführung von MICROSOFTWINDOWS.CLIENT.CBS wurde zugelassen, wäre jedoch verhindert worden, wäre die AppLocker-Richtlinie erzwungen worden."
"25.05.2026 11:24:05","8021","Warnung","Microsoft-Windows-AppLocker","SLH-Tresen-Nuc","Die Ausführung von MICROSOFT.AAD.BROKERPLUGIN wurde zugelassen, wäre jedoch verhindert worden, wäre die AppLocker-Richtlinie erzwungen worden."
"25.05.2026 11:24:00","8021","Warnung","Microsoft-Windows-AppLocker","SLH-Tresen-Nuc","Die Ausführung von MICROSOFT.AAD.BROKERPLUGIN wurde zugelassen, wäre jedoch verhindert worden, wäre die AppLocker-Richtlinie erzwungen worden."
"25.05.2026 11:23:58","8021","Warnung","Microsoft-Windows-AppLocker","SLH-Tresen-Nuc","Die Ausführung von MICROSOFT.AAD.BROKERPLUGIN wurde zugelassen, wäre jedoch verhindert worden, wäre die AppLocker-Richtlinie erzwungen worden."
"25.05.2026 11:23:53","8021","Warnung","Microsoft-Windows-AppLocker","SLH-Tresen-Nuc","Die Ausführung von MICROSOFT.AAD.BROKERPLUGIN wurde zugelassen, wäre jedoch verhindert worden, wäre die AppLocker-Richtlinie erzwungen worden."
"25.05.2026 11:23:51","8021","Warnung","Microsoft-Windows-AppLocker","SLH-Tresen-Nuc","Die Ausführung von MICROSOFT.AAD.BROKERPLUGIN wurde zugelassen, wäre jedoch verhindert worden, wäre die AppLocker-Richtlinie erzwungen worden."
"25.05.2026 11:23:51","8021","Warnung","Microsoft-Windows-AppLocker","SLH-Tresen-Nuc","Die Ausführung von MICROSOFT.AAD.BROKERPLUGIN wurde zugelassen, wäre jedoch verhindert worden, wäre die AppLocker-Richtlinie erzwungen worden."
"25.05.2026 11:09:35","8021","Warnung","Microsoft-Windows-AppLocker","SLH-Tresen-Nuc","Die Ausführung von MICROSOFTWINDOWS.CLIENT.CBS wurde zugelassen, wäre jedoch verhindert worden, wäre die AppLocker-Richtlinie erzwungen worden."
"25.05.2026 11:06:35","8021","Warnung","Microsoft-Windows-AppLocker","SLH-Tresen-Nuc","Die Ausführung von MICROSOFT.STOREPURCHASEAPP wurde zugelassen, wäre jedoch verhindert worden, wäre die AppLocker-Richtlinie erzwungen worden."
"25.05.2026 11:06:35","8021","Warnung","Microsoft-Windows-AppLocker","SLH-Tresen-Nuc","Die Ausführung von MICROSOFT.STOREPURCHASEAPP wurde zugelassen, wäre jedoch verhindert worden, wäre die AppLocker-Richtlinie erzwungen worden."
"25.05.2026 10:53:58","8021","Warnung","Microsoft-Windows-AppLocker","SLH-Tresen-Nuc","Die Ausführung von MICROSOFT.AAD.BROKERPLUGIN wurde zugelassen, wäre jedoch verhindert worden, wäre die AppLocker-Richtlinie erzwungen worden."
"25.05.2026 10:53:49","8021","Warnung","Microsoft-Windows-AppLocker","SLH-Tresen-Nuc","Die Ausführung von MICROSOFT.AAD.BROKERPLUGIN wurde zugelassen, wäre jedoch verhindert worden, wäre die AppLocker-Richtlinie erzwungen worden."
"25.05.2026 10:53:49","8021","Warnung","Microsoft-Windows-AppLocker","SLH-Tresen-Nuc","Die Ausführung von MICROSOFT.AAD.BROKERPLUGIN wurde zugelassen, wäre jedoch verhindert worden, wäre die AppLocker-Richtlinie erzwungen worden."
"25.05.2026 10:46:41","8021","Warnung","Microsoft-Windows-AppLocker","SLH-Tresen-Nuc","Die Ausführung von MICROSOFT.AAD.BROKERPLUGIN wurde zugelassen, wäre jedoch verhindert worden, wäre die AppLocker-Richtlinie erzwungen worden."
"25.05.2026 10:46:41","8021","Warnung","Microsoft-Windows-AppLocker","SLH-Tresen-Nuc","Die Ausführung von MICROSOFT.AAD.BROKERPLUGIN wurde zugelassen, wäre jedoch verhindert worden, wäre die AppLocker-Richtlinie erzwungen worden."
"25.05.2026 10:39:35","8021","Warnung","Microsoft-Windows-AppLocker","SLH-Tresen-Nuc","Die Ausführung von MICROSOFTWINDOWS.CLIENT.CBS wurde zugelassen, wäre jedoch verhindert worden, wäre die AppLocker-Richtlinie erzwungen worden."
"25.05.2026 10:28:35","8021","Warnung","Microsoft-Windows-AppLocker","SLH-Tresen-Nuc","Die Ausführung von MICROSOFT.WINDOWSSTORE wurde zugelassen, wäre jedoch verhindert worden, wäre die AppLocker-Richtlinie erzwungen worden."
"25.05.2026 10:24:35","8021","Warnung","Microsoft-Windows-AppLocker","SLH-Tresen-Nuc","Die Ausführung von MICROSOFTWINDOWS.CLIENT.CBS wurde zugelassen, wäre jedoch verhindert worden, wäre die AppLocker-Richtlinie erzwungen worden."
"25.05.2026 10:09:13","8021","Warnung","Microsoft-Windows-AppLocker","SLH-Tresen-Nuc","Die Ausführung von MICROSOFTWINDOWS.CLIENT.CBS wurde zugelassen, wäre jedoch verhindert worden, wäre die AppLocker-Richtlinie erzwungen worden."
"25.05.2026 10:03:34","8021","Warnung","Microsoft-Windows-AppLocker","SLH-Tresen-Nuc","Die Ausführung von MICROSOFT.WINDOWS.SHELLEXPERIENCEHOST wurde zugelassen, wäre jedoch verhindert worden, wäre die AppLocker-Richtlinie erzwungen worden."
"25.05.2026 10:03:30","8021","Warnung","Microsoft-Windows-AppLocker","SLH-Tresen-Nuc","Die Ausführung von MICROSOFT.WINDOWS.SHELLEXPERIENCEHOST wurde zugelassen, wäre jedoch verhindert worden, wäre die AppLocker-Richtlinie erzwungen worden."
"25.05.2026 09:54:41","8021","Warnung","Microsoft-Windows-AppLocker","SLH-Tresen-Nuc","Die Ausführung von MICROSOFT.YOURPHONE wurde zugelassen, wäre jedoch verhindert worden, wäre die AppLocker-Richtlinie erzwungen worden."
"25.05.2026 09:53:43","8021","Warnung","Microsoft-Windows-AppLocker","SLH-Tresen-Nuc","Die Ausführung von MICROSOFT.AAD.BROKERPLUGIN wurde zugelassen, wäre jedoch verhindert worden, wäre die AppLocker-Richtlinie erzwungen worden."
"25.05.2026 09:53:43","8021","Warnung","Microsoft-Windows-AppLocker","SLH-Tresen-Nuc","Die Ausführung von MICROSOFT.AAD.BROKERPLUGIN wurde zugelassen, wäre jedoch verhindert worden, wäre die AppLocker-Richtlinie erzwungen worden."
"25.05.2026 09:53:43","8021","Warnung","Microsoft-Windows-AppLocker","SLH-Tresen-Nuc","Die Ausführung von MICROSOFT.WINDOWS.CONTENTDELIVERYMANAGER wurde zugelassen, wäre jedoch verhindert worden, wäre die AppLocker-Richtlinie erzwungen worden."
"25.05.2026 09:53:43","8021","Warnung","Microsoft-Windows-AppLocker","SLH-Tresen-Nuc","Die Ausführung von MICROSOFTWINDOWS.CLIENT.OOBE wurde zugelassen, wäre jedoch verhindert worden, wäre die AppLocker-Richtlinie erzwungen worden."
"25.05.2026 09:53:43","8021","Warnung","Microsoft-Windows-AppLocker","SLH-Tresen-Nuc","Die Ausführung von MICROSOFTWINDOWS.CLIENT.CBS wurde zugelassen, wäre jedoch verhindert worden, wäre die AppLocker-Richtlinie erzwungen worden."
"25.05.2026 09:53:43","8021","Warnung","Microsoft-Windows-AppLocker","SLH-Tresen-Nuc","Die Ausführung von MICROSOFTWINDOWS.CLIENT.OOBE wurde zugelassen, wäre jedoch verhindert worden, wäre die AppLocker-Richtlinie erzwungen worden."
"25.05.2026 09:53:43","8021","Warnung","Microsoft-Windows-AppLocker","SLH-Tresen-Nuc","Die Ausführung von MICROSOFT.WINDOWS.CONTENTDELIVERYMANAGER wurde zugelassen, wäre jedoch verhindert worden, wäre die AppLocker-Richtlinie erzwungen worden."
"25.05.2026 09:53:43","8021","Warnung","Microsoft-Windows-AppLocker","SLH-Tresen-Nuc","Die Ausführung von MICROSOFTWINDOWS.CLIENT.CBS wurde zugelassen, wäre jedoch verhindert worden, wäre die AppLocker-Richtlinie erzwungen worden."
"25.05.2026 09:53:43","8021","Warnung","Microsoft-Windows-AppLocker","SLH-Tresen-Nuc","Die Ausführung von MICROSOFTWINDOWS.CLIENT.CBS wurde zugelassen, wäre jedoch verhindert worden, wäre die AppLocker-Richtlinie erzwungen worden."
"25.05.2026 09:53:43","8021","Warnung","Microsoft-Windows-AppLocker","SLH-Tresen-Nuc","Die Ausführung von MICROSOFTWINDOWS.CLIENT.CBS wurde zugelassen, wäre jedoch verhindert worden, wäre die AppLocker-Richtlinie erzwungen worden."
"25.05.2026 09:50:12","8021","Warnung","Microsoft-Windows-AppLocker","SLH-Tresen-Nuc","Die Ausführung von MICROSOFT.YOURPHONE wurde zugelassen, wäre jedoch verhindert worden, wäre die AppLocker-Richtlinie erzwungen worden."
"25.05.2026 09:41:12","8021","Warnung","Microsoft-Windows-AppLocker","SLH-Tresen-Nuc","Die Ausführung von MICROSOFT.OFFICE.ACTIONSSERVER wurde zugelassen, wäre jedoch verhindert worden, wäre die AppLocker-Richtlinie erzwungen worden."
"25.05.2026 09:39:45","8021","Warnung","Microsoft-Windows-AppLocker","SLH-Tresen-Nuc","Die Ausführung von MICROSOFT.AAD.BROKERPLUGIN wurde zugelassen, wäre jedoch verhindert worden, wäre die AppLocker-Richtlinie erzwungen worden."
"25.05.2026 09:39:45","8021","Warnung","Microsoft-Windows-AppLocker","SLH-Tresen-Nuc","Die Ausführung von MICROSOFT.AAD.BROKERPLUGIN wurde zugelassen, wäre jedoch verhindert worden, wäre die AppLocker-Richtlinie erzwungen worden."
"25.05.2026 09:36:37","8021","Warnung","Microsoft-Windows-AppLocker","SLH-Tresen-Nuc","Die Ausführung von MICROSOFT.AAD.BROKERPLUGIN wurde zugelassen, wäre jedoch verhindert worden, wäre die AppLocker-Richtlinie erzwungen worden."
"25.05.2026 09:36:36","8021","Warnung","Microsoft-Windows-AppLocker","SLH-Tresen-Nuc","Die Ausführung von MICROSOFT.AAD.BROKERPLUGIN wurde zugelassen, wäre jedoch verhindert worden, wäre die AppLocker-Richtlinie erzwungen worden."
"25.05.2026 09:36:36","8021","Warnung","Microsoft-Windows-AppLocker","SLH-Tresen-Nuc","Die Ausführung von MICROSOFT.AAD.BROKERPLUGIN wurde zugelassen, wäre jedoch verhindert worden, wäre die AppLocker-Richtlinie erzwungen worden."
"25.05.2026 09:36:12","8021","Warnung","Microsoft-Windows-AppLocker","SLH-Tresen-Nuc","Die Ausführung von MICROSOFTWINDOWS.CLIENT.CBS wurde zugelassen, wäre jedoch verhindert worden, wäre die AppLocker-Richtlinie erzwungen worden."
"25.05.2026 09:36:12","8021","Warnung","Microsoft-Windows-AppLocker","SLH-Tresen-Nuc","Die Ausführung von MICROSOFT.OFFICE.ACTIONSSERVER wurde zugelassen, wäre jedoch verhindert worden, wäre die AppLocker-Richtlinie erzwungen worden."
"25.05.2026 09:35:35","8021","Warnung","Microsoft-Windows-AppLocker","SLH-Tresen-Nuc","Die Ausführung von WINDOWS.IMMERSIVECONTROLPANEL wurde zugelassen, wäre jedoch verhindert worden, wäre die AppLocker-Richtlinie erzwungen worden."
"25.05.2026 09:34:36","8021","Warnung","Microsoft-Windows-AppLocker","SLH-Tresen-Nuc","Die Ausführung von MICROSOFT.STOREPURCHASEAPP wurde zugelassen, wäre jedoch verhindert worden, wäre die AppLocker-Richtlinie erzwungen worden."
"25.05.2026 09:34:35","8021","Warnung","Microsoft-Windows-AppLocker","SLH-Tresen-Nuc","Die Ausführung von MICROSOFTWINDOWS.CLIENT.CBS wurde zugelassen, wäre jedoch verhindert worden, wäre die AppLocker-Richtlinie erzwungen worden."
"25.05.2026 09:34:35","8021","Warnung","Microsoft-Windows-AppLocker","SLH-Tresen-Nuc","Die Ausführung von MICROSOFT.STOREPURCHASEAPP wurde zugelassen, wäre jedoch verhindert worden, wäre die AppLocker-Richtlinie erzwungen worden."
"25.05.2026 09:34:35","8021","Warnung","Microsoft-Windows-AppLocker","SLH-Tresen-Nuc","Die Ausführung von MICROSOFTWINDOWS.CLIENT.CBS wurde zugelassen, wäre jedoch verhindert worden, wäre die AppLocker-Richtlinie erzwungen worden."
"25.05.2026 09:34:35","8021","Warnung","Microsoft-Windows-AppLocker","SLH-Tresen-Nuc","Die Ausführung von MICROSOFT.WINDOWSSTORE wurde zugelassen, wäre jedoch verhindert worden, wäre die AppLocker-Richtlinie erzwungen worden."
"25.05.2026 09:34:35","8021","Warnung","Microsoft-Windows-AppLocker","SLH-Tresen-Nuc","Die Ausführung von MICROSOFT.WINDOWSSTORE wurde zugelassen, wäre jedoch verhindert worden, wäre die AppLocker-Richtlinie erzwungen worden."
"25.05.2026 09:34:35","8021","Warnung","Microsoft-Windows-AppLocker","SLH-Tresen-Nuc","Die Ausführung von MICROSOFT.YOURPHONE wurde zugelassen, wäre jedoch verhindert worden, wäre die AppLocker-Richtlinie erzwungen worden."
"25.05.2026 09:31:45","8021","Warnung","Microsoft-Windows-AppLocker","SLH-Tresen-Nuc","Die Ausführung von MICROSOFT.ONEDRIVESYNC wurde zugelassen, wäre jedoch verhindert worden, wäre die AppLocker-Richtlinie erzwungen worden."
"25.05.2026 09:29:34","8021","Warnung","Microsoft-Windows-AppLocker","SLH-Tresen-Nuc","Die Ausführung von SPOTIFYAB.SPOTIFYMUSIC wurde zugelassen, wäre jedoch verhindert worden, wäre die AppLocker-Richtlinie erzwungen worden."
"25.05.2026 09:28:17","8021","Warnung","Microsoft-Windows-AppLocker","SLH-Tresen-Nuc","Die Ausführung von MICROSOFTWINDOWS.CLIENT.CBS wurde zugelassen, wäre jedoch verhindert worden, wäre die AppLocker-Richtlinie erzwungen worden."
"25.05.2026 09:27:50","8021","Warnung","Microsoft-Windows-AppLocker","SLH-Tresen-Nuc","Die Ausführung von SPOTIFYAB.SPOTIFYMUSIC wurde zugelassen, wäre jedoch verhindert worden, wäre die AppLocker-Richtlinie erzwungen worden."
"25.05.2026 09:27:48","8021","Warnung","Microsoft-Windows-AppLocker","SLH-Tresen-Nuc","Die Ausführung von SPOTIFYAB.SPOTIFYMUSIC wurde zugelassen, wäre jedoch verhindert worden, wäre die AppLocker-Richtlinie erzwungen worden."
"25.05.2026 09:27:43","8021","Warnung","Microsoft-Windows-AppLocker","SLH-Tresen-Nuc","Die Ausführung von SPOTIFYAB.SPOTIFYMUSIC wurde zugelassen, wäre jedoch verhindert worden, wäre die AppLocker-Richtlinie erzwungen worden."
"25.05.2026 09:27:35","8021","Warnung","Microsoft-Windows-AppLocker","SLH-Tresen-Nuc","Die Ausführung von SPOTIFYAB.SPOTIFYMUSIC wurde zugelassen, wäre jedoch verhindert worden, wäre die AppLocker-Richtlinie erzwungen worden."
"25.05.2026 09:27:34","8021","Warnung","Microsoft-Windows-AppLocker","SLH-Tresen-Nuc","Die Ausführung von SPOTIFYAB.SPOTIFYMUSIC wurde zugelassen, wäre jedoch verhindert worden, wäre die AppLocker-Richtlinie erzwungen worden."
"25.05.2026 09:27:34","8021","Warnung","Microsoft-Windows-AppLocker","SLH-Tresen-Nuc","Die Ausführung von SPOTIFYAB.SPOTIFYMUSIC wurde zugelassen, wäre jedoch verhindert worden, wäre die AppLocker-Richtlinie erzwungen worden."
"25.05.2026 09:27:34","8021","Warnung","Microsoft-Windows-AppLocker","SLH-Tresen-Nuc","Die Ausführung von SPOTIFYAB.SPOTIFYMUSIC wurde zugelassen, wäre jedoch verhindert worden, wäre die AppLocker-Richtlinie erzwungen worden."
"25.05.2026 09:27:34","8021","Warnung","Microsoft-Windows-AppLocker","SLH-Tresen-Nuc","Die Ausführung von MICROSOFT.WINDOWSSTORE wurde zugelassen, wäre jedoch verhindert worden, wäre die AppLocker-Richtlinie erzwungen worden."
"25.05.2026 09:27:33","8021","Warnung","Microsoft-Windows-AppLocker","SLH-Tresen-Nuc","Die Ausführung von SPOTIFYAB.SPOTIFYMUSIC wurde zugelassen, wäre jedoch verhindert worden, wäre die AppLocker-Richtlinie erzwungen worden."
"25.05.2026 09:27:33","8021","Warnung","Microsoft-Windows-AppLocker","SLH-Tresen-Nuc","Die Ausführung von SPOTIFYAB.SPOTIFYMUSIC wurde zugelassen, wäre jedoch verhindert worden, wäre die AppLocker-Richtlinie erzwungen worden."
"25.05.2026 09:27:33","8021","Warnung","Microsoft-Windows-AppLocker","SLH-Tresen-Nuc","Die Ausführung von SPOTIFYAB.SPOTIFYMUSIC wurde zugelassen, wäre jedoch verhindert worden, wäre die AppLocker-Richtlinie erzwungen worden."
"25.05.2026 09:27:33","8021","Warnung","Microsoft-Windows-AppLocker","SLH-Tresen-Nuc","Die Ausführung von SPOTIFYAB.SPOTIFYMUSIC wurde zugelassen, wäre jedoch verhindert worden, wäre die AppLocker-Richtlinie erzwungen worden."
"25.05.2026 09:27:33","8021","Warnung","Microsoft-Windows-AppLocker","SLH-Tresen-Nuc","Die Ausführung von MICROSOFTWINDOWS.CROSSDEVICE wurde zugelassen, wäre jedoch verhindert worden, wäre die AppLocker-Richtlinie erzwungen worden."
"25.05.2026 09:27:09","8021","Warnung","Microsoft-Windows-AppLocker","SLH-Tresen-Nuc","Die Ausführung von MICROSOFT.OFFICE.ACTIONSSERVER wurde zugelassen, wäre jedoch verhindert worden, wäre die AppLocker-Richtlinie erzwungen worden."
"25.05.2026 09:27:09","8021","Warnung","Microsoft-Windows-AppLocker","SLH-Tresen-Nuc","Die Ausführung von MICROSOFTWINDOWS.CLIENT.CBS wurde zugelassen, wäre jedoch verhindert worden, wäre die AppLocker-Richtlinie erzwungen worden."
"25.05.2026 09:27:00","8021","Warnung","Microsoft-Windows-AppLocker","SLH-Tresen-Nuc","Die Ausführung von MICROSOFT.MICROSOFTEDGE.STABLE wurde zugelassen, wäre jedoch verhindert worden, wäre die AppLocker-Richtlinie erzwungen worden."
"25.05.2026 09:26:59","8021","Warnung","Microsoft-Windows-AppLocker","SLH-Tresen-Nuc","Die Ausführung von MICROSOFT.AAD.BROKERPLUGIN wurde zugelassen, wäre jedoch verhindert worden, wäre die AppLocker-Richtlinie erzwungen worden."
"25.05.2026 09:26:56","8021","Warnung","Microsoft-Windows-AppLocker","SLH-Tresen-Nuc","Die Ausführung von MICROSOFT.AAD.BROKERPLUGIN wurde zugelassen, wäre jedoch verhindert worden, wäre die AppLocker-Richtlinie erzwungen worden."
"25.05.2026 09:26:49","8021","Warnung","Microsoft-Windows-AppLocker","SLH-Tresen-Nuc","Die Ausführung von MICROSOFT.AAD.BROKERPLUGIN wurde zugelassen, wäre jedoch verhindert worden, wäre die AppLocker-Richtlinie erzwungen worden."
"25.05.2026 09:26:48","8021","Warnung","Microsoft-Windows-AppLocker","SLH-Tresen-Nuc","Die Ausführung von MICROSOFT.AAD.BROKERPLUGIN wurde zugelassen, wäre jedoch verhindert worden, wäre die AppLocker-Richtlinie erzwungen worden."
"25.05.2026 09:26:47","8021","Warnung","Microsoft-Windows-AppLocker","SLH-Tresen-Nuc","Die Ausführung von MICROSOFT.AAD.BROKERPLUGIN wurde zugelassen, wäre jedoch verhindert worden, wäre die AppLocker-Richtlinie erzwungen worden."
"25.05.2026 09:26:45","8021","Warnung","Microsoft-Windows-AppLocker","SLH-Tresen-Nuc","Die Ausführung von MICROSOFT.AAD.BROKERPLUGIN wurde zugelassen, wäre jedoch verhindert worden, wäre die AppLocker-Richtlinie erzwungen worden."
"25.05.2026 09:26:43","8021","Warnung","Microsoft-Windows-AppLocker","SLH-Tresen-Nuc","Die Ausführung von MICROSOFT.AAD.BROKERPLUGIN wurde zugelassen, wäre jedoch verhindert worden, wäre die AppLocker-Richtlinie erzwungen worden."
"25.05.2026 09:26:42","8021","Warnung","Microsoft-Windows-AppLocker","SLH-Tresen-Nuc","Die Ausführung von MICROSOFT.AAD.BROKERPLUGIN wurde zugelassen, wäre jedoch verhindert worden, wäre die AppLocker-Richtlinie erzwungen worden."
"25.05.2026 09:26:41","8021","Warnung","Microsoft-Windows-AppLocker","SLH-Tresen-Nuc","Die Ausführung von MICROSOFT.AAD.BROKERPLUGIN wurde zugelassen, wäre jedoch verhindert worden, wäre die AppLocker-Richtlinie erzwungen worden."
"25.05.2026 09:26:40","8021","Warnung","Microsoft-Windows-AppLocker","SLH-Tresen-Nuc","Die Ausführung von MICROSOFT.AAD.BROKERPLUGIN wurde zugelassen, wäre jedoch verhindert worden, wäre die AppLocker-Richtlinie erzwungen worden."
"25.05.2026 09:26:38","8021","Warnung","Microsoft-Windows-AppLocker","SLH-Tresen-Nuc","Die Ausführung von MICROSOFT.AAD.BROKERPLUGIN wurde zugelassen, wäre jedoch verhindert worden, wäre die AppLocker-Richtlinie erzwungen worden."
"25.05.2026 09:26:35","8021","Warnung","Microsoft-Windows-AppLocker","SLH-Tresen-Nuc","Die Ausführung von MICROSOFT.AAD.BROKERPLUGIN wurde zugelassen, wäre jedoch verhindert worden, wäre die AppLocker-Richtlinie erzwungen worden."
"25.05.2026 09:26:30","8021","Warnung","Microsoft-Windows-AppLocker","SLH-Tresen-Nuc","Die Ausführung von MICROSOFT.YOURPHONE wurde zugelassen, wäre jedoch verhindert worden, wäre die AppLocker-Richtlinie erzwungen worden."
"25.05.2026 09:26:29","8021","Warnung","Microsoft-Windows-AppLocker","SLH-Tresen-Nuc","Die Ausführung von SPOTIFYAB.SPOTIFYMUSIC wurde zugelassen, wäre jedoch verhindert worden, wäre die AppLocker-Richtlinie erzwungen worden."
"25.05.2026 09:26:29","8021","Warnung","Microsoft-Windows-AppLocker","SLH-Tresen-Nuc","Die Ausführung von SPOTIFYAB.SPOTIFYMUSIC wurde zugelassen, wäre jedoch verhindert worden, wäre die AppLocker-Richtlinie erzwungen worden."
"25.05.2026 09:26:29","8021","Warnung","Microsoft-Windows-AppLocker","SLH-Tresen-Nuc","Die Ausführung von SPOTIFYAB.SPOTIFYMUSIC wurde zugelassen, wäre jedoch verhindert worden, wäre die AppLocker-Richtlinie erzwungen worden."
"25.05.2026 09:26:29","8021","Warnung","Microsoft-Windows-AppLocker","SLH-Tresen-Nuc","Die Ausführung von SPOTIFYAB.SPOTIFYMUSIC wurde zugelassen, wäre jedoch verhindert worden, wäre die AppLocker-Richtlinie erzwungen worden."
"25.05.2026 09:26:29","8021","Warnung","Microsoft-Windows-AppLocker","SLH-Tresen-Nuc","Die Ausführung von SPOTIFYAB.SPOTIFYMUSIC wurde zugelassen, wäre jedoch verhindert worden, wäre die AppLocker-Richtlinie erzwungen worden."
"25.05.2026 09:26:29","8021","Warnung","Microsoft-Windows-AppLocker","SLH-Tresen-Nuc","Die Ausführung von SPOTIFYAB.SPOTIFYMUSIC wurde zugelassen, wäre jedoch verhindert worden, wäre die AppLocker-Richtlinie erzwungen worden."
"25.05.2026 09:26:29","8021","Warnung","Microsoft-Windows-AppLocker","SLH-Tresen-Nuc","Die Ausführung von SPOTIFYAB.SPOTIFYMUSIC wurde zugelassen, wäre jedoch verhindert worden, wäre die AppLocker-Richtlinie erzwungen worden."
"25.05.2026 09:26:29","8021","Warnung","Microsoft-Windows-AppLocker","SLH-Tresen-Nuc","Die Ausführung von SPOTIFYAB.SPOTIFYMUSIC wurde zugelassen, wäre jedoch verhindert worden, wäre die AppLocker-Richtlinie erzwungen worden."
"25.05.2026 09:26:29","8021","Warnung","Microsoft-Windows-AppLocker","SLH-Tresen-Nuc","Die Ausführung von SPOTIFYAB.SPOTIFYMUSIC wurde zugelassen, wäre jedoch verhindert worden, wäre die AppLocker-Richtlinie erzwungen worden."
"25.05.2026 09:26:29","8021","Warnung","Microsoft-Windows-AppLocker","SLH-Tresen-Nuc","Die Ausführung von SPOTIFYAB.SPOTIFYMUSIC wurde zugelassen, wäre jedoch verhindert worden, wäre die AppLocker-Richtlinie erzwungen worden."
"25.05.2026 09:26:29","8021","Warnung","Microsoft-Windows-AppLocker","SLH-Tresen-Nuc","Die Ausführung von SPOTIFYAB.SPOTIFYMUSIC wurde zugelassen, wäre jedoch verhindert worden, wäre die AppLocker-Richtlinie erzwungen worden."
"25.05.2026 09:26:29","8021","Warnung","Microsoft-Windows-AppLocker","SLH-Tresen-Nuc","Die Ausführung von SPOTIFYAB.SPOTIFYMUSIC wurde zugelassen, wäre jedoch verhindert worden, wäre die AppLocker-Richtlinie erzwungen worden."
"25.05.2026 09:26:29","8021","Warnung","Microsoft-Windows-AppLocker","SLH-Tresen-Nuc","Die Ausführung von SPOTIFYAB.SPOTIFYMUSIC wurde zugelassen, wäre jedoch verhindert worden, wäre die AppLocker-Richtlinie erzwungen worden."
"25.05.2026 09:26:28","8021","Warnung","Microsoft-Windows-AppLocker","SLH-Tresen-Nuc","Die Ausführung von SPOTIFYAB.SPOTIFYMUSIC wurde zugelassen, wäre jedoch verhindert worden, wäre die AppLocker-Richtlinie erzwungen worden."
"25.05.2026 09:26:28","8021","Warnung","Microsoft-Windows-AppLocker","SLH-Tresen-Nuc","Die Ausführung von SPOTIFYAB.SPOTIFYMUSIC wurde zugelassen, wäre jedoch verhindert worden, wäre die AppLocker-Richtlinie erzwungen worden."
"25.05.2026 09:26:28","8021","Warnung","Microsoft-Windows-AppLocker","SLH-Tresen-Nuc","Die Ausführung von SPOTIFYAB.SPOTIFYMUSIC wurde zugelassen, wäre jedoch verhindert worden, wäre die AppLocker-Richtlinie erzwungen worden."
"25.05.2026 09:26:28","8021","Warnung","Microsoft-Windows-AppLocker","SLH-Tresen-Nuc","Die Ausführung von SPOTIFYAB.SPOTIFYMUSIC wurde zugelassen, wäre jedoch verhindert worden, wäre die AppLocker-Richtlinie erzwungen worden."
"25.05.2026 09:26:28","8021","Warnung","Microsoft-Windows-AppLocker","SLH-Tresen-Nuc","Die Ausführung von SPOTIFYAB.SPOTIFYMUSIC wurde zugelassen, wäre jedoch verhindert worden, wäre die AppLocker-Richtlinie erzwungen worden."
"25.05.2026 09:26:28","8021","Warnung","Microsoft-Windows-AppLocker","SLH-Tresen-Nuc","Die Ausführung von SPOTIFYAB.SPOTIFYMUSIC wurde zugelassen, wäre jedoch verhindert worden, wäre die AppLocker-Richtlinie erzwungen worden."
"25.05.2026 09:26:28","8021","Warnung","Microsoft-Windows-AppLocker","SLH-Tresen-Nuc","Die Ausführung von SPOTIFYAB.SPOTIFYMUSIC wurde zugelassen, wäre jedoch verhindert worden, wäre die AppLocker-Richtlinie erzwungen worden."
"25.05.2026 09:26:28","8021","Warnung","Microsoft-Windows-AppLocker","SLH-Tresen-Nuc","Die Ausführung von SPOTIFYAB.SPOTIFYMUSIC wurde zugelassen, wäre jedoch verhindert worden, wäre die AppLocker-Richtlinie erzwungen worden."
"25.05.2026 09:26:28","8021","Warnung","Microsoft-Windows-AppLocker","SLH-Tresen-Nuc","Die Ausführung von SPOTIFYAB.SPOTIFYMUSIC wurde zugelassen, wäre jedoch verhindert worden, wäre die AppLocker-Richtlinie erzwungen worden."
"25.05.2026 09:26:28","8021","Warnung","Microsoft-Windows-AppLocker","SLH-Tresen-Nuc","Die Ausführung von SPOTIFYAB.SPOTIFYMUSIC wurde zugelassen, wäre jedoch verhindert worden, wäre die AppLocker-Richtlinie erzwungen worden."
"25.05.2026 09:26:28","8021","Warnung","Microsoft-Windows-AppLocker","SLH-Tresen-Nuc","Die Ausführung von SPOTIFYAB.SPOTIFYMUSIC wurde zugelassen, wäre jedoch verhindert worden, wäre die AppLocker-Richtlinie erzwungen worden."
"25.05.2026 09:26:28","8021","Warnung","Microsoft-Windows-AppLocker","SLH-Tresen-Nuc","Die Ausführung von SPOTIFYAB.SPOTIFYMUSIC wurde zugelassen, wäre jedoch verhindert worden, wäre die AppLocker-Richtlinie erzwungen worden."
"25.05.2026 09:26:28","8021","Warnung","Microsoft-Windows-AppLocker","SLH-Tresen-Nuc","Die Ausführung von SPOTIFYAB.SPOTIFYMUSIC wurde zugelassen, wäre jedoch verhindert worden, wäre die AppLocker-Richtlinie erzwungen worden."
"25.05.2026 09:26:28","8021","Warnung","Microsoft-Windows-AppLocker","SLH-Tresen-Nuc","Die Ausführung von SPOTIFYAB.SPOTIFYMUSIC wurde zugelassen, wäre jedoch verhindert worden, wäre die AppLocker-Richtlinie erzwungen worden."
"25.05.2026 09:26:28","8021","Warnung","Microsoft-Windows-AppLocker","SLH-Tresen-Nuc","Die Ausführung von SPOTIFYAB.SPOTIFYMUSIC wurde zugelassen, wäre jedoch verhindert worden, wäre die AppLocker-Richtlinie erzwungen worden."
"25.05.2026 09:26:28","8021","Warnung","Microsoft-Windows-AppLocker","SLH-Tresen-Nuc","Die Ausführung von SPOTIFYAB.SPOTIFYMUSIC wurde zugelassen, wäre jedoch verhindert worden, wäre die AppLocker-Richtlinie erzwungen worden."
"25.05.2026 09:26:27","8021","Warnung","Microsoft-Windows-AppLocker","SLH-Tresen-Nuc","Die Ausführung von SPOTIFYAB.SPOTIFYMUSIC wurde zugelassen, wäre jedoch verhindert worden, wäre die AppLocker-Richtlinie erzwungen worden."
"25.05.2026 09:26:27","8021","Warnung","Microsoft-Windows-AppLocker","SLH-Tresen-Nuc","Die Ausführung von SPOTIFYAB.SPOTIFYMUSIC wurde zugelassen, wäre jedoch verhindert worden, wäre die AppLocker-Richtlinie erzwungen worden."
"25.05.2026 09:26:27","8021","Warnung","Microsoft-Windows-AppLocker","SLH-Tresen-Nuc","Die Ausführung von SPOTIFYAB.SPOTIFYMUSIC wurde zugelassen, wäre jedoch verhindert worden, wäre die AppLocker-Richtlinie erzwungen worden."
"25.05.2026 09:26:27","8021","Warnung","Microsoft-Windows-AppLocker","SLH-Tresen-Nuc","Die Ausführung von SPOTIFYAB.SPOTIFYMUSIC wurde zugelassen, wäre jedoch verhindert worden, wäre die AppLocker-Richtlinie erzwungen worden."
"25.05.2026 09:26:27","8021","Warnung","Microsoft-Windows-AppLocker","SLH-Tresen-Nuc","Die Ausführung von MICROSOFT.AAD.BROKERPLUGIN wurde zugelassen, wäre jedoch verhindert worden, wäre die AppLocker-Richtlinie erzwungen worden."
"25.05.2026 09:26:27","8021","Warnung","Microsoft-Windows-AppLocker","SLH-Tresen-Nuc","Die Ausführung von SPOTIFYAB.SPOTIFYMUSIC wurde zugelassen, wäre jedoch verhindert worden, wäre die AppLocker-Richtlinie erzwungen worden."
"25.05.2026 09:26:27","8021","Warnung","Microsoft-Windows-AppLocker","SLH-Tresen-Nuc","Die Ausführung von SPOTIFYAB.SPOTIFYMUSIC wurde zugelassen, wäre jedoch verhindert worden, wäre die AppLocker-Richtlinie erzwungen worden."
"25.05.2026 09:26:27","8021","Warnung","Microsoft-Windows-AppLocker","SLH-Tresen-Nuc","Die Ausführung von SPOTIFYAB.SPOTIFYMUSIC wurde zugelassen, wäre jedoch verhindert worden, wäre die AppLocker-Richtlinie erzwungen worden."
"25.05.2026 09:26:27","8021","Warnung","Microsoft-Windows-AppLocker","SLH-Tresen-Nuc","Die Ausführung von SPOTIFYAB.SPOTIFYMUSIC wurde zugelassen, wäre jedoch verhindert worden, wäre die AppLocker-Richtlinie erzwungen worden."
"25.05.2026 09:26:26","8021","Warnung","Microsoft-Windows-AppLocker","SLH-Tresen-Nuc","Die Ausführung von SPOTIFYAB.SPOTIFYMUSIC wurde zugelassen, wäre jedoch verhindert worden, wäre die AppLocker-Richtlinie erzwungen worden."
"25.05.2026 09:26:26","8021","Warnung","Microsoft-Windows-AppLocker","SLH-Tresen-Nuc","Die Ausführung von SPOTIFYAB.SPOTIFYMUSIC wurde zugelassen, wäre jedoch verhindert worden, wäre die AppLocker-Richtlinie erzwungen worden."
"25.05.2026 09:26:26","8021","Warnung","Microsoft-Windows-AppLocker","SLH-Tresen-Nuc","Die Ausführung von SPOTIFYAB.SPOTIFYMUSIC wurde zugelassen, wäre jedoch verhindert worden, wäre die AppLocker-Richtlinie erzwungen worden."
"25.05.2026 09:26:25","8021","Warnung","Microsoft-Windows-AppLocker","SLH-Tresen-Nuc","Die Ausführung von MICROSOFT.AAD.BROKERPLUGIN wurde zugelassen, wäre jedoch verhindert worden, wäre die AppLocker-Richtlinie erzwungen worden."
"25.05.2026 09:26:25","8021","Warnung","Microsoft-Windows-AppLocker","SLH-Tresen-Nuc","Die Ausführung von MICROSOFTWINDOWS.CLIENT.CBS wurde zugelassen, wäre jedoch verhindert worden, wäre die AppLocker-Richtlinie erzwungen worden."
"25.05.2026 09:26:25","8021","Warnung","Microsoft-Windows-AppLocker","SLH-Tresen-Nuc","Die Ausführung von SPOTIFYAB.SPOTIFYMUSIC wurde zugelassen, wäre jedoch verhindert worden, wäre die AppLocker-Richtlinie erzwungen worden."
"25.05.2026 09:26:24","8021","Warnung","Microsoft-Windows-AppLocker","SLH-Tresen-Nuc","Die Ausführung von MICROSOFT.AAD.BROKERPLUGIN wurde zugelassen, wäre jedoch verhindert worden, wäre die AppLocker-Richtlinie erzwungen worden."
"25.05.2026 09:26:24","8021","Warnung","Microsoft-Windows-AppLocker","SLH-Tresen-Nuc","Die Ausführung von MICROSOFT.YOURPHONE wurde zugelassen, wäre jedoch verhindert worden, wäre die AppLocker-Richtlinie erzwungen worden."
"25.05.2026 09:26:23","8021","Warnung","Microsoft-Windows-AppLocker","SLH-Tresen-Nuc","Die Ausführung von MICROSOFTWINDOWS.CROSSDEVICE wurde zugelassen, wäre jedoch verhindert worden, wäre die AppLocker-Richtlinie erzwungen worden."
"25.05.2026 09:26:22","8021","Warnung","Microsoft-Windows-AppLocker","SLH-Tresen-Nuc","Die Ausführung von MICROSOFT.AAD.BROKERPLUGIN wurde zugelassen, wäre jedoch verhindert worden, wäre die AppLocker-Richtlinie erzwungen worden."
"25.05.2026 09:26:21","8021","Warnung","Microsoft-Windows-AppLocker","SLH-Tresen-Nuc","Die Ausführung von MICROSOFT.STARTEXPERIENCESAPP wurde zugelassen, wäre jedoch verhindert worden, wäre die AppLocker-Richtlinie erzwungen worden."
"25.05.2026 09:26:19","8021","Warnung","Microsoft-Windows-AppLocker","SLH-Tresen-Nuc","Die Ausführung von MICROSOFT.AAD.BROKERPLUGIN wurde zugelassen, wäre jedoch verhindert worden, wäre die AppLocker-Richtlinie erzwungen worden."
"25.05.2026 09:26:19","8021","Warnung","Microsoft-Windows-AppLocker","SLH-Tresen-Nuc","Die Ausführung von MICROSOFT.AAD.BROKERPLUGIN wurde zugelassen, wäre jedoch verhindert worden, wäre die AppLocker-Richtlinie erzwungen worden."
"25.05.2026 09:26:19","8021","Warnung","Microsoft-Windows-AppLocker","SLH-Tresen-Nuc","Die Ausführung von MICROSOFT.WIDGETSPLATFORMRUNTIME wurde zugelassen, wäre jedoch verhindert worden, wäre die AppLocker-Richtlinie erzwungen worden."
"25.05.2026 09:26:18","8021","Warnung","Microsoft-Windows-AppLocker","SLH-Tresen-Nuc","Die Ausführung von SPOTIFYAB.SPOTIFYMUSIC wurde zugelassen, wäre jedoch verhindert worden, wäre die AppLocker-Richtlinie erzwungen worden."
"25.05.2026 09:26:18","8021","Warnung","Microsoft-Windows-AppLocker","SLH-Tresen-Nuc","Die Ausführung von MICROSOFT.YOURPHONE wurde zugelassen, wäre jedoch verhindert worden, wäre die AppLocker-Richtlinie erzwungen worden."
"25.05.2026 09:26:18","8021","Warnung","Microsoft-Windows-AppLocker","SLH-Tresen-Nuc","Die Ausführung von MICROSOFT.WINDOWSSTORE wurde zugelassen, wäre jedoch verhindert worden, wäre die AppLocker-Richtlinie erzwungen worden."
"25.05.2026 09:26:18","8021","Warnung","Microsoft-Windows-AppLocker","SLH-Tresen-Nuc","Die Ausführung von MICROSOFTWINDOWS.CLIENT.CBS wurde zugelassen, wäre jedoch verhindert worden, wäre die AppLocker-Richtlinie erzwungen worden."
"25.05.2026 09:26:18","8021","Warnung","Microsoft-Windows-AppLocker","SLH-Tresen-Nuc","Die Ausführung von MICROSOFTWINDOWS.CLIENT.CBS wurde zugelassen, wäre jedoch verhindert worden, wäre die AppLocker-Richtlinie erzwungen worden."
"25.05.2026 09:26:18","8021","Warnung","Microsoft-Windows-AppLocker","SLH-Tresen-Nuc","Die Ausführung von MICROSOFTWINDOWS.CLIENT.CBS wurde zugelassen, wäre jedoch verhindert worden, wäre die AppLocker-Richtlinie erzwungen worden."
"25.05.2026 09:26:18","8021","Warnung","Microsoft-Windows-AppLocker","SLH-Tresen-Nuc","Die Ausführung von MICROSOFTWINDOWS.CLIENT.CBS wurde zugelassen, wäre jedoch verhindert worden, wäre die AppLocker-Richtlinie erzwungen worden."
"25.05.2026 09:26:17","8021","Warnung","Microsoft-Windows-AppLocker","SLH-Tresen-Nuc","Die Ausführung von MICROSOFTWINDOWS.CLIENT.CBS wurde zugelassen, wäre jedoch verhindert worden, wäre die AppLocker-Richtlinie erzwungen worden."
"25.05.2026 09:26:17","8021","Warnung","Microsoft-Windows-AppLocker","SLH-Tresen-Nuc","Die Ausführung von MICROSOFTWINDOWS.CLIENT.CBS wurde zugelassen, wäre jedoch verhindert worden, wäre die AppLocker-Richtlinie erzwungen worden."
"25.05.2026 09:26:17","8021","Warnung","Microsoft-Windows-AppLocker","SLH-Tresen-Nuc","Die Ausführung von MICROSOFTWINDOWS.CLIENT.CBS wurde zugelassen, wäre jedoch verhindert worden, wäre die AppLocker-Richtlinie erzwungen worden."
"25.05.2026 09:26:16","8021","Warnung","Microsoft-Windows-AppLocker","SLH-Tresen-Nuc","Die Ausführung von MICROSOFTWINDOWS.CLIENT.WEBEXPERIENCE wurde zugelassen, wäre jedoch verhindert worden, wäre die AppLocker-Richtlinie erzwungen worden."
"25.05.2026 09:26:15","8021","Warnung","Microsoft-Windows-AppLocker","SLH-Tresen-Nuc","Die Ausführung von MICROSOFTWINDOWS.CLIENT.CBS wurde zugelassen, wäre jedoch verhindert worden, wäre die AppLocker-Richtlinie erzwungen worden."
"25.05.2026 09:26:15","8021","Warnung","Microsoft-Windows-AppLocker","SLH-Tresen-Nuc","Die Ausführung von MICROSOFT.WINDOWS.STARTMENUEXPERIENCEHOST wurde zugelassen, wäre jedoch verhindert worden, wäre die AppLocker-Richtlinie erzwungen worden."
"25.05.2026 09:26:15","8021","Warnung","Microsoft-Windows-AppLocker","SLH-Tresen-Nuc","Die Ausführung von MICROSOFTWINDOWS.CLIENT.CBS wurde zugelassen, wäre jedoch verhindert worden, wäre die AppLocker-Richtlinie erzwungen worden."
"25.05.2026 09:26:15","8021","Warnung","Microsoft-Windows-AppLocker","SLH-Tresen-Nuc","Die Ausführung von MICROSOFTWINDOWS.CROSSDEVICE wurde zugelassen, wäre jedoch verhindert worden, wäre die AppLocker-Richtlinie erzwungen worden."
"25.05.2026 09:26:13","8021","Warnung","Microsoft-Windows-AppLocker","SLH-Tresen-Nuc","Die Ausführung von MICROSOFTWINDOWS.CLIENT.CBS wurde zugelassen, wäre jedoch verhindert worden, wäre die AppLocker-Richtlinie erzwungen worden."
"25.05.2026 09:26:13","8021","Warnung","Microsoft-Windows-AppLocker","SLH-Tresen-Nuc","Die Ausführung von MICROSOFT.OFFICEPUSHNOTIFICATIONUTILITY wurde zugelassen, wäre jedoch verhindert worden, wäre die AppLocker-Richtlinie erzwungen worden."
"25.05.2026 09:23:45","8021","Warnung","Microsoft-Windows-AppLocker","SLH-Tresen-Nuc","Die Ausführung von APPUP.INTELARCSOFTWARE wurde zugelassen, wäre jedoch verhindert worden, wäre die AppLocker-Richtlinie erzwungen worden."
"25.05.2026 09:23:44","8021","Warnung","Microsoft-Windows-AppLocker","SLH-Tresen-Nuc","Die Ausführung von APPUP.INTELARCSOFTWARE wurde zugelassen, wäre jedoch verhindert worden, wäre die AppLocker-Richtlinie erzwungen worden."
"24.05.2026 18:36:48","8021","Warnung","Microsoft-Windows-AppLocker","SLH-Tresen-Nuc","Die Ausführung von MICROSOFTWINDOWS.CLIENT.CBS wurde zugelassen, wäre jedoch verhindert worden, wäre die AppLocker-Richtlinie erzwungen worden."
"24.05.2026 18:31:38","8021","Warnung","Microsoft-Windows-AppLocker","SLH-Tresen-Nuc","Die Ausführung von MICROSOFT.AAD.BROKERPLUGIN wurde zugelassen, wäre jedoch verhindert worden, wäre die AppLocker-Richtlinie erzwungen worden."
"24.05.2026 18:31:38","8021","Warnung","Microsoft-Windows-AppLocker","SLH-Tresen-Nuc","Die Ausführung von MICROSOFT.AAD.BROKERPLUGIN wurde zugelassen, wäre jedoch verhindert worden, wäre die AppLocker-Richtlinie erzwungen worden."
"24.05.2026 18:28:48","8021","Warnung","Microsoft-Windows-AppLocker","SLH-Tresen-Nuc","Die Ausführung von MICROSOFT.WINDOWSSTORE wurde zugelassen, wäre jedoch verhindert worden, wäre die AppLocker-Richtlinie erzwungen worden."
"24.05.2026 18:22:25","8021","Warnung","Microsoft-Windows-AppLocker","SLH-Tresen-Nuc","Die Ausführung von MICROSOFT.AAD.BROKERPLUGIN wurde zugelassen, wäre jedoch verhindert worden, wäre die AppLocker-Richtlinie erzwungen worden."
"24.05.2026 18:22:24","8021","Warnung","Microsoft-Windows-AppLocker","SLH-Tresen-Nuc","Die Ausführung von MICROSOFT.AAD.BROKERPLUGIN wurde zugelassen, wäre jedoch verhindert worden, wäre die AppLocker-Richtlinie erzwungen worden."
"24.05.2026 18:20:48","8021","Warnung","Microsoft-Windows-AppLocker","SLH-Tresen-Nuc","Die Ausführung von MICROSOFTWINDOWS.CLIENT.CBS wurde zugelassen, wäre jedoch verhindert worden, wäre die AppLocker-Richtlinie erzwungen worden."
"24.05.2026 18:05:48","8021","Warnung","Microsoft-Windows-AppLocker","SLH-Tresen-Nuc","Die Ausführung von MICROSOFTWINDOWS.CLIENT.CBS wurde zugelassen, wäre jedoch verhindert worden, wäre die AppLocker-Richtlinie erzwungen worden."
"24.05.2026 17:50:48","8021","Warnung","Microsoft-Windows-AppLocker","SLH-Tresen-Nuc","Die Ausführung von MICROSOFTWINDOWS.CLIENT.CBS wurde zugelassen, wäre jedoch verhindert worden, wäre die AppLocker-Richtlinie erzwungen worden."
"24.05.2026 17:47:03","8021","Warnung","Microsoft-Windows-AppLocker","SLH-Tresen-Nuc","Die Ausführung von MICROSOFT.AAD.BROKERPLUGIN wurde zugelassen, wäre jedoch verhindert worden, wäre die AppLocker-Richtlinie erzwungen worden."
"24.05.2026 17:47:03","8021","Warnung","Microsoft-Windows-AppLocker","SLH-Tresen-Nuc","Die Ausführung von MICROSOFT.AAD.BROKERPLUGIN wurde zugelassen, wäre jedoch verhindert worden, wäre die AppLocker-Richtlinie erzwungen worden."
"24.05.2026 17:35:48","8021","Warnung","Microsoft-Windows-AppLocker","SLH-Tresen-Nuc","Die Ausführung von MICROSOFTWINDOWS.CLIENT.CBS wurde zugelassen, wäre jedoch verhindert worden, wäre die AppLocker-Richtlinie erzwungen worden."
"24.05.2026 17:28:49","8021","Warnung","Microsoft-Windows-AppLocker","SLH-Tresen-Nuc","Die Ausführung von MICROSOFT.WINDOWSSTORE wurde zugelassen, wäre jedoch verhindert worden, wäre die AppLocker-Richtlinie erzwungen worden."
"24.05.2026 17:28:49","8021","Warnung","Microsoft-Windows-AppLocker","SLH-Tresen-Nuc","Die Ausführung von MICROSOFT.WINDOWSSTORE wurde zugelassen, wäre jedoch verhindert worden, wäre die AppLocker-Richtlinie erzwungen worden."
"24.05.2026 17:24:09","8021","Warnung","Microsoft-Windows-AppLocker","SLH-Tresen-Nuc","Die Ausführung von MICROSOFT.AAD.BROKERPLUGIN wurde zugelassen, wäre jedoch verhindert worden, wäre die AppLocker-Richtlinie erzwungen worden."
"24.05.2026 17:24:09","8021","Warnung","Microsoft-Windows-AppLocker","SLH-Tresen-Nuc","Die Ausführung von MICROSOFT.AAD.BROKERPLUGIN wurde zugelassen, wäre jedoch verhindert worden, wäre die AppLocker-Richtlinie erzwungen worden."
"24.05.2026 17:19:49","8021","Warnung","Microsoft-Windows-AppLocker","SLH-Tresen-Nuc","Die Ausführung von MICROSOFTWINDOWS.CLIENT.CBS wurde zugelassen, wäre jedoch verhindert worden, wäre die AppLocker-Richtlinie erzwungen worden."
"24.05.2026 17:17:52","8021","Warnung","Microsoft-Windows-AppLocker","SLH-Tresen-Nuc","Die Ausführung von MICROSOFT.AAD.BROKERPLUGIN wurde zugelassen, wäre jedoch verhindert worden, wäre die AppLocker-Richtlinie erzwungen worden."
"24.05.2026 17:17:52","8021","Warnung","Microsoft-Windows-AppLocker","SLH-Tresen-Nuc","Die Ausführung von MICROSOFT.AAD.BROKERPLUGIN wurde zugelassen, wäre jedoch verhindert worden, wäre die AppLocker-Richtlinie erzwungen worden."
"24.05.2026 17:12:33","8021","Warnung","Microsoft-Windows-AppLocker","SLH-Tresen-Nuc","Die Ausführung von MICROSOFT.STOREPURCHASEAPP wurde zugelassen, wäre jedoch verhindert worden, wäre die AppLocker-Richtlinie erzwungen worden."
"24.05.2026 17:12:33","8021","Warnung","Microsoft-Windows-AppLocker","SLH-Tresen-Nuc","Die Ausführung von MICROSOFT.STOREPURCHASEAPP wurde zugelassen, wäre jedoch verhindert worden, wäre die AppLocker-Richtlinie erzwungen worden."
"24.05.2026 17:04:49","8021","Warnung","Microsoft-Windows-AppLocker","SLH-Tresen-Nuc","Die Ausführung von MICROSOFTWINDOWS.CLIENT.CBS wurde zugelassen, wäre jedoch verhindert worden, wäre die AppLocker-Richtlinie erzwungen worden."
"24.05.2026 16:49:48","8021","Warnung","Microsoft-Windows-AppLocker","SLH-Tresen-Nuc","Die Ausführung von MICROSOFTWINDOWS.CLIENT.CBS wurde zugelassen, wäre jedoch verhindert worden, wäre die AppLocker-Richtlinie erzwungen worden."
"24.05.2026 16:49:18","8021","Warnung","Microsoft-Windows-AppLocker","SLH-Tresen-Nuc","Die Ausführung von MICROSOFT.AAD.BROKERPLUGIN wurde zugelassen, wäre jedoch verhindert worden, wäre die AppLocker-Richtlinie erzwungen worden."
"24.05.2026 16:49:18","8021","Warnung","Microsoft-Windows-AppLocker","SLH-Tresen-Nuc","Die Ausführung von MICROSOFT.AAD.BROKERPLUGIN wurde zugelassen, wäre jedoch verhindert worden, wäre die AppLocker-Richtlinie erzwungen worden."
"24.05.2026 16:34:48","8021","Warnung","Microsoft-Windows-AppLocker","SLH-Tresen-Nuc","Die Ausführung von MICROSOFTWINDOWS.CLIENT.CBS wurde zugelassen, wäre jedoch verhindert worden, wäre die AppLocker-Richtlinie erzwungen worden."
"24.05.2026 16:31:39","8021","Warnung","Microsoft-Windows-AppLocker","SLH-Tresen-Nuc","Die Ausführung von MICROSOFT.AAD.BROKERPLUGIN wurde zugelassen, wäre jedoch verhindert worden, wäre die AppLocker-Richtlinie erzwungen worden."
"24.05.2026 16:31:39","8021","Warnung","Microsoft-Windows-AppLocker","SLH-Tresen-Nuc","Die Ausführung von MICROSOFT.AAD.BROKERPLUGIN wurde zugelassen, wäre jedoch verhindert worden, wäre die AppLocker-Richtlinie erzwungen worden."
"24.05.2026 16:28:48","8021","Warnung","Microsoft-Windows-AppLocker","SLH-Tresen-Nuc","Die Ausführung von MICROSOFT.WINDOWSSTORE wurde zugelassen, wäre jedoch verhindert worden, wäre die AppLocker-Richtlinie erzwungen worden."
"24.05.2026 16:28:48","8021","Warnung","Microsoft-Windows-AppLocker","SLH-Tresen-Nuc","Die Ausführung von MICROSOFT.WINDOWSSTORE wurde zugelassen, wäre jedoch verhindert worden, wäre die AppLocker-Richtlinie erzwungen worden."
"24.05.2026 16:19:48","8021","Warnung","Microsoft-Windows-AppLocker","SLH-Tresen-Nuc","Die Ausführung von MICROSOFTWINDOWS.CLIENT.CBS wurde zugelassen, wäre jedoch verhindert worden, wäre die AppLocker-Richtlinie erzwungen worden."
"24.05.2026 16:13:32","8021","Warnung","Microsoft-Windows-AppLocker","SLH-Tresen-Nuc","Die Ausführung von MICROSOFT.OFFICEPUSHNOTIFICATIONUTILITY wurde zugelassen, wäre jedoch verhindert worden, wäre die AppLocker-Richtlinie erzwungen worden."
"24.05.2026 16:04:48","8021","Warnung","Microsoft-Windows-AppLocker","SLH-Tresen-Nuc","Die Ausführung von MICROSOFTWINDOWS.CLIENT.CBS wurde zugelassen, wäre jedoch verhindert worden, wäre die AppLocker-Richtlinie erzwungen worden."
"24.05.2026 15:56:21","8021","Warnung","Microsoft-Windows-AppLocker","SLH-Tresen-Nuc","Die Ausführung von MICROSOFT.AAD.BROKERPLUGIN wurde zugelassen, wäre jedoch verhindert worden, wäre die AppLocker-Richtlinie erzwungen worden."
"24.05.2026 15:56:19","8021","Warnung","Microsoft-Windows-AppLocker","SLH-Tresen-Nuc","Die Ausführung von MICROSOFT.AAD.BROKERPLUGIN wurde zugelassen, wäre jedoch verhindert worden, wäre die AppLocker-Richtlinie erzwungen worden."
"24.05.2026 15:56:19","8021","Warnung","Microsoft-Windows-AppLocker","SLH-Tresen-Nuc","Die Ausführung von MICROSOFT.AAD.BROKERPLUGIN wurde zugelassen, wäre jedoch verhindert worden, wäre die AppLocker-Richtlinie erzwungen worden."
"24.05.2026 15:49:48","8021","Warnung","Microsoft-Windows-AppLocker","SLH-Tresen-Nuc","Die Ausführung von MICROSOFTWINDOWS.CLIENT.CBS wurde zugelassen, wäre jedoch verhindert worden, wäre die AppLocker-Richtlinie erzwungen worden."
"24.05.2026 15:37:48","8021","Warnung","Microsoft-Windows-AppLocker","SLH-Tresen-Nuc","Die Ausführung von MICROSOFT.WINDOWS.CONTENTDELIVERYMANAGER wurde zugelassen, wäre jedoch verhindert worden, wäre die AppLocker-Richtlinie erzwungen worden."
"24.05.2026 15:37:48","8021","Warnung","Microsoft-Windows-AppLocker","SLH-Tresen-Nuc","Die Ausführung von MICROSOFT.WINDOWS.CONTENTDELIVERYMANAGER wurde zugelassen, wäre jedoch verhindert worden, wäre die AppLocker-Richtlinie erzwungen worden."
"24.05.2026 15:33:49","8021","Warnung","Microsoft-Windows-AppLocker","SLH-Tresen-Nuc","Die Ausführung von MICROSOFTWINDOWS.CLIENT.CBS wurde zugelassen, wäre jedoch verhindert worden, wäre die AppLocker-Richtlinie erzwungen worden."
"24.05.2026 15:28:49","8021","Warnung","Microsoft-Windows-AppLocker","SLH-Tresen-Nuc","Die Ausführung von MICROSOFT.WINDOWSSTORE wurde zugelassen, wäre jedoch verhindert worden, wäre die AppLocker-Richtlinie erzwungen worden."
"24.05.2026 15:28:49","8021","Warnung","Microsoft-Windows-AppLocker","SLH-Tresen-Nuc","Die Ausführung von MICROSOFT.WINDOWSSTORE wurde zugelassen, wäre jedoch verhindert worden, wäre die AppLocker-Richtlinie erzwungen worden."
"24.05.2026 15:18:49","8021","Warnung","Microsoft-Windows-AppLocker","SLH-Tresen-Nuc","Die Ausführung von MICROSOFTWINDOWS.CLIENT.CBS wurde zugelassen, wäre jedoch verhindert worden, wäre die AppLocker-Richtlinie erzwungen worden."
"24.05.2026 15:05:49","8021","Warnung","Microsoft-Windows-AppLocker","SLH-Tresen-Nuc","Die Ausführung von MICROSOFT.DESKTOPAPPINSTALLER wurde zugelassen, wäre jedoch verhindert worden, wäre die AppLocker-Richtlinie erzwungen worden."
"24.05.2026 15:05:49","8021","Warnung","Microsoft-Windows-AppLocker","SLH-Tresen-Nuc","Die Ausführung von MICROSOFT.STOREPURCHASEAPP wurde zugelassen, wäre jedoch verhindert worden, wäre die AppLocker-Richtlinie erzwungen worden."
"24.05.2026 15:05:49","8021","Warnung","Microsoft-Windows-AppLocker","SLH-Tresen-Nuc","Die Ausführung von MICROSOFT.STOREPURCHASEAPP wurde zugelassen, wäre jedoch verhindert worden, wäre die AppLocker-Richtlinie erzwungen worden."
"24.05.2026 15:03:49","8021","Warnung","Microsoft-Windows-AppLocker","SLH-Tresen-Nuc","Die Ausführung von MICROSOFTWINDOWS.CLIENT.CBS wurde zugelassen, wäre jedoch verhindert worden, wäre die AppLocker-Richtlinie erzwungen worden."
"24.05.2026 15:01:37","8021","Warnung","Microsoft-Windows-AppLocker","SLH-Tresen-Nuc","Die Ausführung von MICROSOFT.AAD.BROKERPLUGIN wurde zugelassen, wäre jedoch verhindert worden, wäre die AppLocker-Richtlinie erzwungen worden."
"24.05.2026 15:01:37","8021","Warnung","Microsoft-Windows-AppLocker","SLH-Tresen-Nuc","Die Ausführung von MICROSOFT.AAD.BROKERPLUGIN wurde zugelassen, wäre jedoch verhindert worden, wäre die AppLocker-Richtlinie erzwungen worden."
"24.05.2026 14:48:49","8021","Warnung","Microsoft-Windows-AppLocker","SLH-Tresen-Nuc","Die Ausführung von MICROSOFTWINDOWS.CLIENT.CBS wurde zugelassen, wäre jedoch verhindert worden, wäre die AppLocker-Richtlinie erzwungen worden."
"24.05.2026 14:44:47","8021","Warnung","Microsoft-Windows-AppLocker","SLH-Tresen-Nuc","Die Ausführung von MICROSOFT.AAD.BROKERPLUGIN wurde zugelassen, wäre jedoch verhindert worden, wäre die AppLocker-Richtlinie erzwungen worden."
"24.05.2026 14:44:46","8021","Warnung","Microsoft-Windows-AppLocker","SLH-Tresen-Nuc","Die Ausführung von MICROSOFT.AAD.BROKERPLUGIN wurde zugelassen, wäre jedoch verhindert worden, wäre die AppLocker-Richtlinie erzwungen worden."
