"TimeCreated","Id","LevelDisplayName","ProviderName","MachineName","Message"
"28.05.2026 22:00:59","8002","Informationen","Microsoft-Windows-AppLocker","SLH-Tresen-Nuc","Die Ausführung von %SYSTEM32%\SEARCHPROTOCOLHOST.EXE wurde zugelassen."
"28.05.2026 22:00:53","8002","Informationen","Microsoft-Windows-AppLocker","SLH-Tresen-Nuc","Die Ausführung von %SYSTEM32%\COMPPKGSRV.EXE wurde zugelassen."
"28.05.2026 22:00:51","8002","Informationen","Microsoft-Windows-AppLocker","SLH-Tresen-Nuc","Die Ausführung von %PROGRAMFILES%\MICROSOFT\EDGE\APPLICATION\MSEDGE.EXE wurde zugelassen."
"28.05.2026 22:00:51","8002","Informationen","Microsoft-Windows-AppLocker","SLH-Tresen-Nuc","Die Ausführung von %PROGRAMFILES%\MICROSOFT\EDGE\APPLICATION\MSEDGE.EXE wurde zugelassen."
"28.05.2026 22:00:51","8002","Informationen","Microsoft-Windows-AppLocker","SLH-Tresen-Nuc","Die Ausführung von %PROGRAMFILES%\MICROSOFT\EDGE\APPLICATION\MSEDGE.EXE wurde zugelassen."
"28.05.2026 22:00:51","8002","Informationen","Microsoft-Windows-AppLocker","SLH-Tresen-Nuc","Die Ausführung von %PROGRAMFILES%\MICROSOFT\EDGE\APPLICATION\MSEDGE.EXE wurde zugelassen."
"28.05.2026 22:00:49","8002","Informationen","Microsoft-Windows-AppLocker","SLH-Tresen-Nuc","Die Ausführung von %PROGRAMFILES%\MICROSOFT\EDGE\APPLICATION\MSEDGE.EXE wurde zugelassen."
"28.05.2026 22:00:48","8002","Informationen","Microsoft-Windows-AppLocker","SLH-Tresen-Nuc","Die Ausführung von %PROGRAMFILES%\MICROSOFT\EDGE\APPLICATION\MSEDGE.EXE wurde zugelassen."
"28.05.2026 21:59:15","8002","Informationen","Microsoft-Windows-AppLocker","SLH-Tresen-Nuc","Die Ausführung von %PROGRAMFILES%\MICROSOFT\EDGE\APPLICATION\MSEDGE.EXE wurde zugelassen."
"28.05.2026 21:58:15","8002","Informationen","Microsoft-Windows-AppLocker","SLH-Tresen-Nuc","Die Ausführung von %PROGRAMFILES%\MICROSOFT\EDGE\APPLICATION\MSEDGE.EXE wurde zugelassen."
"28.05.2026 21:58:08","8002","Informationen","Microsoft-Windows-AppLocker","SLH-Tresen-Nuc","Die Ausführung von %PROGRAMFILES%\MICROSOFT OFFICE\ROOT\OFFICE16\SDXHELPER.EXE wurde zugelassen."
"28.05.2026 21:58:07","8002","Informationen","Microsoft-Windows-AppLocker","SLH-Tresen-Nuc","Die Ausführung von %PROGRAMFILES%\MICROSOFT OFFICE\ROOT\OFFICE16\SDXHELPER.EXE wurde zugelassen."
"28.05.2026 21:58:07","8002","Informationen","Microsoft-Windows-AppLocker","SLH-Tresen-Nuc","Die Ausführung von %SYSTEM32%\TASKHOSTW.EXE wurde zugelassen."
"28.05.2026 21:58:07","8002","Informationen","Microsoft-Windows-AppLocker","SLH-Tresen-Nuc","Die Ausführung von %PROGRAMFILES%\MICROSOFT OFFICE\ROOT\VFS\PROGRAMFILESCOMMONX86\MICROSOFT SHARED\OFFICE16\ACTIONSSERVER\ACTIONSSERVER.EXE wurde zugelassen."
"28.05.2026 21:58:05","8002","Informationen","Microsoft-Windows-AppLocker","SLH-Tresen-Nuc","Die Ausführung von %PROGRAMFILES%\MICROSOFT\EDGE\APPLICATION\MSEDGE.EXE wurde zugelassen."
"28.05.2026 21:57:44","8002","Informationen","Microsoft-Windows-AppLocker","SLH-Tresen-Nuc","Die Ausführung von %PROGRAMFILES%\MICROSOFT\EDGE\APPLICATION\MSEDGE.EXE wurde zugelassen."
"28.05.2026 21:57:28","8002","Informationen","Microsoft-Windows-AppLocker","SLH-Tresen-Nuc","Die Ausführung von %PROGRAMFILES%\MICROSOFT\EDGE\APPLICATION\MSEDGE.EXE wurde zugelassen."
"28.05.2026 21:57:15","8002","Informationen","Microsoft-Windows-AppLocker","SLH-Tresen-Nuc","Die Ausführung von %SYSTEM32%\SEARCHPROTOCOLHOST.EXE wurde zugelassen."
"28.05.2026 21:57:15","8002","Informationen","Microsoft-Windows-AppLocker","SLH-Tresen-Nuc","Die Ausführung von %SYSTEM32%\RUNTIMEBROKER.EXE wurde zugelassen."
"28.05.2026 21:57:15","8002","Informationen","Microsoft-Windows-AppLocker","SLH-Tresen-Nuc","Die Ausführung von %PROGRAMFILES%\MICROSOFT\EDGE\APPLICATION\MSEDGE.EXE wurde zugelassen."
"28.05.2026 21:56:45","8002","Informationen","Microsoft-Windows-AppLocker","SLH-Tresen-Nuc","Die Ausführung von %PROGRAMFILES%\MICROSOFT\EDGE\APPLICATION\MSEDGE.EXE wurde zugelassen."
"28.05.2026 21:56:26","8002","Informationen","Microsoft-Windows-AppLocker","SLH-Tresen-Nuc","Die Ausführung von %PROGRAMFILES%\MICROSOFT\EDGE\APPLICATION\MSEDGE.EXE wurde zugelassen."
"28.05.2026 21:56:19","8002","Informationen","Microsoft-Windows-AppLocker","SLH-Tresen-Nuc","Die Ausführung von %PROGRAMFILES%\MICROSOFT\EDGE\APPLICATION\MSEDGE.EXE wurde zugelassen."
"28.05.2026 21:56:18","8002","Informationen","Microsoft-Windows-AppLocker","SLH-Tresen-Nuc","Die Ausführung von %PROGRAMFILES%\MICROSOFT\EDGE\APPLICATION\MSEDGE.EXE wurde zugelassen."
"28.05.2026 21:56:18","8002","Informationen","Microsoft-Windows-AppLocker","SLH-Tresen-Nuc","Die Ausführung von %PROGRAMFILES%\MICROSOFT\EDGE\APPLICATION\148.0.3967.83\IDENTITY_HELPER.EXE wurde zugelassen."
"28.05.2026 21:56:18","8002","Informationen","Microsoft-Windows-AppLocker","SLH-Tresen-Nuc","Die Ausführung von %PROGRAMFILES%\MICROSOFT\EDGE\APPLICATION\MSEDGE.EXE wurde zugelassen."
"28.05.2026 21:56:16","8002","Informationen","Microsoft-Windows-AppLocker","SLH-Tresen-Nuc","Die Ausführung von %PROGRAMFILES%\MICROSOFT\EDGE\APPLICATION\MSEDGE.EXE wurde zugelassen."
"28.05.2026 21:56:15","8002","Informationen","Microsoft-Windows-AppLocker","SLH-Tresen-Nuc","Die Ausführung von %PROGRAMFILES%\MICROSOFT\EDGE\APPLICATION\MSEDGE.EXE wurde zugelassen."
"28.05.2026 21:56:15","8002","Informationen","Microsoft-Windows-AppLocker","SLH-Tresen-Nuc","Die Ausführung von %PROGRAMFILES%\MICROSOFT\EDGE\APPLICATION\MSEDGE.EXE wurde zugelassen."
"28.05.2026 21:56:15","8002","Informationen","Microsoft-Windows-AppLocker","SLH-Tresen-Nuc","Die Ausführung von %PROGRAMFILES%\MICROSOFT\EDGE\APPLICATION\MSEDGE.EXE wurde zugelassen."
"28.05.2026 21:56:15","8002","Informationen","Microsoft-Windows-AppLocker","SLH-Tresen-Nuc","Die Ausführung von %PROGRAMFILES%\MICROSOFT\EDGE\APPLICATION\MSEDGE.EXE wurde zugelassen."
"28.05.2026 21:56:15","8002","Informationen","Microsoft-Windows-AppLocker","SLH-Tresen-Nuc","Die Ausführung von %PROGRAMFILES%\MICROSOFT\EDGE\APPLICATION\MSEDGE.EXE wurde zugelassen."
"28.05.2026 21:56:15","8002","Informationen","Microsoft-Windows-AppLocker","SLH-Tresen-Nuc","Die Ausführung von %PROGRAMFILES%\MICROSOFT\EDGE\APPLICATION\MSEDGE.EXE wurde zugelassen."
"28.05.2026 21:56:15","8002","Informationen","Microsoft-Windows-AppLocker","SLH-Tresen-Nuc","Die Ausführung von %PROGRAMFILES%\MICROSOFT\EDGE\APPLICATION\MSEDGE.EXE wurde zugelassen."
"28.05.2026 21:56:15","8002","Informationen","Microsoft-Windows-AppLocker","SLH-Tresen-Nuc","Die Ausführung von %PROGRAMFILES%\MICROSOFT\EDGE\APPLICATION\MSEDGE.EXE wurde zugelassen."
"28.05.2026 21:56:09","8002","Informationen","Microsoft-Windows-AppLocker","SLH-Tresen-Nuc","Die Ausführung von %SYSTEM32%\RUNDLL32.EXE wurde zugelassen."
"28.05.2026 21:56:08","8002","Informationen","Microsoft-Windows-AppLocker","SLH-Tresen-Nuc","Die Ausführung von %WINDIR%\EXPLORER.EXE wurde zugelassen."
"28.05.2026 21:56:08","8002","Informationen","Microsoft-Windows-AppLocker","SLH-Tresen-Nuc","Die Ausführung von %WINDIR%\EXPLORER.EXE wurde zugelassen."
"28.05.2026 21:54:42","8002","Informationen","Microsoft-Windows-AppLocker","SLH-Tresen-Nuc","Die Ausführung von %SYSTEM32%\SVCHOST.EXE wurde zugelassen."
"28.05.2026 21:54:40","8002","Informationen","Microsoft-Windows-AppLocker","SLH-Tresen-Nuc","Die Ausführung von %SYSTEM32%\APPLICATIONFRAMEHOST.EXE wurde zugelassen."
"28.05.2026 21:54:07","8002","Informationen","Microsoft-Windows-AppLocker","SLH-Tresen-Nuc","Die Ausführung von %SYSTEM32%\CONHOST.EXE wurde zugelassen."
"28.05.2026 21:54:07","8002","Informationen","Microsoft-Windows-AppLocker","SLH-Tresen-Nuc","Die Ausführung von %SYSTEM32%\WINDOWSPOWERSHELL\V1.0\POWERSHELL.EXE wurde zugelassen."
"28.05.2026 21:54:07","8002","Informationen","Microsoft-Windows-AppLocker","SLH-Tresen-Nuc","Die Ausführung von %SYSTEM32%\DLLHOST.EXE wurde zugelassen."
"28.05.2026 21:53:39","8002","Informationen","Microsoft-Windows-AppLocker","SLH-Tresen-Nuc","Die Ausführung von %SYSTEM32%\SECURITYHEALTH\10.0.29554.1001-0\SECURITYHEALTHHOST.EXE wurde zugelassen."
"28.05.2026 21:53:38","8002","Informationen","Microsoft-Windows-AppLocker","SLH-Tresen-Nuc","Die Ausführung von %SYSTEM32%\SECURITYHEALTH\10.0.29554.1001-0\SECURITYHEALTHHOST.EXE wurde zugelassen."
"28.05.2026 21:53:14","8002","Informationen","Microsoft-Windows-AppLocker","SLH-Tresen-Nuc","Die Ausführung von %SYSTEM32%\DLLHOST.EXE wurde zugelassen."
"28.05.2026 21:53:07","8002","Informationen","Microsoft-Windows-AppLocker","SLH-Tresen-Nuc","Die Ausführung von %PROGRAMFILES%\MICROSOFT OFFICE\ROOT\VFS\PROGRAMFILESCOMMONX86\MICROSOFT SHARED\OFFICE16\ACTIONSSERVER\ACTIONSSERVER.EXE wurde zugelassen."
"28.05.2026 21:52:43","8002","Informationen","Microsoft-Windows-AppLocker","SLH-Tresen-Nuc","Die Ausführung von %SYSTEM32%\DEVICECENSUS.EXE wurde zugelassen."
"28.05.2026 21:50:09","8002","Informationen","Microsoft-Windows-AppLocker","SLH-Tresen-Nuc","Die Ausführung von %SYSTEM32%\DLLHOST.EXE wurde zugelassen."
"28.05.2026 21:48:07","8002","Informationen","Microsoft-Windows-AppLocker","SLH-Tresen-Nuc","Die Ausführung von %SYSTEM32%\TASKHOSTW.EXE wurde zugelassen."
"28.05.2026 21:47:51","8002","Informationen","Microsoft-Windows-AppLocker","SLH-Tresen-Nuc","Die Ausführung von %SYSTEM32%\DLLHOST.EXE wurde zugelassen."
"28.05.2026 21:47:12","8002","Informationen","Microsoft-Windows-AppLocker","SLH-Tresen-Nuc","Die Ausführung von %SYSTEM32%\SC.EXE wurde zugelassen."
"28.05.2026 21:47:11","8002","Informationen","Microsoft-Windows-AppLocker","SLH-Tresen-Nuc","Die Ausführung von %PROGRAMFILES%\INTEL\SUR\QUEENCREEK\X64\ESRV.EXE wurde zugelassen."
"28.05.2026 21:46:47","8002","Informationen","Microsoft-Windows-AppLocker","SLH-Tresen-Nuc","Die Ausführung von %WINDIR%\UUS\AMD64\MONOTIFICATIONUX.EXE wurde zugelassen."
"28.05.2026 21:46:45","8002","Informationen","Microsoft-Windows-AppLocker","SLH-Tresen-Nuc","Die Ausführung von %SYSTEM32%\DLLHOST.EXE wurde zugelassen."
"28.05.2026 21:45:07","8002","Informationen","Microsoft-Windows-AppLocker","SLH-Tresen-Nuc","Die Ausführung von %SYSTEM32%\SVCHOST.EXE wurde zugelassen."
"28.05.2026 21:44:53","8002","Informationen","Microsoft-Windows-AppLocker","SLH-Tresen-Nuc","Die Ausführung von %SYSTEM32%\APPHOSTREGISTRATIONVERIFIER.EXE wurde zugelassen."
"28.05.2026 21:44:53","8002","Informationen","Microsoft-Windows-AppLocker","SLH-Tresen-Nuc","Die Ausführung von %SYSTEM32%\APPHOSTREGISTRATIONVERIFIER.EXE wurde zugelassen."
"28.05.2026 21:44:53","8002","Informationen","Microsoft-Windows-AppLocker","SLH-Tresen-Nuc","Die Ausführung von %SYSTEM32%\APPHOSTREGISTRATIONVERIFIER.EXE wurde zugelassen."
"28.05.2026 21:44:52","8002","Informationen","Microsoft-Windows-AppLocker","SLH-Tresen-Nuc","Die Ausführung von %SYSTEM32%\APPHOSTREGISTRATIONVERIFIER.EXE wurde zugelassen."
"28.05.2026 21:44:52","8002","Informationen","Microsoft-Windows-AppLocker","SLH-Tresen-Nuc","Die Ausführung von %SYSTEM32%\APPHOSTREGISTRATIONVERIFIER.EXE wurde zugelassen."
"28.05.2026 21:44:52","8002","Informationen","Microsoft-Windows-AppLocker","SLH-Tresen-Nuc","Die Ausführung von %SYSTEM32%\APPHOSTREGISTRATIONVERIFIER.EXE wurde zugelassen."
"28.05.2026 21:44:52","8002","Informationen","Microsoft-Windows-AppLocker","SLH-Tresen-Nuc","Die Ausführung von %SYSTEM32%\APPHOSTREGISTRATIONVERIFIER.EXE wurde zugelassen."
"28.05.2026 21:44:52","8002","Informationen","Microsoft-Windows-AppLocker","SLH-Tresen-Nuc","Die Ausführung von %SYSTEM32%\APPHOSTREGISTRATIONVERIFIER.EXE wurde zugelassen."
"28.05.2026 21:44:43","8002","Informationen","Microsoft-Windows-AppLocker","SLH-Tresen-Nuc","Die Ausführung von %SYSTEM32%\APPHOSTREGISTRATIONVERIFIER.EXE wurde zugelassen."
"28.05.2026 21:44:20","8002","Informationen","Microsoft-Windows-AppLocker","SLH-Tresen-Nuc","Die Ausführung von %SYSTEM32%\DLLHOST.EXE wurde zugelassen."
"28.05.2026 21:44:09","8002","Informationen","Microsoft-Windows-AppLocker","SLH-Tresen-Nuc","Die Ausführung von %SYSTEM32%\TASKHOSTW.EXE wurde zugelassen."
"28.05.2026 21:44:09","8002","Informationen","Microsoft-Windows-AppLocker","SLH-Tresen-Nuc","Die Ausführung von %PROGRAMFILES%\MICROSOFT OFFICE\ROOT\VFS\PROGRAMFILESCOMMONX86\MICROSOFT SHARED\OFFICE16\OPUSHUTIL.EXE wurde zugelassen."
"28.05.2026 21:44:07","8002","Informationen","Microsoft-Windows-AppLocker","SLH-Tresen-Nuc","Die Ausführung von %SYSTEM32%\SVCHOST.EXE wurde zugelassen."
"28.05.2026 21:44:04","8002","Informationen","Microsoft-Windows-AppLocker","SLH-Tresen-Nuc","Die Ausführung von %SYSTEM32%\SECURITYHEALTH\10.0.29554.1001-0\SECURITYHEALTHHOST.EXE wurde zugelassen."
"28.05.2026 21:43:38","8002","Informationen","Microsoft-Windows-AppLocker","SLH-Tresen-Nuc","Die Ausführung von %PROGRAMFILES%\NEXTCLOUD\NEXTCLOUD.EXE wurde zugelassen."
"28.05.2026 21:43:38","8002","Informationen","Microsoft-Windows-AppLocker","SLH-Tresen-Nuc","Die Ausführung von %SYSTEM32%\WLRMDR.EXE wurde zugelassen."
"28.05.2026 21:43:38","8002","Informationen","Microsoft-Windows-AppLocker","SLH-Tresen-Nuc","Die Ausführung von %SYSTEM32%\TASKHOSTW.EXE wurde zugelassen."
"28.05.2026 21:43:35","8002","Informationen","Microsoft-Windows-AppLocker","SLH-Tresen-Nuc","Die Ausführung von %PROGRAMFILES%\MICROSOFT ONEDRIVE\26.078.0426.0002\FILECOAUTH.EXE wurde zugelassen."
"28.05.2026 21:43:34","8002","Informationen","Microsoft-Windows-AppLocker","SLH-Tresen-Nuc","Die Ausführung von %PROGRAMFILES%\MICROSOFT ONEDRIVE\ONEDRIVE.EXE wurde zugelassen."
"28.05.2026 21:43:34","8002","Informationen","Microsoft-Windows-AppLocker","SLH-Tresen-Nuc","Die Ausführung von %SYSTEM32%\SECURITYHEALTHSYSTRAY.EXE wurde zugelassen."
"28.05.2026 21:43:34","8002","Informationen","Microsoft-Windows-AppLocker","SLH-Tresen-Nuc","Die Ausführung von %SYSTEM32%\SMARTSCREEN.EXE wurde zugelassen."
"28.05.2026 21:43:28","8002","Informationen","Microsoft-Windows-AppLocker","SLH-Tresen-Nuc","Die Ausführung von %SYSTEM32%\DLLHOST.EXE wurde zugelassen."
"28.05.2026 21:43:20","8002","Informationen","Microsoft-Windows-AppLocker","SLH-Tresen-Nuc","Die Ausführung von %SYSTEM32%\CTFMON.EXE wurde zugelassen."
"28.05.2026 21:43:20","8002","Informationen","Microsoft-Windows-AppLocker","SLH-Tresen-Nuc","Die Ausführung von %SYSTEM32%\CONHOST.EXE wurde zugelassen."
"28.05.2026 21:43:20","8002","Informationen","Microsoft-Windows-AppLocker","SLH-Tresen-Nuc","Die Ausführung von %SYSTEM32%\CMD.EXE wurde zugelassen."
"28.05.2026 21:43:19","8002","Informationen","Microsoft-Windows-AppLocker","SLH-Tresen-Nuc","Die Ausführung von %SYSTEM32%\MOBSYNC.EXE wurde zugelassen."
"28.05.2026 21:43:19","8002","Informationen","Microsoft-Windows-AppLocker","SLH-Tresen-Nuc","Die Ausführung von %SYSTEM32%\CONHOST.EXE wurde zugelassen."
"28.05.2026 21:43:19","8002","Informationen","Microsoft-Windows-AppLocker","SLH-Tresen-Nuc","Die Ausführung von %SYSTEM32%\CMD.EXE wurde zugelassen."
"28.05.2026 21:43:15","8002","Informationen","Microsoft-Windows-AppLocker","SLH-Tresen-Nuc","Die Ausführung von %SYSTEM32%\DLLHOST.EXE wurde zugelassen."
"28.05.2026 21:43:15","8002","Informationen","Microsoft-Windows-AppLocker","SLH-Tresen-Nuc","Die Ausführung von %SYSTEM32%\CLIPRENEW.EXE wurde zugelassen."
"28.05.2026 21:43:13","8002","Informationen","Microsoft-Windows-AppLocker","SLH-Tresen-Nuc","Die Ausführung von %SYSTEM32%\SVCHOST.EXE wurde zugelassen."
"28.05.2026 21:43:13","8002","Informationen","Microsoft-Windows-AppLocker","SLH-Tresen-Nuc","Die Ausführung von %SYSTEM32%\DLLHOST.EXE wurde zugelassen."
"28.05.2026 21:43:12","8002","Informationen","Microsoft-Windows-AppLocker","SLH-Tresen-Nuc","Die Ausführung von %SYSTEM32%\DLLHOST.EXE wurde zugelassen."
"28.05.2026 21:43:12","8002","Informationen","Microsoft-Windows-AppLocker","SLH-Tresen-Nuc","Die Ausführung von %SYSTEM32%\SVCHOST.EXE wurde zugelassen."
"28.05.2026 21:43:10","8002","Informationen","Microsoft-Windows-AppLocker","SLH-Tresen-Nuc","Die Ausführung von %PROGRAMFILES%\MICROSOFT\EDGEWEBVIEW\APPLICATION\148.0.3967.83\INSTALLER\SETUP.EXE wurde zugelassen."
"28.05.2026 21:43:09","8002","Informationen","Microsoft-Windows-AppLocker","SLH-Tresen-Nuc","Die Ausführung von %SYSTEM32%\RUNDLL32.EXE wurde zugelassen."
"28.05.2026 21:43:09","8002","Informationen","Microsoft-Windows-AppLocker","SLH-Tresen-Nuc","Die Ausführung von %SYSTEM32%\RUNONCE.EXE wurde zugelassen."
"28.05.2026 21:43:08","8002","Informationen","Microsoft-Windows-AppLocker","SLH-Tresen-Nuc","Die Ausführung von %SYSTEM32%\SHELLHOST.EXE wurde zugelassen."
"28.05.2026 21:43:08","8002","Informationen","Microsoft-Windows-AppLocker","SLH-Tresen-Nuc","Die Ausführung von %WINDIR%\EXPLORER.EXE wurde zugelassen."
"28.05.2026 21:43:08","8002","Informationen","Microsoft-Windows-AppLocker","SLH-Tresen-Nuc","Die Ausführung von %SYSTEM32%\USERINIT.EXE wurde zugelassen."
"28.05.2026 21:43:07","8002","Informationen","Microsoft-Windows-AppLocker","SLH-Tresen-Nuc","Die Ausführung von %SYSTEM32%\TASKHOSTW.EXE wurde zugelassen."
"28.05.2026 21:43:07","8002","Informationen","Microsoft-Windows-AppLocker","SLH-Tresen-Nuc","Die Ausführung von %SYSTEM32%\TASKHOSTW.EXE wurde zugelassen."
"28.05.2026 21:43:07","8002","Informationen","Microsoft-Windows-AppLocker","SLH-Tresen-Nuc","Die Ausführung von %SYSTEM32%\TASKHOSTW.EXE wurde zugelassen."
"28.05.2026 21:43:07","8002","Informationen","Microsoft-Windows-AppLocker","SLH-Tresen-Nuc","Die Ausführung von %PROGRAMFILES%\MICROSOFT OFFICE\ROOT\VFS\PROGRAMFILESCOMMONX86\MICROSOFT SHARED\OFFICE16\OPUSHUTIL.EXE wurde zugelassen."
"28.05.2026 21:43:07","8002","Informationen","Microsoft-Windows-AppLocker","SLH-Tresen-Nuc","Die Ausführung von %SYSTEM32%\SVCHOST.EXE wurde zugelassen."
"28.05.2026 21:43:07","8002","Informationen","Microsoft-Windows-AppLocker","SLH-Tresen-Nuc","Die Ausführung von %SYSTEM32%\SVCHOST.EXE wurde zugelassen."
"28.05.2026 21:43:07","8002","Informationen","Microsoft-Windows-AppLocker","SLH-Tresen-Nuc","Die Ausführung von %SYSTEM32%\SVCHOST.EXE wurde zugelassen."
"28.05.2026 21:43:07","8002","Informationen","Microsoft-Windows-AppLocker","SLH-Tresen-Nuc","Die Ausführung von %SYSTEM32%\SVCHOST.EXE wurde zugelassen."
"28.05.2026 21:43:07","8002","Informationen","Microsoft-Windows-AppLocker","SLH-Tresen-Nuc","Die Ausführung von %SYSTEM32%\SIHOST.EXE wurde zugelassen."
"28.05.2026 21:43:07","8002","Informationen","Microsoft-Windows-AppLocker","SLH-Tresen-Nuc","Die Ausführung von %PROGRAMFILES%\INTEL\DRIVER AND SUPPORT ASSISTANT\X86\DSATRAY.EXE wurde zugelassen."
"28.05.2026 21:41:50","8001","Informationen","Microsoft-Windows-AppLocker","SLH-Tresen-Nuc","Die AppLocker-Richtlinie wurde erfolgreich auf diesen Computer angewendet."
"28.05.2026 20:46:53","8002","Informationen","Microsoft-Windows-AppLocker","SLH-Tresen-Nuc","Die Ausführung von %SYSTEM32%\SC.EXE wurde zugelassen."
"28.05.2026 20:41:06","8002","Informationen","Microsoft-Windows-AppLocker","SLH-Tresen-Nuc","Die Ausführung von %SYSTEM32%\RUNTIMEBROKER.EXE wurde zugelassen."
"28.05.2026 20:41:06","8002","Informationen","Microsoft-Windows-AppLocker","SLH-Tresen-Nuc","Die Ausführung von %PROGRAMFILES%\ADOBE\ACROBAT DC\ACROBAT\RDCNOTIFICATIONCLIENT\FULLTRUSTNOTIFIER.EXE wurde zugelassen."
"28.05.2026 20:35:36","8002","Informationen","Microsoft-Windows-AppLocker","SLH-Tresen-Nuc","Die Ausführung von %SYSTEM32%\SEARCHPROTOCOLHOST.EXE wurde zugelassen."
"28.05.2026 20:26:06","8002","Informationen","Microsoft-Windows-AppLocker","SLH-Tresen-Nuc","Die Ausführung von %SYSTEM32%\RUNTIMEBROKER.EXE wurde zugelassen."
"28.05.2026 20:26:06","8002","Informationen","Microsoft-Windows-AppLocker","SLH-Tresen-Nuc","Die Ausführung von %PROGRAMFILES%\ADOBE\ACROBAT DC\ACROBAT\RDCNOTIFICATIONCLIENT\FULLTRUSTNOTIFIER.EXE wurde zugelassen."
"28.05.2026 20:22:59","8002","Informationen","Microsoft-Windows-AppLocker","SLH-Tresen-Nuc","Die Ausführung von %SYSTEM32%\CONHOST.EXE wurde zugelassen."
"28.05.2026 20:22:59","8002","Informationen","Microsoft-Windows-AppLocker","SLH-Tresen-Nuc","Die Ausführung von %PROGRAMFILES%\MOZILLA FIREFOX\PINGSENDER.EXE wurde zugelassen."
"28.05.2026 20:22:51","8002","Informationen","Microsoft-Windows-AppLocker","SLH-Tresen-Nuc","Die Ausführung von %PROGRAMFILES%\MICROSOFT ONEDRIVE\26.078.0426.0002\FILECOAUTH.EXE wurde zugelassen."
"28.05.2026 20:22:51","8002","Informationen","Microsoft-Windows-AppLocker","SLH-Tresen-Nuc","Die Ausführung von %SYSTEM32%\DLLHOST.EXE wurde zugelassen."
"28.05.2026 20:18:05","8002","Informationen","Microsoft-Windows-AppLocker","SLH-Tresen-Nuc","Die Ausführung von %PROGRAMFILES%\MICROSOFT ONEDRIVE\26.078.0426.0002\FILECOAUTH.EXE wurde zugelassen."
"28.05.2026 20:18:05","8002","Informationen","Microsoft-Windows-AppLocker","SLH-Tresen-Nuc","Die Ausführung von %SYSTEM32%\DLLHOST.EXE wurde zugelassen."
"28.05.2026 20:14:03","8002","Informationen","Microsoft-Windows-AppLocker","SLH-Tresen-Nuc","Die Ausführung von %PROGRAMFILES%\INTEL\SUR\QUEENCREEK\X64\ESRV.EXE wurde zugelassen."
"28.05.2026 20:11:06","8002","Informationen","Microsoft-Windows-AppLocker","SLH-Tresen-Nuc","Die Ausführung von %SYSTEM32%\RUNTIMEBROKER.EXE wurde zugelassen."
"28.05.2026 20:11:06","8002","Informationen","Microsoft-Windows-AppLocker","SLH-Tresen-Nuc","Die Ausführung von %PROGRAMFILES%\ADOBE\ACROBAT DC\ACROBAT\RDCNOTIFICATIONCLIENT\FULLTRUSTNOTIFIER.EXE wurde zugelassen."
"28.05.2026 20:10:24","8002","Informationen","Microsoft-Windows-AppLocker","SLH-Tresen-Nuc","Die Ausführung von %PROGRAMFILES%\MICROSOFT ONEDRIVE\26.078.0426.0002\FILECOAUTH.EXE wurde zugelassen."
"28.05.2026 20:03:01","8002","Informationen","Microsoft-Windows-AppLocker","SLH-Tresen-Nuc","Die Ausführung von %PROGRAMFILES%\MOZILLA FIREFOX\FIREFOX.EXE wurde zugelassen."
"28.05.2026 20:02:55","8002","Informationen","Microsoft-Windows-AppLocker","SLH-Tresen-Nuc","Die Ausführung von %PROGRAMFILES%\MOZILLA FIREFOX\FIREFOX.EXE wurde zugelassen."
"28.05.2026 20:00:18","8002","Informationen","Microsoft-Windows-AppLocker","SLH-Tresen-Nuc","Die Ausführung von %PROGRAMFILES%\MOZILLA FIREFOX\FIREFOX.EXE wurde zugelassen."
"28.05.2026 20:00:05","8002","Informationen","Microsoft-Windows-AppLocker","SLH-Tresen-Nuc","Die Ausführung von %PROGRAMFILES%\MOZILLA FIREFOX\FIREFOX.EXE wurde zugelassen."
"28.05.2026 19:59:45","8002","Informationen","Microsoft-Windows-AppLocker","SLH-Tresen-Nuc","Die Ausführung von %PROGRAMFILES%\MOZILLA FIREFOX\FIREFOX.EXE wurde zugelassen."
"28.05.2026 19:57:41","8002","Informationen","Microsoft-Windows-AppLocker","SLH-Tresen-Nuc","Die Ausführung von %SYSTEM32%\SEARCHPROTOCOLHOST.EXE wurde zugelassen."
"28.05.2026 19:56:11","8002","Informationen","Microsoft-Windows-AppLocker","SLH-Tresen-Nuc","Die Ausführung von %PROGRAMFILES%\MICROSOFT ONEDRIVE\26.078.0426.0002\FILECOAUTH.EXE wurde zugelassen."
"28.05.2026 19:56:06","8002","Informationen","Microsoft-Windows-AppLocker","SLH-Tresen-Nuc","Die Ausführung von %SYSTEM32%\RUNTIMEBROKER.EXE wurde zugelassen."
"28.05.2026 19:56:06","8002","Informationen","Microsoft-Windows-AppLocker","SLH-Tresen-Nuc","Die Ausführung von %PROGRAMFILES%\ADOBE\ACROBAT DC\ACROBAT\RDCNOTIFICATIONCLIENT\FULLTRUSTNOTIFIER.EXE wurde zugelassen."
"28.05.2026 19:55:23","8002","Informationen","Microsoft-Windows-AppLocker","SLH-Tresen-Nuc","Die Ausführung von %PROGRAMFILES%\MICROSOFT ONEDRIVE\26.078.0426.0002\FILECOAUTH.EXE wurde zugelassen."
"28.05.2026 19:54:11","8002","Informationen","Microsoft-Windows-AppLocker","SLH-Tresen-Nuc","Die Ausführung von %PROGRAMFILES%\MICROSOFT ONEDRIVE\26.078.0426.0002\FILECOAUTH.EXE wurde zugelassen."
"28.05.2026 19:53:27","8002","Informationen","Microsoft-Windows-AppLocker","SLH-Tresen-Nuc","Die Ausführung von %PROGRAMFILES%\MOZILLA FIREFOX\CRASHHELPER.EXE wurde zugelassen."
"28.05.2026 19:53:27","8002","Informationen","Microsoft-Windows-AppLocker","SLH-Tresen-Nuc","Die Ausführung von %PROGRAMFILES%\MOZILLA FIREFOX\FIREFOX.EXE wurde zugelassen."
"28.05.2026 19:53:27","8002","Informationen","Microsoft-Windows-AppLocker","SLH-Tresen-Nuc","Die Ausführung von %PROGRAMFILES%\MOZILLA FIREFOX\FIREFOX.EXE wurde zugelassen."
"28.05.2026 19:52:40","8002","Informationen","Microsoft-Windows-AppLocker","SLH-Tresen-Nuc","Die Ausführung von %PROGRAMFILES%\MICROSOFT ONEDRIVE\26.078.0426.0002\FILECOAUTH.EXE wurde zugelassen."
"28.05.2026 19:52:39","8002","Informationen","Microsoft-Windows-AppLocker","SLH-Tresen-Nuc","Die Ausführung von %PROGRAMFILES%\COMMON FILES\MICROSOFT SHARED\CLICKTORUN\MAVINJECT32.EXE wurde zugelassen."
"28.05.2026 19:52:39","8002","Informationen","Microsoft-Windows-AppLocker","SLH-Tresen-Nuc","Die Ausführung von %PROGRAMFILES%\MICROSOFT OFFICE\ROOT\OFFICE16\MSOADFSB.EXE wurde zugelassen."
"28.05.2026 19:49:18","8002","Informationen","Microsoft-Windows-AppLocker","SLH-Tresen-Nuc","Die Ausführung von %PROGRAMFILES%\MICROSOFT\EDGE\APPLICATION\MSEDGE.EXE wurde zugelassen."
"28.05.2026 19:48:51","8002","Informationen","Microsoft-Windows-AppLocker","SLH-Tresen-Nuc","Die Ausführung von %PROGRAMFILES%\MICROSOFT OFFICE\ROOT\OFFICE16\SDXHELPER.EXE wurde zugelassen."
"28.05.2026 19:48:51","8002","Informationen","Microsoft-Windows-AppLocker","SLH-Tresen-Nuc","Die Ausführung von %PROGRAMFILES%\MICROSOFT OFFICE\ROOT\OFFICE16\SDXHELPER.EXE wurde zugelassen."
"28.05.2026 19:48:18","8002","Informationen","Microsoft-Windows-AppLocker","SLH-Tresen-Nuc","Die Ausführung von %PROGRAMFILES%\MICROSOFT\EDGE\APPLICATION\MSEDGE.EXE wurde zugelassen."
"28.05.2026 19:47:48","8002","Informationen","Microsoft-Windows-AppLocker","SLH-Tresen-Nuc","Die Ausführung von %PROGRAMFILES%\MICROSOFT\EDGE\APPLICATION\MSEDGE.EXE wurde zugelassen."
"28.05.2026 19:47:19","8002","Informationen","Microsoft-Windows-AppLocker","SLH-Tresen-Nuc","Die Ausführung von %PROGRAMFILES%\MICROSOFT\EDGE\APPLICATION\148.0.3967.83\IDENTITY_HELPER.EXE wurde zugelassen."
"28.05.2026 19:47:18","8002","Informationen","Microsoft-Windows-AppLocker","SLH-Tresen-Nuc","Die Ausführung von %PROGRAMFILES%\MICROSOFT\EDGE\APPLICATION\MSEDGE.EXE wurde zugelassen."
"28.05.2026 19:47:18","8002","Informationen","Microsoft-Windows-AppLocker","SLH-Tresen-Nuc","Die Ausführung von %PROGRAMFILES%\MICROSOFT\EDGE\APPLICATION\MSEDGE.EXE wurde zugelassen."
"28.05.2026 19:47:18","8002","Informationen","Microsoft-Windows-AppLocker","SLH-Tresen-Nuc","Die Ausführung von %PROGRAMFILES%\MICROSOFT\EDGE\APPLICATION\MSEDGE.EXE wurde zugelassen."
"28.05.2026 19:47:18","8002","Informationen","Microsoft-Windows-AppLocker","SLH-Tresen-Nuc","Die Ausführung von %PROGRAMFILES%\MICROSOFT\EDGE\APPLICATION\MSEDGE.EXE wurde zugelassen."
"28.05.2026 19:47:17","8002","Informationen","Microsoft-Windows-AppLocker","SLH-Tresen-Nuc","Die Ausführung von %PROGRAMFILES%\MICROSOFT\EDGE\APPLICATION\MSEDGE.EXE wurde zugelassen."
"28.05.2026 19:47:17","8002","Informationen","Microsoft-Windows-AppLocker","SLH-Tresen-Nuc","Die Ausführung von %PROGRAMFILES%\MICROSOFT\EDGE\APPLICATION\MSEDGE.EXE wurde zugelassen."
"28.05.2026 19:47:11","8002","Informationen","Microsoft-Windows-AppLocker","SLH-Tresen-Nuc","Die Ausführung von %SYSTEM32%\SMARTSCREEN.EXE wurde zugelassen."
"28.05.2026 19:45:29","8002","Informationen","Microsoft-Windows-AppLocker","SLH-Tresen-Nuc","Die Ausführung von %PROGRAMFILES%\MOZILLA FIREFOX\FIREFOX.EXE wurde zugelassen."
"28.05.2026 19:44:14","8002","Informationen","Microsoft-Windows-AppLocker","SLH-Tresen-Nuc","Die Ausführung von %PROGRAMFILES%\MICROSOFT\EDGE\APPLICATION\MSEDGE.EXE wurde zugelassen."
"28.05.2026 19:44:06","8002","Informationen","Microsoft-Windows-AppLocker","SLH-Tresen-Nuc","Die Ausführung von %PROGRAMFILES%\MICROSOFT ONEDRIVE\26.078.0426.0002\FILECOAUTH.EXE wurde zugelassen."
"28.05.2026 19:44:05","8002","Informationen","Microsoft-Windows-AppLocker","SLH-Tresen-Nuc","Die Ausführung von %PROGRAMFILES%\MICROSOFT OFFICE\ROOT\OFFICE16\OUTLOOK.EXE wurde zugelassen."
"28.05.2026 19:43:38","8002","Informationen","Microsoft-Windows-AppLocker","SLH-Tresen-Nuc","Die Ausführung von %SYSTEM32%\SEARCHPROTOCOLHOST.EXE wurde zugelassen."
"28.05.2026 19:43:38","8002","Informationen","Microsoft-Windows-AppLocker","SLH-Tresen-Nuc","Die Ausführung von %PROGRAMFILES%\MICROSOFT ONEDRIVE\26.078.0426.0002\FILECOAUTH.EXE wurde zugelassen."
"28.05.2026 19:43:37","8002","Informationen","Microsoft-Windows-AppLocker","SLH-Tresen-Nuc","Die Ausführung von %PROGRAMFILES%\COMMON FILES\MICROSOFT SHARED\CLICKTORUN\MAVINJECT32.EXE wurde zugelassen."
"28.05.2026 19:43:37","8002","Informationen","Microsoft-Windows-AppLocker","SLH-Tresen-Nuc","Die Ausführung von %PROGRAMFILES%\MICROSOFT OFFICE\ROOT\OFFICE16\MSOADFSB.EXE wurde zugelassen."
"28.05.2026 19:41:06","8002","Informationen","Microsoft-Windows-AppLocker","SLH-Tresen-Nuc","Die Ausführung von %PROGRAMFILES%\ADOBE\ACROBAT DC\ACROBAT\RDCNOTIFICATIONCLIENT\FULLTRUSTNOTIFIER.EXE wurde zugelassen."
"28.05.2026 19:40:15","8002","Informationen","Microsoft-Windows-AppLocker","SLH-Tresen-Nuc","Die Ausführung von %PROGRAMFILES%\MICROSOFT\EDGE\APPLICATION\MSEDGE.EXE wurde zugelassen."
"28.05.2026 19:40:14","8002","Informationen","Microsoft-Windows-AppLocker","SLH-Tresen-Nuc","Die Ausführung von %SYSTEM32%\COMPPKGSRV.EXE wurde zugelassen."
"28.05.2026 19:40:13","8002","Informationen","Microsoft-Windows-AppLocker","SLH-Tresen-Nuc","Die Ausführung von %PROGRAMFILES%\MICROSOFT\EDGE\APPLICATION\MSEDGE.EXE wurde zugelassen."
"28.05.2026 19:40:13","8002","Informationen","Microsoft-Windows-AppLocker","SLH-Tresen-Nuc","Die Ausführung von %PROGRAMFILES%\MICROSOFT\EDGE\APPLICATION\MSEDGE.EXE wurde zugelassen."
"28.05.2026 19:40:12","8002","Informationen","Microsoft-Windows-AppLocker","SLH-Tresen-Nuc","Die Ausführung von %PROGRAMFILES%\MICROSOFT\EDGE\APPLICATION\MSEDGE.EXE wurde zugelassen."
"28.05.2026 19:39:16","8002","Informationen","Microsoft-Windows-AppLocker","SLH-Tresen-Nuc","Die Ausführung von %SYSTEM32%\SMARTSCREEN.EXE wurde zugelassen."
"28.05.2026 19:39:14","8002","Informationen","Microsoft-Windows-AppLocker","SLH-Tresen-Nuc","Die Ausführung von %PROGRAMFILES%\MICROSOFT\EDGE\APPLICATION\148.0.3967.83\IDENTITY_HELPER.EXE wurde zugelassen."
"28.05.2026 19:39:14","8002","Informationen","Microsoft-Windows-AppLocker","SLH-Tresen-Nuc","Die Ausführung von %SYSTEM32%\SEARCHPROTOCOLHOST.EXE wurde zugelassen."
"28.05.2026 19:39:13","8002","Informationen","Microsoft-Windows-AppLocker","SLH-Tresen-Nuc","Die Ausführung von %PROGRAMFILES%\MICROSOFT\EDGE\APPLICATION\MSEDGE.EXE wurde zugelassen."
"28.05.2026 19:39:13","8002","Informationen","Microsoft-Windows-AppLocker","SLH-Tresen-Nuc","Die Ausführung von %PROGRAMFILES%\MICROSOFT\EDGE\APPLICATION\MSEDGE.EXE wurde zugelassen."
"28.05.2026 19:39:13","8002","Informationen","Microsoft-Windows-AppLocker","SLH-Tresen-Nuc","Die Ausführung von %PROGRAMFILES%\MICROSOFT\EDGE\APPLICATION\MSEDGE.EXE wurde zugelassen."
"28.05.2026 19:39:12","8002","Informationen","Microsoft-Windows-AppLocker","SLH-Tresen-Nuc","Die Ausführung von %PROGRAMFILES%\MICROSOFT\EDGE\APPLICATION\MSEDGE.EXE wurde zugelassen."
"28.05.2026 19:39:12","8002","Informationen","Microsoft-Windows-AppLocker","SLH-Tresen-Nuc","Die Ausführung von %PROGRAMFILES%\MICROSOFT\EDGE\APPLICATION\MSEDGE.EXE wurde zugelassen."
"28.05.2026 19:39:12","8002","Informationen","Microsoft-Windows-AppLocker","SLH-Tresen-Nuc","Die Ausführung von %PROGRAMFILES%\MICROSOFT\EDGE\APPLICATION\MSEDGE.EXE wurde zugelassen."
"28.05.2026 19:39:12","8002","Informationen","Microsoft-Windows-AppLocker","SLH-Tresen-Nuc","Die Ausführung von %PROGRAMFILES%\MICROSOFT\EDGE\APPLICATION\MSEDGE.EXE wurde zugelassen."
"28.05.2026 19:38:56","8002","Informationen","Microsoft-Windows-AppLocker","SLH-Tresen-Nuc","Die Ausführung von %PROGRAMFILES%\MOZILLA FIREFOX\FIREFOX.EXE wurde zugelassen."
"28.05.2026 19:37:32","8002","Informationen","Microsoft-Windows-AppLocker","SLH-Tresen-Nuc","Die Ausführung von %PROGRAMFILES%\MOZILLA FIREFOX\FIREFOX.EXE wurde zugelassen."
"28.05.2026 19:36:56","8002","Informationen","Microsoft-Windows-AppLocker","SLH-Tresen-Nuc","Die Ausführung von %PROGRAMFILES%\MOZILLA FIREFOX\FIREFOX.EXE wurde zugelassen."
"28.05.2026 19:36:38","8002","Informationen","Microsoft-Windows-AppLocker","SLH-Tresen-Nuc","Die Ausführung von %PROGRAMFILES%\MOZILLA FIREFOX\FIREFOX.EXE wurde zugelassen."
"28.05.2026 19:36:23","8002","Informationen","Microsoft-Windows-AppLocker","SLH-Tresen-Nuc","Die Ausführung von %PROGRAMFILES%\MOZILLA FIREFOX\FIREFOX.EXE wurde zugelassen."
"28.05.2026 19:36:18","8002","Informationen","Microsoft-Windows-AppLocker","SLH-Tresen-Nuc","Die Ausführung von %PROGRAMFILES%\MOZILLA FIREFOX\FIREFOX.EXE wurde zugelassen."
"28.05.2026 19:28:04","8002","Informationen","Microsoft-Windows-AppLocker","SLH-Tresen-Nuc","Die Ausführung von %PROGRAMFILES%\MICROSOFT ONEDRIVE\26.078.0426.0002\FILECOAUTH.EXE wurde zugelassen."
"28.05.2026 19:27:28","8002","Informationen","Microsoft-Windows-AppLocker","SLH-Tresen-Nuc","Die Ausführung von %PROGRAMFILES%\MICROSOFT ONEDRIVE\26.078.0426.0002\FILECOAUTH.EXE wurde zugelassen."
"28.05.2026 19:27:28","8002","Informationen","Microsoft-Windows-AppLocker","SLH-Tresen-Nuc","Die Ausführung von %SYSTEM32%\SEARCHPROTOCOLHOST.EXE wurde zugelassen."
"28.05.2026 19:26:06","8002","Informationen","Microsoft-Windows-AppLocker","SLH-Tresen-Nuc","Die Ausführung von %PROGRAMFILES%\ADOBE\ACROBAT DC\ACROBAT\RDCNOTIFICATIONCLIENT\FULLTRUSTNOTIFIER.EXE wurde zugelassen."
"28.05.2026 19:25:14","8002","Informationen","Microsoft-Windows-AppLocker","SLH-Tresen-Nuc","Die Ausführung von %PROGRAMFILES%\MICROSOFT ONEDRIVE\26.078.0426.0002\FILECOAUTH.EXE wurde zugelassen."
"28.05.2026 19:24:10","8002","Informationen","Microsoft-Windows-AppLocker","SLH-Tresen-Nuc","Die Ausführung von %SYSTEM32%\SEARCHPROTOCOLHOST.EXE wurde zugelassen."
"28.05.2026 19:24:09","8002","Informationen","Microsoft-Windows-AppLocker","SLH-Tresen-Nuc","Die Ausführung von %PROGRAMFILES%\MICROSOFT ONEDRIVE\26.078.0426.0002\FILECOAUTH.EXE wurde zugelassen."
"28.05.2026 19:24:09","8002","Informationen","Microsoft-Windows-AppLocker","SLH-Tresen-Nuc","Die Ausführung von %PROGRAMFILES%\COMMON FILES\MICROSOFT SHARED\CLICKTORUN\MAVINJECT32.EXE wurde zugelassen."
"28.05.2026 19:24:09","8002","Informationen","Microsoft-Windows-AppLocker","SLH-Tresen-Nuc","Die Ausführung von %PROGRAMFILES%\MICROSOFT OFFICE\ROOT\OFFICE16\MSOADFSB.EXE wurde zugelassen."
"28.05.2026 19:17:27","8002","Informationen","Microsoft-Windows-AppLocker","SLH-Tresen-Nuc","Die Ausführung von %PROGRAMFILES%\MICROSOFT ONEDRIVE\26.078.0426.0002\FILECOAUTH.EXE wurde zugelassen."
"28.05.2026 19:17:27","8002","Informationen","Microsoft-Windows-AppLocker","SLH-Tresen-Nuc","Die Ausführung von %PROGRAMFILES%\COMMON FILES\MICROSOFT SHARED\CLICKTORUN\MAVINJECT32.EXE wurde zugelassen."
"28.05.2026 19:17:27","8002","Informationen","Microsoft-Windows-AppLocker","SLH-Tresen-Nuc","Die Ausführung von %PROGRAMFILES%\MICROSOFT OFFICE\ROOT\OFFICE16\MSOADFSB.EXE wurde zugelassen."
"28.05.2026 19:17:04","8002","Informationen","Microsoft-Windows-AppLocker","SLH-Tresen-Nuc","Die Ausführung von %SYSTEM32%\SEARCHPROTOCOLHOST.EXE wurde zugelassen."
"28.05.2026 19:15:32","8002","Informationen","Microsoft-Windows-AppLocker","SLH-Tresen-Nuc","Die Ausführung von %PROGRAMFILES%\MICROSOFT ONEDRIVE\26.078.0426.0002\FILECOAUTH.EXE wurde zugelassen."
"28.05.2026 19:15:13","8002","Informationen","Microsoft-Windows-AppLocker","SLH-Tresen-Nuc","Die Ausführung von %PROGRAMFILES%\MICROSOFT ONEDRIVE\26.078.0426.0002\FILECOAUTH.EXE wurde zugelassen."
"28.05.2026 19:13:13","8002","Informationen","Microsoft-Windows-AppLocker","SLH-Tresen-Nuc","Die Ausführung von %PROGRAMFILES%\MICROSOFT ONEDRIVE\26.078.0426.0002\FILECOAUTH.EXE wurde zugelassen."
"28.05.2026 19:12:40","8002","Informationen","Microsoft-Windows-AppLocker","SLH-Tresen-Nuc","Die Ausführung von %PROGRAMFILES%\MOZILLA FIREFOX\FIREFOX.EXE wurde zugelassen."
"28.05.2026 19:12:14","8002","Informationen","Microsoft-Windows-AppLocker","SLH-Tresen-Nuc","Die Ausführung von %PROGRAMFILES%\MICROSOFT ONEDRIVE\26.078.0426.0002\FILECOAUTH.EXE wurde zugelassen."
"28.05.2026 19:11:12","8002","Informationen","Microsoft-Windows-AppLocker","SLH-Tresen-Nuc","Die Ausführung von %PROGRAMFILES%\MICROSOFT ONEDRIVE\26.078.0426.0002\FILECOAUTH.EXE wurde zugelassen."
"28.05.2026 19:11:06","8002","Informationen","Microsoft-Windows-AppLocker","SLH-Tresen-Nuc","Die Ausführung von %PROGRAMFILES%\ADOBE\ACROBAT DC\ACROBAT\RDCNOTIFICATIONCLIENT\FULLTRUSTNOTIFIER.EXE wurde zugelassen."
"28.05.2026 19:09:12","8002","Informationen","Microsoft-Windows-AppLocker","SLH-Tresen-Nuc","Die Ausführung von %PROGRAMFILES%\MICROSOFT ONEDRIVE\26.078.0426.0002\FILECOAUTH.EXE wurde zugelassen."
"28.05.2026 19:07:37","8002","Informationen","Microsoft-Windows-AppLocker","SLH-Tresen-Nuc","Die Ausführung von %PROGRAMFILES%\MICROSOFT ONEDRIVE\26.078.0426.0002\FILECOAUTH.EXE wurde zugelassen."
"28.05.2026 19:07:37","8002","Informationen","Microsoft-Windows-AppLocker","SLH-Tresen-Nuc","Die Ausführung von %PROGRAMFILES%\MICROSOFT OFFICE\ROOT\VFS\PROGRAMFILESCOMMONX64\MICROSOFT SHARED\OFFICE16\AI\AI.EXE wurde zugelassen."
"28.05.2026 19:07:36","8002","Informationen","Microsoft-Windows-AppLocker","SLH-Tresen-Nuc","Die Ausführung von %PROGRAMFILES%\COMMON FILES\MICROSOFT SHARED\CLICKTORUN\MAVINJECT32.EXE wurde zugelassen."
"28.05.2026 19:07:36","8002","Informationen","Microsoft-Windows-AppLocker","SLH-Tresen-Nuc","Die Ausführung von %PROGRAMFILES%\MICROSOFT OFFICE\ROOT\OFFICE16\MSOADFSB.EXE wurde zugelassen."
"28.05.2026 19:06:53","8002","Informationen","Microsoft-Windows-AppLocker","SLH-Tresen-Nuc","Die Ausführung von %SYSTEM32%\DLLHOST.EXE wurde zugelassen."
"28.05.2026 19:05:25","8002","Informationen","Microsoft-Windows-AppLocker","SLH-Tresen-Nuc","Die Ausführung von %SYSTEM32%\SEARCHPROTOCOLHOST.EXE wurde zugelassen."
"28.05.2026 19:03:51","8002","Informationen","Microsoft-Windows-AppLocker","SLH-Tresen-Nuc","Die Ausführung von %SYSTEM32%\SEARCHPROTOCOLHOST.EXE wurde zugelassen."
"28.05.2026 18:56:06","8002","Informationen","Microsoft-Windows-AppLocker","SLH-Tresen-Nuc","Die Ausführung von %PROGRAMFILES%\ADOBE\ACROBAT DC\ACROBAT\RDCNOTIFICATIONCLIENT\FULLTRUSTNOTIFIER.EXE wurde zugelassen."
"28.05.2026 18:41:06","8002","Informationen","Microsoft-Windows-AppLocker","SLH-Tresen-Nuc","Die Ausführung von %PROGRAMFILES%\ADOBE\ACROBAT DC\ACROBAT\RDCNOTIFICATIONCLIENT\FULLTRUSTNOTIFIER.EXE wurde zugelassen."
"28.05.2026 18:39:45","8002","Informationen","Microsoft-Windows-AppLocker","SLH-Tresen-Nuc","Die Ausführung von %PROGRAMFILES%\MOZILLA FIREFOX\FIREFOX.EXE wurde zugelassen."
"28.05.2026 18:39:10","8002","Informationen","Microsoft-Windows-AppLocker","SLH-Tresen-Nuc","Die Ausführung von %PROGRAMFILES%\MOZILLA FIREFOX\FIREFOX.EXE wurde zugelassen."
"28.05.2026 18:38:41","8002","Informationen","Microsoft-Windows-AppLocker","SLH-Tresen-Nuc","Die Ausführung von %PROGRAMFILES%\MICROSOFT ONEDRIVE\26.078.0426.0002\FILECOAUTH.EXE wurde zugelassen."
"28.05.2026 18:38:41","8002","Informationen","Microsoft-Windows-AppLocker","SLH-Tresen-Nuc","Die Ausführung von %SYSTEM32%\DLLHOST.EXE wurde zugelassen."
"28.05.2026 18:36:56","8002","Informationen","Microsoft-Windows-AppLocker","SLH-Tresen-Nuc","Die Ausführung von %PROGRAMFILES%\MICROSOFT ONEDRIVE\26.078.0426.0002\FILECOAUTH.EXE wurde zugelassen."
"28.05.2026 18:36:56","8002","Informationen","Microsoft-Windows-AppLocker","SLH-Tresen-Nuc","Die Ausführung von %SYSTEM32%\DLLHOST.EXE wurde zugelassen."
"28.05.2026 18:26:06","8002","Informationen","Microsoft-Windows-AppLocker","SLH-Tresen-Nuc","Die Ausführung von %PROGRAMFILES%\ADOBE\ACROBAT DC\ACROBAT\RDCNOTIFICATIONCLIENT\FULLTRUSTNOTIFIER.EXE wurde zugelassen."
"28.05.2026 18:19:57","8002","Informationen","Microsoft-Windows-AppLocker","SLH-Tresen-Nuc","Die Ausführung von %SYSTEM32%\SEARCHPROTOCOLHOST.EXE wurde zugelassen."
"28.05.2026 18:15:25","8002","Informationen","Microsoft-Windows-AppLocker","SLH-Tresen-Nuc","Die Ausführung von %SYSTEM32%\SEARCHPROTOCOLHOST.EXE wurde zugelassen."
"28.05.2026 18:11:06","8002","Informationen","Microsoft-Windows-AppLocker","SLH-Tresen-Nuc","Die Ausführung von %PROGRAMFILES%\ADOBE\ACROBAT DC\ACROBAT\RDCNOTIFICATIONCLIENT\FULLTRUSTNOTIFIER.EXE wurde zugelassen."
"28.05.2026 18:09:57","8002","Informationen","Microsoft-Windows-AppLocker","SLH-Tresen-Nuc","Die Ausführung von %SYSTEM32%\SEARCHPROTOCOLHOST.EXE wurde zugelassen."
"28.05.2026 18:02:25","8002","Informationen","Microsoft-Windows-AppLocker","SLH-Tresen-Nuc","Die Ausführung von %SYSTEM32%\SEARCHPROTOCOLHOST.EXE wurde zugelassen."
"28.05.2026 17:56:06","8002","Informationen","Microsoft-Windows-AppLocker","SLH-Tresen-Nuc","Die Ausführung von %PROGRAMFILES%\ADOBE\ACROBAT DC\ACROBAT\RDCNOTIFICATIONCLIENT\FULLTRUSTNOTIFIER.EXE wurde zugelassen."
"28.05.2026 17:53:24","8002","Informationen","Microsoft-Windows-AppLocker","SLH-Tresen-Nuc","Die Ausführung von %SYSTEM32%\SEARCHPROTOCOLHOST.EXE wurde zugelassen."
"28.05.2026 17:52:57","8002","Informationen","Microsoft-Windows-AppLocker","SLH-Tresen-Nuc","Die Ausführung von %PROGRAMFILES%\MICROSOFT\EDGEWEBVIEW\APPLICATION\148.0.3967.83\MSEDGEWEBVIEW2.EXE wurde zugelassen."
"28.05.2026 17:51:11","8002","Informationen","Microsoft-Windows-AppLocker","SLH-Tresen-Nuc","Die Ausführung von %PROGRAMFILES%\MICROSOFT\EDGEWEBVIEW\APPLICATION\148.0.3967.83\MSEDGEWEBVIEW2.EXE wurde zugelassen."
"28.05.2026 17:51:02","8002","Informationen","Microsoft-Windows-AppLocker","SLH-Tresen-Nuc","Die Ausführung von %PROGRAMFILES%\MICROSOFT\EDGEWEBVIEW\APPLICATION\148.0.3967.83\MSEDGEWEBVIEW2.EXE wurde zugelassen."
"28.05.2026 17:51:00","8002","Informationen","Microsoft-Windows-AppLocker","SLH-Tresen-Nuc","Die Ausführung von %SYSTEM32%\SEARCHPROTOCOLHOST.EXE wurde zugelassen."
"28.05.2026 17:50:58","8002","Informationen","Microsoft-Windows-AppLocker","SLH-Tresen-Nuc","Die Ausführung von %PROGRAMFILES%\MICROSOFT\EDGEWEBVIEW\APPLICATION\148.0.3967.83\MSEDGEWEBVIEW2.EXE wurde zugelassen."
"28.05.2026 17:50:57","8002","Informationen","Microsoft-Windows-AppLocker","SLH-Tresen-Nuc","Die Ausführung von %PROGRAMFILES%\MICROSOFT\EDGEWEBVIEW\APPLICATION\148.0.3967.83\MSEDGEWEBVIEW2.EXE wurde zugelassen."
"28.05.2026 17:50:57","8002","Informationen","Microsoft-Windows-AppLocker","SLH-Tresen-Nuc","Die Ausführung von %PROGRAMFILES%\MICROSOFT\EDGEWEBVIEW\APPLICATION\148.0.3967.83\MSEDGEWEBVIEW2.EXE wurde zugelassen."
"28.05.2026 17:50:57","8002","Informationen","Microsoft-Windows-AppLocker","SLH-Tresen-Nuc","Die Ausführung von %PROGRAMFILES%\MICROSOFT\EDGEWEBVIEW\APPLICATION\148.0.3967.83\MSEDGEWEBVIEW2.EXE wurde zugelassen."
"28.05.2026 17:50:57","8002","Informationen","Microsoft-Windows-AppLocker","SLH-Tresen-Nuc","Die Ausführung von %PROGRAMFILES%\MICROSOFT\EDGEWEBVIEW\APPLICATION\148.0.3967.83\MSEDGEWEBVIEW2.EXE wurde zugelassen."
"28.05.2026 17:50:57","8002","Informationen","Microsoft-Windows-AppLocker","SLH-Tresen-Nuc","Die Ausführung von %PROGRAMFILES%\MICROSOFT\EDGEWEBVIEW\APPLICATION\148.0.3967.83\MSEDGEWEBVIEW2.EXE wurde zugelassen."
"28.05.2026 17:50:56","8002","Informationen","Microsoft-Windows-AppLocker","SLH-Tresen-Nuc","Die Ausführung von %PROGRAMFILES%\MICROSOFT OFFICE\ROOT\VFS\PROGRAMFILESCOMMONX64\MICROSOFT SHARED\OFFICE16\AI\AI.EXE wurde zugelassen."
"28.05.2026 17:50:48","8002","Informationen","Microsoft-Windows-AppLocker","SLH-Tresen-Nuc","Die Ausführung von %PROGRAMFILES%\MICROSOFT OFFICE\ROOT\OFFICE16\OUTLOOK.EXE wurde zugelassen."
"28.05.2026 17:50:48","8002","Informationen","Microsoft-Windows-AppLocker","SLH-Tresen-Nuc","Die Ausführung von %SYSTEM32%\SMARTSCREEN.EXE wurde zugelassen."
"28.05.2026 17:44:41","8002","Informationen","Microsoft-Windows-AppLocker","SLH-Tresen-Nuc","Die Ausführung von %SYSTEM32%\CONHOST.EXE wurde zugelassen."
"28.05.2026 17:44:41","8002","Informationen","Microsoft-Windows-AppLocker","SLH-Tresen-Nuc","Die Ausführung von %PROGRAMFILES%\INTEL\SUR\QUEENCREEK\X64\ESRV.EXE wurde zugelassen."
"28.05.2026 17:44:09","8002","Informationen","Microsoft-Windows-AppLocker","SLH-Tresen-Nuc","Die Ausführung von %SYSTEM32%\CONHOST.EXE wurde zugelassen."
"28.05.2026 17:44:09","8002","Informationen","Microsoft-Windows-AppLocker","SLH-Tresen-Nuc","Die Ausführung von %PROGRAMFILES%\INTEL\SUR\QUEENCREEK\X64\ESRV.EXE wurde zugelassen."
"28.05.2026 17:44:09","8002","Informationen","Microsoft-Windows-AppLocker","SLH-Tresen-Nuc","Die Ausführung von %SYSTEM32%\CONHOST.EXE wurde zugelassen."
"28.05.2026 17:44:09","8002","Informationen","Microsoft-Windows-AppLocker","SLH-Tresen-Nuc","Die Ausführung von %PROGRAMFILES%\INTEL\SUR\QUEENCREEK\X64\ESRV.EXE wurde zugelassen."
"28.05.2026 17:41:06","8002","Informationen","Microsoft-Windows-AppLocker","SLH-Tresen-Nuc","Die Ausführung von %PROGRAMFILES%\ADOBE\ACROBAT DC\ACROBAT\RDCNOTIFICATIONCLIENT\FULLTRUSTNOTIFIER.EXE wurde zugelassen."
"28.05.2026 17:26:06","8002","Informationen","Microsoft-Windows-AppLocker","SLH-Tresen-Nuc","Die Ausführung von %PROGRAMFILES%\ADOBE\ACROBAT DC\ACROBAT\RDCNOTIFICATIONCLIENT\FULLTRUSTNOTIFIER.EXE wurde zugelassen."
"28.05.2026 17:14:05","8002","Informationen","Microsoft-Windows-AppLocker","SLH-Tresen-Nuc","Die Ausführung von %PROGRAMFILES%\INTEL\SUR\QUEENCREEK\X64\ESRV.EXE wurde zugelassen."
"28.05.2026 17:11:06","8002","Informationen","Microsoft-Windows-AppLocker","SLH-Tresen-Nuc","Die Ausführung von %PROGRAMFILES%\ADOBE\ACROBAT DC\ACROBAT\RDCNOTIFICATIONCLIENT\FULLTRUSTNOTIFIER.EXE wurde zugelassen."
"28.05.2026 16:56:06","8002","Informationen","Microsoft-Windows-AppLocker","SLH-Tresen-Nuc","Die Ausführung von %PROGRAMFILES%\ADOBE\ACROBAT DC\ACROBAT\RDCNOTIFICATIONCLIENT\FULLTRUSTNOTIFIER.EXE wurde zugelassen."
"28.05.2026 16:41:06","8002","Informationen","Microsoft-Windows-AppLocker","SLH-Tresen-Nuc","Die Ausführung von %PROGRAMFILES%\ADOBE\ACROBAT DC\ACROBAT\RDCNOTIFICATIONCLIENT\FULLTRUSTNOTIFIER.EXE wurde zugelassen."
"28.05.2026 16:34:34","8002","Informationen","Microsoft-Windows-AppLocker","SLH-Tresen-Nuc","Die Ausführung von %SYSTEM32%\SMARTSCREEN.EXE wurde zugelassen."
"28.05.2026 16:26:06","8002","Informationen","Microsoft-Windows-AppLocker","SLH-Tresen-Nuc","Die Ausführung von %PROGRAMFILES%\ADOBE\ACROBAT DC\ACROBAT\RDCNOTIFICATIONCLIENT\FULLTRUSTNOTIFIER.EXE wurde zugelassen."
"28.05.2026 16:20:23","8002","Informationen","Microsoft-Windows-AppLocker","SLH-Tresen-Nuc","Die Ausführung von %PROGRAMFILES%\MICROSOFT OFFICE\ROOT\OFFICE16\SDXHELPER.EXE wurde zugelassen."
"28.05.2026 16:20:23","8002","Informationen","Microsoft-Windows-AppLocker","SLH-Tresen-Nuc","Die Ausführung von %PROGRAMFILES%\MICROSOFT OFFICE\ROOT\OFFICE16\SDXHELPER.EXE wurde zugelassen."
"28.05.2026 16:16:51","8002","Informationen","Microsoft-Windows-AppLocker","SLH-Tresen-Nuc","Die Ausführung von %SYSTEM32%\SMARTSCREEN.EXE wurde zugelassen."
"28.05.2026 16:11:06","8002","Informationen","Microsoft-Windows-AppLocker","SLH-Tresen-Nuc","Die Ausführung von %PROGRAMFILES%\ADOBE\ACROBAT DC\ACROBAT\RDCNOTIFICATIONCLIENT\FULLTRUSTNOTIFIER.EXE wurde zugelassen."
"28.05.2026 16:10:01","8002","Informationen","Microsoft-Windows-AppLocker","SLH-Tresen-Nuc","Die Ausführung von %SYSTEM32%\SMARTSCREEN.EXE wurde zugelassen."
"28.05.2026 16:10:01","8002","Informationen","Microsoft-Windows-AppLocker","SLH-Tresen-Nuc","Die Ausführung von %SYSTEM32%\TASKHOSTW.EXE wurde zugelassen."
"28.05.2026 15:56:06","8002","Informationen","Microsoft-Windows-AppLocker","SLH-Tresen-Nuc","Die Ausführung von %PROGRAMFILES%\ADOBE\ACROBAT DC\ACROBAT\RDCNOTIFICATIONCLIENT\FULLTRUSTNOTIFIER.EXE wurde zugelassen."
"28.05.2026 15:56:04","8002","Informationen","Microsoft-Windows-AppLocker","SLH-Tresen-Nuc","Die Ausführung von %SYSTEM32%\SMARTSCREEN.EXE wurde zugelassen."
"28.05.2026 15:48:59","8002","Informationen","Microsoft-Windows-AppLocker","SLH-Tresen-Nuc","Die Ausführung von %SYSTEM32%\SMARTSCREEN.EXE wurde zugelassen."
"28.05.2026 15:41:06","8002","Informationen","Microsoft-Windows-AppLocker","SLH-Tresen-Nuc","Die Ausführung von %PROGRAMFILES%\ADOBE\ACROBAT DC\ACROBAT\RDCNOTIFICATIONCLIENT\FULLTRUSTNOTIFIER.EXE wurde zugelassen."
"28.05.2026 15:26:06","8002","Informationen","Microsoft-Windows-AppLocker","SLH-Tresen-Nuc","Die Ausführung von %PROGRAMFILES%\ADOBE\ACROBAT DC\ACROBAT\RDCNOTIFICATIONCLIENT\FULLTRUSTNOTIFIER.EXE wurde zugelassen."
"28.05.2026 15:11:34","8002","Informationen","Microsoft-Windows-AppLocker","SLH-Tresen-Nuc","Die Ausführung von %PROGRAMFILES%\MICROSOFT\EDGE\APPLICATION\MSEDGE.EXE wurde zugelassen."
"28.05.2026 15:11:06","8002","Informationen","Microsoft-Windows-AppLocker","SLH-Tresen-Nuc","Die Ausführung von %PROGRAMFILES%\ADOBE\ACROBAT DC\ACROBAT\RDCNOTIFICATIONCLIENT\FULLTRUSTNOTIFIER.EXE wurde zugelassen."
"28.05.2026 15:08:32","8002","Informationen","Microsoft-Windows-AppLocker","SLH-Tresen-Nuc","Die Ausführung von %PROGRAMFILES%\MICROSOFT\EDGE\APPLICATION\MSEDGE.EXE wurde zugelassen."
"28.05.2026 15:08:02","8002","Informationen","Microsoft-Windows-AppLocker","SLH-Tresen-Nuc","Die Ausführung von %PROGRAMFILES%\MICROSOFT\EDGE\APPLICATION\MSEDGE.EXE wurde zugelassen."
"28.05.2026 15:07:45","8002","Informationen","Microsoft-Windows-AppLocker","SLH-Tresen-Nuc","Die Ausführung von %PROGRAMFILES%\MICROSOFT\EDGE\APPLICATION\MSEDGE.EXE wurde zugelassen."
"28.05.2026 15:07:32","8002","Informationen","Microsoft-Windows-AppLocker","SLH-Tresen-Nuc","Die Ausführung von %SYSTEM32%\SEARCHPROTOCOLHOST.EXE wurde zugelassen."
"28.05.2026 15:07:32","8002","Informationen","Microsoft-Windows-AppLocker","SLH-Tresen-Nuc","Die Ausführung von %SYSTEM32%\RUNTIMEBROKER.EXE wurde zugelassen."
"28.05.2026 15:07:32","8002","Informationen","Microsoft-Windows-AppLocker","SLH-Tresen-Nuc","Die Ausführung von %PROGRAMFILES%\MICROSOFT\EDGE\APPLICATION\MSEDGE.EXE wurde zugelassen."
"28.05.2026 15:07:02","8002","Informationen","Microsoft-Windows-AppLocker","SLH-Tresen-Nuc","Die Ausführung von %PROGRAMFILES%\MICROSOFT\EDGE\APPLICATION\MSEDGE.EXE wurde zugelassen."
"28.05.2026 15:06:35","8002","Informationen","Microsoft-Windows-AppLocker","SLH-Tresen-Nuc","Die Ausführung von %PROGRAMFILES%\MICROSOFT\EDGE\APPLICATION\148.0.3967.83\IDENTITY_HELPER.EXE wurde zugelassen."
"28.05.2026 15:06:35","8002","Informationen","Microsoft-Windows-AppLocker","SLH-Tresen-Nuc","Die Ausführung von %PROGRAMFILES%\MICROSOFT\EDGE\APPLICATION\MSEDGE.EXE wurde zugelassen."
"28.05.2026 15:06:32","8002","Informationen","Microsoft-Windows-AppLocker","SLH-Tresen-Nuc","Die Ausführung von %PROGRAMFILES%\MICROSOFT\EDGE\APPLICATION\MSEDGE.EXE wurde zugelassen."
"28.05.2026 15:06:32","8002","Informationen","Microsoft-Windows-AppLocker","SLH-Tresen-Nuc","Die Ausführung von %PROGRAMFILES%\MICROSOFT\EDGE\APPLICATION\MSEDGE.EXE wurde zugelassen."
"28.05.2026 15:06:32","8002","Informationen","Microsoft-Windows-AppLocker","SLH-Tresen-Nuc","Die Ausführung von %PROGRAMFILES%\MICROSOFT\EDGE\APPLICATION\MSEDGE.EXE wurde zugelassen."
"28.05.2026 15:06:32","8002","Informationen","Microsoft-Windows-AppLocker","SLH-Tresen-Nuc","Die Ausführung von %PROGRAMFILES%\MICROSOFT\EDGE\APPLICATION\MSEDGE.EXE wurde zugelassen."
"28.05.2026 15:06:32","8002","Informationen","Microsoft-Windows-AppLocker","SLH-Tresen-Nuc","Die Ausführung von %PROGRAMFILES%\MICROSOFT\EDGE\APPLICATION\MSEDGE.EXE wurde zugelassen."
"28.05.2026 15:06:32","8002","Informationen","Microsoft-Windows-AppLocker","SLH-Tresen-Nuc","Die Ausführung von %PROGRAMFILES%\MICROSOFT\EDGE\APPLICATION\MSEDGE.EXE wurde zugelassen."
"28.05.2026 15:06:32","8002","Informationen","Microsoft-Windows-AppLocker","SLH-Tresen-Nuc","Die Ausführung von %PROGRAMFILES%\MICROSOFT\EDGE\APPLICATION\MSEDGE.EXE wurde zugelassen."
"28.05.2026 15:06:32","8002","Informationen","Microsoft-Windows-AppLocker","SLH-Tresen-Nuc","Die Ausführung von %SYSTEM32%\SMARTSCREEN.EXE wurde zugelassen."
"28.05.2026 14:58:51","8002","Informationen","Microsoft-Windows-AppLocker","SLH-Tresen-Nuc","Die Ausführung von %PROGRAMFILES%\MICROSOFT ONEDRIVE\26.078.0426.0002\FILECOAUTH.EXE wurde zugelassen."
"28.05.2026 14:58:51","8002","Informationen","Microsoft-Windows-AppLocker","SLH-Tresen-Nuc","Die Ausführung von %SYSTEM32%\DLLHOST.EXE wurde zugelassen."
"28.05.2026 14:56:06","8002","Informationen","Microsoft-Windows-AppLocker","SLH-Tresen-Nuc","Die Ausführung von %SYSTEM32%\RUNTIMEBROKER.EXE wurde zugelassen."
"28.05.2026 14:56:06","8002","Informationen","Microsoft-Windows-AppLocker","SLH-Tresen-Nuc","Die Ausführung von %PROGRAMFILES%\ADOBE\ACROBAT DC\ACROBAT\RDCNOTIFICATIONCLIENT\FULLTRUSTNOTIFIER.EXE wurde zugelassen."
"28.05.2026 14:55:27","8002","Informationen","Microsoft-Windows-AppLocker","SLH-Tresen-Nuc","Die Ausführung von %PROGRAMFILES%\MICROSOFT ONEDRIVE\26.078.0426.0002\FILECOAUTH.EXE wurde zugelassen."
"28.05.2026 14:55:27","8002","Informationen","Microsoft-Windows-AppLocker","SLH-Tresen-Nuc","Die Ausführung von %SYSTEM32%\DLLHOST.EXE wurde zugelassen."
"28.05.2026 14:46:09","8002","Informationen","Microsoft-Windows-AppLocker","SLH-Tresen-Nuc","Die Ausführung von %SYSTEM32%\TASKHOSTW.EXE wurde zugelassen."
"28.05.2026 14:41:06","8002","Informationen","Microsoft-Windows-AppLocker","SLH-Tresen-Nuc","Die Ausführung von %SYSTEM32%\RUNTIMEBROKER.EXE wurde zugelassen."
"28.05.2026 14:41:06","8002","Informationen","Microsoft-Windows-AppLocker","SLH-Tresen-Nuc","Die Ausführung von %PROGRAMFILES%\ADOBE\ACROBAT DC\ACROBAT\RDCNOTIFICATIONCLIENT\FULLTRUSTNOTIFIER.EXE wurde zugelassen."
"28.05.2026 14:40:33","8002","Informationen","Microsoft-Windows-AppLocker","SLH-Tresen-Nuc","Die Ausführung von %PROGRAMFILES%\MICROSOFT ONEDRIVE\26.078.0426.0002\FILECOAUTH.EXE wurde zugelassen."
"28.05.2026 14:40:32","8002","Informationen","Microsoft-Windows-AppLocker","SLH-Tresen-Nuc","Die Ausführung von %SYSTEM32%\DLLHOST.EXE wurde zugelassen."
"28.05.2026 14:36:06","8002","Informationen","Microsoft-Windows-AppLocker","SLH-Tresen-Nuc","Die Ausführung von %PROGRAMFILES%\MICROSOFT ONEDRIVE\26.078.0426.0002\FILECOAUTH.EXE wurde zugelassen."
"28.05.2026 14:36:06","8002","Informationen","Microsoft-Windows-AppLocker","SLH-Tresen-Nuc","Die Ausführung von %SYSTEM32%\DLLHOST.EXE wurde zugelassen."
"28.05.2026 14:26:06","8002","Informationen","Microsoft-Windows-AppLocker","SLH-Tresen-Nuc","Die Ausführung von %SYSTEM32%\RUNTIMEBROKER.EXE wurde zugelassen."
"28.05.2026 14:26:06","8002","Informationen","Microsoft-Windows-AppLocker","SLH-Tresen-Nuc","Die Ausführung von %PROGRAMFILES%\ADOBE\ACROBAT DC\ACROBAT\RDCNOTIFICATIONCLIENT\FULLTRUSTNOTIFIER.EXE wurde zugelassen."
"28.05.2026 14:25:02","8002","Informationen","Microsoft-Windows-AppLocker","SLH-Tresen-Nuc","Die Ausführung von %PROGRAMFILES%\MICROSOFT OFFICE\ROOT\OFFICE16\SDXHELPER.EXE wurde zugelassen."
"28.05.2026 14:25:01","8002","Informationen","Microsoft-Windows-AppLocker","SLH-Tresen-Nuc","Die Ausführung von %SYSTEM32%\TASKHOSTW.EXE wurde zugelassen."
"28.05.2026 14:25:01","8002","Informationen","Microsoft-Windows-AppLocker","SLH-Tresen-Nuc","Die Ausführung von %PROGRAMFILES%\MICROSOFT OFFICE\ROOT\OFFICE16\SDXHELPER.EXE wurde zugelassen."
"28.05.2026 14:25:01","8002","Informationen","Microsoft-Windows-AppLocker","SLH-Tresen-Nuc","Die Ausführung von %PROGRAMFILES%\MICROSOFT OFFICE\ROOT\VFS\PROGRAMFILESCOMMONX86\MICROSOFT SHARED\OFFICE16\ACTIONSSERVER\ACTIONSSERVER.EXE wurde zugelassen."
"28.05.2026 14:21:11","8002","Informationen","Microsoft-Windows-AppLocker","SLH-Tresen-Nuc","Die Ausführung von %SYSTEM32%\SVCHOST.EXE wurde zugelassen."
"28.05.2026 14:21:09","8002","Informationen","Microsoft-Windows-AppLocker","SLH-Tresen-Nuc","Die Ausführung von %SYSTEM32%\APPLICATIONFRAMEHOST.EXE wurde zugelassen."
"28.05.2026 14:20:33","8002","Informationen","Microsoft-Windows-AppLocker","SLH-Tresen-Nuc","Die Ausführung von %SYSTEM32%\SECURITYHEALTH\10.0.29554.1001-0\SECURITYHEALTHHOST.EXE wurde zugelassen."
"28.05.2026 14:20:27","8002","Informationen","Microsoft-Windows-AppLocker","SLH-Tresen-Nuc","Die Ausführung von %SYSTEM32%\SECURITYHEALTH\10.0.29554.1001-0\SECURITYHEALTHHOST.EXE wurde zugelassen."
"28.05.2026 14:20:01","8002","Informationen","Microsoft-Windows-AppLocker","SLH-Tresen-Nuc","Die Ausführung von %PROGRAMFILES%\MICROSOFT OFFICE\ROOT\VFS\PROGRAMFILESCOMMONX86\MICROSOFT SHARED\OFFICE16\ACTIONSSERVER\ACTIONSSERVER.EXE wurde zugelassen."
"28.05.2026 14:18:09","8002","Informationen","Microsoft-Windows-AppLocker","SLH-Tresen-Nuc","Die Ausführung von %SYSTEM32%\DEVICECENSUS.EXE wurde zugelassen."
"28.05.2026 14:17:40","8002","Informationen","Microsoft-Windows-AppLocker","SLH-Tresen-Nuc","Die Ausführung von %SYSTEM32%\CLEANMGR.EXE wurde zugelassen."
"28.05.2026 14:17:40","8002","Informationen","Microsoft-Windows-AppLocker","SLH-Tresen-Nuc","Die Ausführung von %SYSTEM32%\APPHOSTREGISTRATIONVERIFIER.EXE wurde zugelassen."
"28.05.2026 14:17:18","8002","Informationen","Microsoft-Windows-AppLocker","SLH-Tresen-Nuc","Die Ausführung von %SYSTEM32%\CONHOST.EXE wurde zugelassen."
"28.05.2026 14:17:18","8002","Informationen","Microsoft-Windows-AppLocker","SLH-Tresen-Nuc","Die Ausführung von %WINDIR%\MICROSOFT.NET\FRAMEWORK\V4.0.30319\NGENTASK.EXE wurde zugelassen."
"28.05.2026 14:17:17","8002","Informationen","Microsoft-Windows-AppLocker","SLH-Tresen-Nuc","Die Ausführung von %SYSTEM32%\CONHOST.EXE wurde zugelassen."
"28.05.2026 14:17:17","8002","Informationen","Microsoft-Windows-AppLocker","SLH-Tresen-Nuc","Die Ausführung von %WINDIR%\MICROSOFT.NET\FRAMEWORK64\V4.0.30319\NGENTASK.EXE wurde zugelassen."
"28.05.2026 14:17:14","8002","Informationen","Microsoft-Windows-AppLocker","SLH-Tresen-Nuc","Die Ausführung von %SYSTEM32%\TASKHOSTW.EXE wurde zugelassen."
"28.05.2026 14:15:19","8002","Informationen","Microsoft-Windows-AppLocker","SLH-Tresen-Nuc","Die Ausführung von %SYSTEM32%\DLLHOST.EXE wurde zugelassen."
"28.05.2026 14:15:02","8002","Informationen","Microsoft-Windows-AppLocker","SLH-Tresen-Nuc","Die Ausführung von %SYSTEM32%\TASKHOSTW.EXE wurde zugelassen."
"28.05.2026 14:14:46","8002","Informationen","Microsoft-Windows-AppLocker","SLH-Tresen-Nuc","Die Ausführung von %WINDIR%\UUS\AMD64\MONOTIFICATIONUX.EXE wurde zugelassen."
"28.05.2026 14:14:46","8002","Informationen","Microsoft-Windows-AppLocker","SLH-Tresen-Nuc","Die Ausführung von %PROGRAMFILES%\MOZILLA FIREFOX\CRASHHELPER.EXE wurde zugelassen."
"28.05.2026 14:14:45","8002","Informationen","Microsoft-Windows-AppLocker","SLH-Tresen-Nuc","Die Ausführung von %PROGRAMFILES%\MOZILLA FIREFOX\FIREFOX.EXE wurde zugelassen."
"28.05.2026 14:14:44","8002","Informationen","Microsoft-Windows-AppLocker","SLH-Tresen-Nuc","Die Ausführung von %PROGRAMFILES%\MICROSOFT OFFICE\ROOT\VFS\PROGRAMFILESCOMMONX86\MICROSOFT SHARED\OFFICE16\ACTIONSSERVER\ACTIONSSERVER.EXE wurde zugelassen."
"28.05.2026 14:14:44","8002","Informationen","Microsoft-Windows-AppLocker","SLH-Tresen-Nuc","Die Ausführung von %PROGRAMFILES%\MOZILLA FIREFOX\FIREFOX.EXE wurde zugelassen."
"28.05.2026 14:14:44","8002","Informationen","Microsoft-Windows-AppLocker","SLH-Tresen-Nuc","Die Ausführung von %SYSTEM32%\TASKHOSTW.EXE wurde zugelassen."
"28.05.2026 14:14:44","8002","Informationen","Microsoft-Windows-AppLocker","SLH-Tresen-Nuc","Die Ausführung von %SYSTEM32%\CLIPRENEW.EXE wurde zugelassen."
"28.05.2026 14:14:44","8002","Informationen","Microsoft-Windows-AppLocker","SLH-Tresen-Nuc","Die Ausführung von %PROGRAMFILES%\MICROSOFT OFFICE\ROOT\VFS\PROGRAMFILESCOMMONX86\MICROSOFT SHARED\OFFICE16\OPUSHUTIL.EXE wurde zugelassen."
"28.05.2026 14:14:06","8002","Informationen","Microsoft-Windows-AppLocker","SLH-Tresen-Nuc","Die Ausführung von %SYSTEM32%\SC.EXE wurde zugelassen."
"28.05.2026 14:14:06","8002","Informationen","Microsoft-Windows-AppLocker","SLH-Tresen-Nuc","Die Ausführung von %PROGRAMFILES%\INTEL\SUR\QUEENCREEK\X64\ESRV.EXE wurde zugelassen."
"28.05.2026 14:12:01","8002","Informationen","Microsoft-Windows-AppLocker","SLH-Tresen-Nuc","Die Ausführung von %SYSTEM32%\SVCHOST.EXE wurde zugelassen."
"28.05.2026 14:11:54","8002","Informationen","Microsoft-Windows-AppLocker","SLH-Tresen-Nuc","Die Ausführung von %PROGRAMFILES%\MOZILLA FIREFOX\CRASHREPORTER.EXE wurde zugelassen."
"28.05.2026 14:11:22","8002","Informationen","Microsoft-Windows-AppLocker","SLH-Tresen-Nuc","Die Ausführung von %SYSTEM32%\SVCHOST.EXE wurde zugelassen."
"28.05.2026 14:11:06","8002","Informationen","Microsoft-Windows-AppLocker","SLH-Tresen-Nuc","Die Ausführung von %PROGRAMFILES%\ADOBE\ACROBAT DC\ACROBAT\RDCNOTIFICATIONCLIENT\FULLTRUSTNOTIFIER.EXE wurde zugelassen."
"28.05.2026 14:11:04","8002","Informationen","Microsoft-Windows-AppLocker","SLH-Tresen-Nuc","Die Ausführung von %PROGRAMFILES%\MOZILLA FIREFOX\FIREFOX.EXE wurde zugelassen."
"28.05.2026 14:11:04","8002","Informationen","Microsoft-Windows-AppLocker","SLH-Tresen-Nuc","Die Ausführung von %PROGRAMFILES%\MOZILLA FIREFOX\FIREFOX.EXE wurde zugelassen."
"28.05.2026 14:11:04","8002","Informationen","Microsoft-Windows-AppLocker","SLH-Tresen-Nuc","Die Ausführung von %PROGRAMFILES%\MOZILLA FIREFOX\FIREFOX.EXE wurde zugelassen."
"28.05.2026 14:11:03","8002","Informationen","Microsoft-Windows-AppLocker","SLH-Tresen-Nuc","Die Ausführung von %SYSTEM32%\TASKHOSTW.EXE wurde zugelassen."
"28.05.2026 14:11:01","8002","Informationen","Microsoft-Windows-AppLocker","SLH-Tresen-Nuc","Die Ausführung von %PROGRAMFILES%\ADOBE\ACROBAT DC\ACROBAT\ADOBECOLLABSYNC.EXE wurde zugelassen."
"28.05.2026 14:11:00","8002","Informationen","Microsoft-Windows-AppLocker","SLH-Tresen-Nuc","Die Ausführung von %PROGRAMFILES%\ADOBE\ACROBAT DC\ACROBAT\ADOBECOLLABSYNC.EXE wurde zugelassen."
"28.05.2026 14:11:00","8002","Informationen","Microsoft-Windows-AppLocker","SLH-Tresen-Nuc","Die Ausführung von %PROGRAMFILES%\MOZILLA FIREFOX\FIREFOX.EXE wurde zugelassen."
"28.05.2026 14:10:59","8002","Informationen","Microsoft-Windows-AppLocker","SLH-Tresen-Nuc","Die Ausführung von %PROGRAMFILES%\MOZILLA FIREFOX\FIREFOX.EXE wurde zugelassen."
"28.05.2026 14:10:58","8002","Informationen","Microsoft-Windows-AppLocker","SLH-Tresen-Nuc","Die Ausführung von %PROGRAMFILES%\MOZILLA FIREFOX\FIREFOX.EXE wurde zugelassen."
"28.05.2026 14:10:58","8002","Informationen","Microsoft-Windows-AppLocker","SLH-Tresen-Nuc","Die Ausführung von %SYSTEM32%\COMPPKGSRV.EXE wurde zugelassen."
"28.05.2026 14:10:58","8002","Informationen","Microsoft-Windows-AppLocker","SLH-Tresen-Nuc","Die Ausführung von %PROGRAMFILES%\MOZILLA FIREFOX\FIREFOX.EXE wurde zugelassen."
"28.05.2026 14:10:58","8002","Informationen","Microsoft-Windows-AppLocker","SLH-Tresen-Nuc","Die Ausführung von %SYSTEM32%\COMPPKGSRV.EXE wurde zugelassen."
"28.05.2026 14:10:58","8002","Informationen","Microsoft-Windows-AppLocker","SLH-Tresen-Nuc","Die Ausführung von %SYSTEM32%\RUNTIMEBROKER.EXE wurde zugelassen."
"28.05.2026 14:10:58","8002","Informationen","Microsoft-Windows-AppLocker","SLH-Tresen-Nuc","Die Ausführung von %SYSTEM32%\COMPPKGSRV.EXE wurde zugelassen."
"28.05.2026 14:10:57","8002","Informationen","Microsoft-Windows-AppLocker","SLH-Tresen-Nuc","Die Ausführung von %PROGRAMFILES%\MOZILLA FIREFOX\FIREFOX.EXE wurde zugelassen."
"28.05.2026 14:10:57","8002","Informationen","Microsoft-Windows-AppLocker","SLH-Tresen-Nuc","Die Ausführung von %PROGRAMFILES%\MOZILLA FIREFOX\FIREFOX.EXE wurde zugelassen."
"28.05.2026 14:10:57","8002","Informationen","Microsoft-Windows-AppLocker","SLH-Tresen-Nuc","Die Ausführung von %PROGRAMFILES%\MOZILLA FIREFOX\FIREFOX.EXE wurde zugelassen."
"28.05.2026 14:10:57","8002","Informationen","Microsoft-Windows-AppLocker","SLH-Tresen-Nuc","Die Ausführung von %PROGRAMFILES%\MOZILLA FIREFOX\FIREFOX.EXE wurde zugelassen."
"28.05.2026 14:10:57","8002","Informationen","Microsoft-Windows-AppLocker","SLH-Tresen-Nuc","Die Ausführung von %PROGRAMFILES%\MOZILLA FIREFOX\CRASHHELPER.EXE wurde zugelassen."
"28.05.2026 14:10:57","8002","Informationen","Microsoft-Windows-AppLocker","SLH-Tresen-Nuc","Die Ausführung von %PROGRAMFILES%\MOZILLA FIREFOX\FIREFOX.EXE wurde zugelassen."
"28.05.2026 14:10:56","8002","Informationen","Microsoft-Windows-AppLocker","SLH-Tresen-Nuc","Die Ausführung von %PROGRAMFILES%\MOZILLA FIREFOX\FIREFOX.EXE wurde zugelassen."
"28.05.2026 14:10:52","8002","Informationen","Microsoft-Windows-AppLocker","SLH-Tresen-Nuc","Die Ausführung von %SYSTEM32%\SECURITYHEALTH\10.0.29554.1001-0\SECURITYHEALTHHOST.EXE wurde zugelassen."
"28.05.2026 14:10:43","8002","Informationen","Microsoft-Windows-AppLocker","SLH-Tresen-Nuc","Die Ausführung von %SYSTEM32%\DLLHOST.EXE wurde zugelassen."
"28.05.2026 14:10:36","8002","Informationen","Microsoft-Windows-AppLocker","SLH-Tresen-Nuc","Die Ausführung von %SYSTEM32%\DLLHOST.EXE wurde zugelassen."
"28.05.2026 14:10:36","8002","Informationen","Microsoft-Windows-AppLocker","SLH-Tresen-Nuc","Die Ausführung von %SYSTEM32%\RUNDLL32.EXE wurde zugelassen."
"28.05.2026 14:10:33","8002","Informationen","Microsoft-Windows-AppLocker","SLH-Tresen-Nuc","Die Ausführung von %PROGRAMFILES%\MICROSOFT ONEDRIVE\26.078.0426.0002\FILECOAUTH.EXE wurde zugelassen."
"28.05.2026 14:10:32","8002","Informationen","Microsoft-Windows-AppLocker","SLH-Tresen-Nuc","Die Ausführung von %SYSTEM32%\TASKHOSTW.EXE wurde zugelassen."
"28.05.2026 14:10:32","8002","Informationen","Microsoft-Windows-AppLocker","SLH-Tresen-Nuc","Die Ausführung von %SYSTEM32%\WLRMDR.EXE wurde zugelassen."
"28.05.2026 14:10:30","8002","Informationen","Microsoft-Windows-AppLocker","SLH-Tresen-Nuc","Die Ausführung von %PROGRAMFILES%\MICROSOFT ONEDRIVE\26.078.0426.0002\ONEDRIVE.SYNC.SERVICE.EXE wurde zugelassen."
"28.05.2026 14:10:25","8002","Informationen","Microsoft-Windows-AppLocker","SLH-Tresen-Nuc","Die Ausführung von %PROGRAMFILES%\NEXTCLOUD\NEXTCLOUD.EXE wurde zugelassen."
"28.05.2026 14:10:24","8002","Informationen","Microsoft-Windows-AppLocker","SLH-Tresen-Nuc","Die Ausführung von %PROGRAMFILES%\MICROSOFT ONEDRIVE\26.078.0426.0002\FILECOAUTH.EXE wurde zugelassen."
"28.05.2026 14:10:23","8002","Informationen","Microsoft-Windows-AppLocker","SLH-Tresen-Nuc","Die Ausführung von %PROGRAMFILES%\MICROSOFT ONEDRIVE\ONEDRIVE.EXE wurde zugelassen."
"28.05.2026 14:10:22","8002","Informationen","Microsoft-Windows-AppLocker","SLH-Tresen-Nuc","Die Ausführung von %SYSTEM32%\SECURITYHEALTHSYSTRAY.EXE wurde zugelassen."
"28.05.2026 14:10:22","8002","Informationen","Microsoft-Windows-AppLocker","SLH-Tresen-Nuc","Die Ausführung von %SYSTEM32%\SMARTSCREEN.EXE wurde zugelassen."
"28.05.2026 14:10:12","8002","Informationen","Microsoft-Windows-AppLocker","SLH-Tresen-Nuc","Die Ausführung von %SYSTEM32%\CTFMON.EXE wurde zugelassen."
"28.05.2026 14:10:11","8002","Informationen","Microsoft-Windows-AppLocker","SLH-Tresen-Nuc","Die Ausführung von %SYSTEM32%\MOBSYNC.EXE wurde zugelassen."
"28.05.2026 14:10:07","8002","Informationen","Microsoft-Windows-AppLocker","SLH-Tresen-Nuc","Die Ausführung von %SYSTEM32%\CLIPRENEW.EXE wurde zugelassen."
"28.05.2026 14:10:06","8002","Informationen","Microsoft-Windows-AppLocker","SLH-Tresen-Nuc","Die Ausführung von %PROGRAMFILES%\MICROSOFT ONEDRIVE\26.078.0426.0002\FILECOAUTH.EXE wurde zugelassen."
"28.05.2026 14:10:05","8002","Informationen","Microsoft-Windows-AppLocker","SLH-Tresen-Nuc","Die Ausführung von %SYSTEM32%\SVCHOST.EXE wurde zugelassen."
"28.05.2026 14:10:05","8002","Informationen","Microsoft-Windows-AppLocker","SLH-Tresen-Nuc","Die Ausführung von %SYSTEM32%\DLLHOST.EXE wurde zugelassen."
"28.05.2026 14:10:04","8002","Informationen","Microsoft-Windows-AppLocker","SLH-Tresen-Nuc","Die Ausführung von %SYSTEM32%\DLLHOST.EXE wurde zugelassen."
"28.05.2026 14:10:04","8002","Informationen","Microsoft-Windows-AppLocker","SLH-Tresen-Nuc","Die Ausführung von %SYSTEM32%\SVCHOST.EXE wurde zugelassen."
"28.05.2026 14:10:03","8002","Informationen","Microsoft-Windows-AppLocker","SLH-Tresen-Nuc","Die Ausführung von %SYSTEM32%\RUNDLL32.EXE wurde zugelassen."
"28.05.2026 14:10:02","8002","Informationen","Microsoft-Windows-AppLocker","SLH-Tresen-Nuc","Die Ausführung von %SYSTEM32%\SHELLHOST.EXE wurde zugelassen."
"28.05.2026 14:10:02","8002","Informationen","Microsoft-Windows-AppLocker","SLH-Tresen-Nuc","Die Ausführung von %WINDIR%\EXPLORER.EXE wurde zugelassen."
"28.05.2026 14:10:02","8002","Informationen","Microsoft-Windows-AppLocker","SLH-Tresen-Nuc","Die Ausführung von %SYSTEM32%\USERINIT.EXE wurde zugelassen."
"28.05.2026 14:10:01","8002","Informationen","Microsoft-Windows-AppLocker","SLH-Tresen-Nuc","Die Ausführung von %SYSTEM32%\TASKHOSTW.EXE wurde zugelassen."
"28.05.2026 14:10:01","8002","Informationen","Microsoft-Windows-AppLocker","SLH-Tresen-Nuc","Die Ausführung von %SYSTEM32%\TASKHOSTW.EXE wurde zugelassen."
"28.05.2026 14:10:01","8002","Informationen","Microsoft-Windows-AppLocker","SLH-Tresen-Nuc","Die Ausführung von %PROGRAMFILES%\MICROSOFT OFFICE\ROOT\VFS\PROGRAMFILESCOMMONX86\MICROSOFT SHARED\OFFICE16\OPUSHUTIL.EXE wurde zugelassen."
"28.05.2026 14:10:01","8002","Informationen","Microsoft-Windows-AppLocker","SLH-Tresen-Nuc","Die Ausführung von %SYSTEM32%\TASKHOSTW.EXE wurde zugelassen."
"28.05.2026 14:10:01","8002","Informationen","Microsoft-Windows-AppLocker","SLH-Tresen-Nuc","Die Ausführung von %SYSTEM32%\SVCHOST.EXE wurde zugelassen."
"28.05.2026 14:10:01","8002","Informationen","Microsoft-Windows-AppLocker","SLH-Tresen-Nuc","Die Ausführung von %SYSTEM32%\SVCHOST.EXE wurde zugelassen."
"28.05.2026 14:10:01","8002","Informationen","Microsoft-Windows-AppLocker","SLH-Tresen-Nuc","Die Ausführung von %PROGRAMFILES%\INTEL\DRIVER AND SUPPORT ASSISTANT\X86\DSATRAY.EXE wurde zugelassen."
"28.05.2026 14:10:01","8002","Informationen","Microsoft-Windows-AppLocker","SLH-Tresen-Nuc","Die Ausführung von %SYSTEM32%\SVCHOST.EXE wurde zugelassen."
"28.05.2026 14:10:01","8002","Informationen","Microsoft-Windows-AppLocker","SLH-Tresen-Nuc","Die Ausführung von %SYSTEM32%\SVCHOST.EXE wurde zugelassen."
"28.05.2026 14:10:01","8002","Informationen","Microsoft-Windows-AppLocker","SLH-Tresen-Nuc","Die Ausführung von %SYSTEM32%\SIHOST.EXE wurde zugelassen."
"28.05.2026 14:06:59","8001","Informationen","Microsoft-Windows-AppLocker","SLH-Tresen-Nuc","Die AppLocker-Richtlinie wurde erfolgreich auf diesen Computer angewendet."
"27.05.2026 22:45:40","8002","Informationen","Microsoft-Windows-AppLocker","SLH-Tresen-Nuc","Die Ausführung von %PROGRAMFILES%\MICROSOFT ONEDRIVE\26.078.0426.0002\FILECOAUTH.EXE wurde zugelassen."
"27.05.2026 22:45:40","8002","Informationen","Microsoft-Windows-AppLocker","SLH-Tresen-Nuc","Die Ausführung von %SYSTEM32%\DLLHOST.EXE wurde zugelassen."
"27.05.2026 22:45:40","8002","Informationen","Microsoft-Windows-AppLocker","SLH-Tresen-Nuc","Die Ausführung von %PROGRAMFILES%\MICROSOFT ONEDRIVE\26.078.0426.0002\FILECOAUTH.EXE wurde zugelassen."
"27.05.2026 22:45:40","8002","Informationen","Microsoft-Windows-AppLocker","SLH-Tresen-Nuc","Die Ausführung von %SYSTEM32%\DLLHOST.EXE wurde zugelassen."
"27.05.2026 22:45:40","8002","Informationen","Microsoft-Windows-AppLocker","SLH-Tresen-Nuc","Die Ausführung von %PROGRAMFILES%\MICROSOFT ONEDRIVE\26.078.0426.0002\FILECOAUTH.EXE wurde zugelassen."
"27.05.2026 22:45:40","8002","Informationen","Microsoft-Windows-AppLocker","SLH-Tresen-Nuc","Die Ausführung von %SYSTEM32%\DLLHOST.EXE wurde zugelassen."
"27.05.2026 22:45:40","8002","Informationen","Microsoft-Windows-AppLocker","SLH-Tresen-Nuc","Die Ausführung von %PROGRAMFILES%\MICROSOFT ONEDRIVE\26.078.0426.0002\FILECOAUTH.EXE wurde zugelassen."
"27.05.2026 22:45:40","8002","Informationen","Microsoft-Windows-AppLocker","SLH-Tresen-Nuc","Die Ausführung von %SYSTEM32%\DLLHOST.EXE wurde zugelassen."
"27.05.2026 22:45:40","8002","Informationen","Microsoft-Windows-AppLocker","SLH-Tresen-Nuc","Die Ausführung von %PROGRAMFILES%\MICROSOFT ONEDRIVE\26.078.0426.0002\FILECOAUTH.EXE wurde zugelassen."
"27.05.2026 22:45:40","8002","Informationen","Microsoft-Windows-AppLocker","SLH-Tresen-Nuc","Die Ausführung von %SYSTEM32%\DLLHOST.EXE wurde zugelassen."
"27.05.2026 22:45:40","8002","Informationen","Microsoft-Windows-AppLocker","SLH-Tresen-Nuc","Die Ausführung von %PROGRAMFILES%\MICROSOFT ONEDRIVE\26.078.0426.0002\FILECOAUTH.EXE wurde zugelassen."
"27.05.2026 22:45:40","8002","Informationen","Microsoft-Windows-AppLocker","SLH-Tresen-Nuc","Die Ausführung von %SYSTEM32%\DLLHOST.EXE wurde zugelassen."
"27.05.2026 22:45:40","8002","Informationen","Microsoft-Windows-AppLocker","SLH-Tresen-Nuc","Die Ausführung von %PROGRAMFILES%\MICROSOFT ONEDRIVE\26.078.0426.0002\FILECOAUTH.EXE wurde zugelassen."
"27.05.2026 22:45:40","8002","Informationen","Microsoft-Windows-AppLocker","SLH-Tresen-Nuc","Die Ausführung von %SYSTEM32%\DLLHOST.EXE wurde zugelassen."
"27.05.2026 22:45:40","8002","Informationen","Microsoft-Windows-AppLocker","SLH-Tresen-Nuc","Die Ausführung von %PROGRAMFILES%\MICROSOFT ONEDRIVE\26.078.0426.0002\FILECOAUTH.EXE wurde zugelassen."
"27.05.2026 22:45:40","8002","Informationen","Microsoft-Windows-AppLocker","SLH-Tresen-Nuc","Die Ausführung von %SYSTEM32%\DLLHOST.EXE wurde zugelassen."
"27.05.2026 22:45:40","8002","Informationen","Microsoft-Windows-AppLocker","SLH-Tresen-Nuc","Die Ausführung von %PROGRAMFILES%\MICROSOFT ONEDRIVE\26.078.0426.0002\FILECOAUTH.EXE wurde zugelassen."
"27.05.2026 22:45:40","8002","Informationen","Microsoft-Windows-AppLocker","SLH-Tresen-Nuc","Die Ausführung von %SYSTEM32%\DLLHOST.EXE wurde zugelassen."
"27.05.2026 22:45:40","8002","Informationen","Microsoft-Windows-AppLocker","SLH-Tresen-Nuc","Die Ausführung von %PROGRAMFILES%\MICROSOFT ONEDRIVE\26.078.0426.0002\FILECOAUTH.EXE wurde zugelassen."
"27.05.2026 22:45:40","8002","Informationen","Microsoft-Windows-AppLocker","SLH-Tresen-Nuc","Die Ausführung von %SYSTEM32%\DLLHOST.EXE wurde zugelassen."
"27.05.2026 22:45:40","8002","Informationen","Microsoft-Windows-AppLocker","SLH-Tresen-Nuc","Die Ausführung von %PROGRAMFILES%\MICROSOFT ONEDRIVE\26.078.0426.0002\FILECOAUTH.EXE wurde zugelassen."
"27.05.2026 22:45:40","8002","Informationen","Microsoft-Windows-AppLocker","SLH-Tresen-Nuc","Die Ausführung von %SYSTEM32%\DLLHOST.EXE wurde zugelassen."
"27.05.2026 22:45:40","8002","Informationen","Microsoft-Windows-AppLocker","SLH-Tresen-Nuc","Die Ausführung von %SYSTEM32%\DLLHOST.EXE wurde zugelassen."
"27.05.2026 22:45:40","8002","Informationen","Microsoft-Windows-AppLocker","SLH-Tresen-Nuc","Die Ausführung von %SYSTEM32%\DLLHOST.EXE wurde zugelassen."
"27.05.2026 22:45:40","8002","Informationen","Microsoft-Windows-AppLocker","SLH-Tresen-Nuc","Die Ausführung von %SYSTEM32%\DLLHOST.EXE wurde zugelassen."
"27.05.2026 22:45:40","8002","Informationen","Microsoft-Windows-AppLocker","SLH-Tresen-Nuc","Die Ausführung von %SYSTEM32%\DLLHOST.EXE wurde zugelassen."
"27.05.2026 22:45:39","8002","Informationen","Microsoft-Windows-AppLocker","SLH-Tresen-Nuc","Die Ausführung von %SYSTEM32%\DLLHOST.EXE wurde zugelassen."
"27.05.2026 22:45:39","8002","Informationen","Microsoft-Windows-AppLocker","SLH-Tresen-Nuc","Die Ausführung von %SYSTEM32%\DLLHOST.EXE wurde zugelassen."
"27.05.2026 22:45:39","8002","Informationen","Microsoft-Windows-AppLocker","SLH-Tresen-Nuc","Die Ausführung von %SYSTEM32%\DLLHOST.EXE wurde zugelassen."
"27.05.2026 22:45:37","8002","Informationen","Microsoft-Windows-AppLocker","SLH-Tresen-Nuc","Die Ausführung von %SYSTEM32%\SC.EXE wurde zugelassen."
"27.05.2026 22:45:28","8002","Informationen","Microsoft-Windows-AppLocker","SLH-Tresen-Nuc","Die Ausführung von %PROGRAMFILES%\MICROSOFT\EDGE\APPLICATION\148.0.3967.83\IDENTITY_HELPER.EXE wurde zugelassen."
"27.05.2026 22:45:27","8002","Informationen","Microsoft-Windows-AppLocker","SLH-Tresen-Nuc","Die Ausführung von %SYSTEM32%\SMARTSCREEN.EXE wurde zugelassen."
"27.05.2026 22:45:27","8002","Informationen","Microsoft-Windows-AppLocker","SLH-Tresen-Nuc","Die Ausführung von %PROGRAMFILES%\MICROSOFT\EDGE\APPLICATION\MSEDGE.EXE wurde zugelassen."
"27.05.2026 22:45:27","8002","Informationen","Microsoft-Windows-AppLocker","SLH-Tresen-Nuc","Die Ausführung von %PROGRAMFILES%\MICROSOFT\EDGE\APPLICATION\MSEDGE.EXE wurde zugelassen."
"27.05.2026 22:45:27","8002","Informationen","Microsoft-Windows-AppLocker","SLH-Tresen-Nuc","Die Ausführung von %PROGRAMFILES%\MICROSOFT\EDGE\APPLICATION\MSEDGE.EXE wurde zugelassen."
"27.05.2026 22:45:27","8002","Informationen","Microsoft-Windows-AppLocker","SLH-Tresen-Nuc","Die Ausführung von %PROGRAMFILES%\MICROSOFT\EDGE\APPLICATION\MSEDGE.EXE wurde zugelassen."
"27.05.2026 22:45:27","8002","Informationen","Microsoft-Windows-AppLocker","SLH-Tresen-Nuc","Die Ausführung von %PROGRAMFILES%\MICROSOFT\EDGE\APPLICATION\MSEDGE.EXE wurde zugelassen."
"27.05.2026 22:44:48","8002","Informationen","Microsoft-Windows-AppLocker","SLH-Tresen-Nuc","Die Ausführung von %SYSTEM32%\CONHOST.EXE wurde zugelassen."
"27.05.2026 22:44:48","8002","Informationen","Microsoft-Windows-AppLocker","SLH-Tresen-Nuc","Die Ausführung von %PROGRAMFILES%\MOZILLA FIREFOX\PINGSENDER.EXE wurde zugelassen."
"27.05.2026 22:44:39","8002","Informationen","Microsoft-Windows-AppLocker","SLH-Tresen-Nuc","Die Ausführung von %SYSTEM32%\DLLHOST.EXE wurde zugelassen."
"27.05.2026 22:40:19","8002","Informationen","Microsoft-Windows-AppLocker","SLH-Tresen-Nuc","Die Ausführung von %PROGRAMFILES%\INTEL\SUR\QUEENCREEK\X64\ESRV.EXE wurde zugelassen."
"27.05.2026 22:38:10","8002","Informationen","Microsoft-Windows-AppLocker","SLH-Tresen-Nuc","Die Ausführung von %PROGRAMFILES%\ADOBE\ACROBAT DC\ACROBAT\RDCNOTIFICATIONCLIENT\FULLTRUSTNOTIFIER.EXE wurde zugelassen."
"27.05.2026 22:33:30","8002","Informationen","Microsoft-Windows-AppLocker","SLH-Tresen-Nuc","Die Ausführung von %SYSTEM32%\SEARCHPROTOCOLHOST.EXE wurde zugelassen."
"27.05.2026 22:23:09","8002","Informationen","Microsoft-Windows-AppLocker","SLH-Tresen-Nuc","Die Ausführung von %PROGRAMFILES%\ADOBE\ACROBAT DC\ACROBAT\RDCNOTIFICATIONCLIENT\FULLTRUSTNOTIFIER.EXE wurde zugelassen."
"27.05.2026 22:08:09","8002","Informationen","Microsoft-Windows-AppLocker","SLH-Tresen-Nuc","Die Ausführung von %PROGRAMFILES%\ADOBE\ACROBAT DC\ACROBAT\RDCNOTIFICATIONCLIENT\FULLTRUSTNOTIFIER.EXE wurde zugelassen."
"27.05.2026 22:03:13","8002","Informationen","Microsoft-Windows-AppLocker","SLH-Tresen-Nuc","Die Ausführung von %SYSTEM32%\SMARTSCREEN.EXE wurde zugelassen."
"27.05.2026 21:53:09","8002","Informationen","Microsoft-Windows-AppLocker","SLH-Tresen-Nuc","Die Ausführung von %PROGRAMFILES%\ADOBE\ACROBAT DC\ACROBAT\RDCNOTIFICATIONCLIENT\FULLTRUSTNOTIFIER.EXE wurde zugelassen."
"27.05.2026 21:38:09","8002","Informationen","Microsoft-Windows-AppLocker","SLH-Tresen-Nuc","Die Ausführung von %PROGRAMFILES%\ADOBE\ACROBAT DC\ACROBAT\RDCNOTIFICATIONCLIENT\FULLTRUSTNOTIFIER.EXE wurde zugelassen."
"27.05.2026 21:36:47","8002","Informationen","Microsoft-Windows-AppLocker","SLH-Tresen-Nuc","Die Ausführung von %SYSTEM32%\SEARCHPROTOCOLHOST.EXE wurde zugelassen."
"27.05.2026 21:36:17","8002","Informationen","Microsoft-Windows-AppLocker","SLH-Tresen-Nuc","Die Ausführung von %SYSTEM32%\TASKHOSTW.EXE wurde zugelassen."
"27.05.2026 21:23:09","8002","Informationen","Microsoft-Windows-AppLocker","SLH-Tresen-Nuc","Die Ausführung von %PROGRAMFILES%\ADOBE\ACROBAT DC\ACROBAT\RDCNOTIFICATIONCLIENT\FULLTRUSTNOTIFIER.EXE wurde zugelassen."
"27.05.2026 21:22:53","8002","Informationen","Microsoft-Windows-AppLocker","SLH-Tresen-Nuc","Die Ausführung von %SYSTEM32%\DLLHOST.EXE wurde zugelassen."
"27.05.2026 21:20:57","8002","Informationen","Microsoft-Windows-AppLocker","SLH-Tresen-Nuc","Die Ausführung von %SYSTEM32%\SEARCHPROTOCOLHOST.EXE wurde zugelassen."
"27.05.2026 21:08:09","8002","Informationen","Microsoft-Windows-AppLocker","SLH-Tresen-Nuc","Die Ausführung von %PROGRAMFILES%\ADOBE\ACROBAT DC\ACROBAT\RDCNOTIFICATIONCLIENT\FULLTRUSTNOTIFIER.EXE wurde zugelassen."
"27.05.2026 21:03:27","8002","Informationen","Microsoft-Windows-AppLocker","SLH-Tresen-Nuc","Die Ausführung von %PROGRAMFILES%\MOZILLA FIREFOX\FIREFOX.EXE wurde zugelassen."
"27.05.2026 20:55:08","8002","Informationen","Microsoft-Windows-AppLocker","SLH-Tresen-Nuc","Die Ausführung von %SYSTEM32%\SEARCHPROTOCOLHOST.EXE wurde zugelassen."
"27.05.2026 20:53:09","8002","Informationen","Microsoft-Windows-AppLocker","SLH-Tresen-Nuc","Die Ausführung von %PROGRAMFILES%\ADOBE\ACROBAT DC\ACROBAT\RDCNOTIFICATIONCLIENT\FULLTRUSTNOTIFIER.EXE wurde zugelassen."
"27.05.2026 20:51:13","8002","Informationen","Microsoft-Windows-AppLocker","SLH-Tresen-Nuc","Die Ausführung von %PROGRAMFILES%\MOZILLA FIREFOX\FIREFOX.EXE wurde zugelassen."
"27.05.2026 20:48:43","8002","Informationen","Microsoft-Windows-AppLocker","SLH-Tresen-Nuc","Die Ausführung von %PROGRAMFILES%\MOZILLA FIREFOX\FIREFOX.EXE wurde zugelassen."
"27.05.2026 20:48:10","8002","Informationen","Microsoft-Windows-AppLocker","SLH-Tresen-Nuc","Die Ausführung von %SYSTEM32%\SEARCHPROTOCOLHOST.EXE wurde zugelassen."
"27.05.2026 20:38:09","8002","Informationen","Microsoft-Windows-AppLocker","SLH-Tresen-Nuc","Die Ausführung von %PROGRAMFILES%\ADOBE\ACROBAT DC\ACROBAT\RDCNOTIFICATIONCLIENT\FULLTRUSTNOTIFIER.EXE wurde zugelassen."
"27.05.2026 20:28:54","8002","Informationen","Microsoft-Windows-AppLocker","SLH-Tresen-Nuc","Die Ausführung von %PROGRAMFILES%\COMMON FILES\MICROSOFT SHARED\CLICKTORUN\MAVINJECT32.EXE wurde zugelassen."
"27.05.2026 20:28:54","8002","Informationen","Microsoft-Windows-AppLocker","SLH-Tresen-Nuc","Die Ausführung von %PROGRAMFILES%\MICROSOFT OFFICE\ROOT\OFFICE16\MSOADFSB.EXE wurde zugelassen."
"27.05.2026 20:28:50","8002","Informationen","Microsoft-Windows-AppLocker","SLH-Tresen-Nuc","Die Ausführung von %SYSTEM32%\SEARCHPROTOCOLHOST.EXE wurde zugelassen."
"27.05.2026 20:28:10","8002","Informationen","Microsoft-Windows-AppLocker","SLH-Tresen-Nuc","Die Ausführung von %PROGRAMFILES%\MOZILLA FIREFOX\FIREFOX.EXE wurde zugelassen."
"27.05.2026 20:23:09","8002","Informationen","Microsoft-Windows-AppLocker","SLH-Tresen-Nuc","Die Ausführung von %PROGRAMFILES%\ADOBE\ACROBAT DC\ACROBAT\RDCNOTIFICATIONCLIENT\FULLTRUSTNOTIFIER.EXE wurde zugelassen."
"27.05.2026 20:08:09","8002","Informationen","Microsoft-Windows-AppLocker","SLH-Tresen-Nuc","Die Ausführung von %PROGRAMFILES%\ADOBE\ACROBAT DC\ACROBAT\RDCNOTIFICATIONCLIENT\FULLTRUSTNOTIFIER.EXE wurde zugelassen."
"27.05.2026 19:53:09","8002","Informationen","Microsoft-Windows-AppLocker","SLH-Tresen-Nuc","Die Ausführung von %PROGRAMFILES%\ADOBE\ACROBAT DC\ACROBAT\RDCNOTIFICATIONCLIENT\FULLTRUSTNOTIFIER.EXE wurde zugelassen."
"27.05.2026 19:48:29","8002","Informationen","Microsoft-Windows-AppLocker","SLH-Tresen-Nuc","Die Ausführung von %PROGRAMFILES%\ADOBE\ACROBAT DC\ACROBAT\ACROBAT.EXE wurde zugelassen."
"27.05.2026 19:48:29","8002","Informationen","Microsoft-Windows-AppLocker","SLH-Tresen-Nuc","Die Ausführung von %PROGRAMFILES%\ADOBE\ACROBAT DC\ACROBAT\ACROBAT.EXE wurde zugelassen."
"27.05.2026 19:48:29","8002","Informationen","Microsoft-Windows-AppLocker","SLH-Tresen-Nuc","Die Ausführung von %SYSTEM32%\PREVHOST.EXE wurde zugelassen."
"27.05.2026 19:41:49","8002","Informationen","Microsoft-Windows-AppLocker","SLH-Tresen-Nuc","Die Ausführung von %SYSTEM32%\SEARCHPROTOCOLHOST.EXE wurde zugelassen."
"27.05.2026 19:40:19","8002","Informationen","Microsoft-Windows-AppLocker","SLH-Tresen-Nuc","Die Ausführung von %PROGRAMFILES%\INTEL\SUR\QUEENCREEK\X64\ESRV.EXE wurde zugelassen."
"27.05.2026 19:38:09","8002","Informationen","Microsoft-Windows-AppLocker","SLH-Tresen-Nuc","Die Ausführung von %PROGRAMFILES%\ADOBE\ACROBAT DC\ACROBAT\RDCNOTIFICATIONCLIENT\FULLTRUSTNOTIFIER.EXE wurde zugelassen."
"27.05.2026 19:37:59","8002","Informationen","Microsoft-Windows-AppLocker","SLH-Tresen-Nuc","Die Ausführung von %SYSTEM32%\SEARCHPROTOCOLHOST.EXE wurde zugelassen."
"27.05.2026 19:34:44","8002","Informationen","Microsoft-Windows-AppLocker","SLH-Tresen-Nuc","Die Ausführung von %PROGRAMFILES%\COMMON FILES\MICROSOFT SHARED\CLICKTORUN\MAVINJECT32.EXE wurde zugelassen."
"27.05.2026 19:34:44","8002","Informationen","Microsoft-Windows-AppLocker","SLH-Tresen-Nuc","Die Ausführung von %PROGRAMFILES%\MICROSOFT OFFICE\ROOT\OFFICE16\MSOADFSB.EXE wurde zugelassen."
"27.05.2026 19:23:09","8002","Informationen","Microsoft-Windows-AppLocker","SLH-Tresen-Nuc","Die Ausführung von %PROGRAMFILES%\ADOBE\ACROBAT DC\ACROBAT\RDCNOTIFICATIONCLIENT\FULLTRUSTNOTIFIER.EXE wurde zugelassen."
"27.05.2026 19:18:17","8002","Informationen","Microsoft-Windows-AppLocker","SLH-Tresen-Nuc","Die Ausführung von %SYSTEM32%\SEARCHPROTOCOLHOST.EXE wurde zugelassen."
"27.05.2026 19:18:17","8002","Informationen","Microsoft-Windows-AppLocker","SLH-Tresen-Nuc","Die Ausführung von %PROGRAMFILES%\COMMON FILES\MICROSOFT SHARED\CLICKTORUN\MAVINJECT32.EXE wurde zugelassen."
"27.05.2026 19:18:17","8002","Informationen","Microsoft-Windows-AppLocker","SLH-Tresen-Nuc","Die Ausführung von %PROGRAMFILES%\MICROSOFT OFFICE\ROOT\OFFICE16\MSOADFSB.EXE wurde zugelassen."
"27.05.2026 19:08:09","8002","Informationen","Microsoft-Windows-AppLocker","SLH-Tresen-Nuc","Die Ausführung von %PROGRAMFILES%\ADOBE\ACROBAT DC\ACROBAT\RDCNOTIFICATIONCLIENT\FULLTRUSTNOTIFIER.EXE wurde zugelassen."
"27.05.2026 19:00:09","8002","Informationen","Microsoft-Windows-AppLocker","SLH-Tresen-Nuc","Die Ausführung von %SYSTEM32%\SEARCHPROTOCOLHOST.EXE wurde zugelassen."
"27.05.2026 19:00:08","8002","Informationen","Microsoft-Windows-AppLocker","SLH-Tresen-Nuc","Die Ausführung von %PROGRAMFILES%\COMMON FILES\MICROSOFT SHARED\CLICKTORUN\MAVINJECT32.EXE wurde zugelassen."
"27.05.2026 19:00:08","8002","Informationen","Microsoft-Windows-AppLocker","SLH-Tresen-Nuc","Die Ausführung von %PROGRAMFILES%\MICROSOFT OFFICE\ROOT\OFFICE16\MSOADFSB.EXE wurde zugelassen."
"27.05.2026 18:53:09","8002","Informationen","Microsoft-Windows-AppLocker","SLH-Tresen-Nuc","Die Ausführung von %PROGRAMFILES%\ADOBE\ACROBAT DC\ACROBAT\RDCNOTIFICATIONCLIENT\FULLTRUSTNOTIFIER.EXE wurde zugelassen."
"27.05.2026 18:44:51","8002","Informationen","Microsoft-Windows-AppLocker","SLH-Tresen-Nuc","Die Ausführung von %SYSTEM32%\SEARCHPROTOCOLHOST.EXE wurde zugelassen."
"27.05.2026 18:44:51","8002","Informationen","Microsoft-Windows-AppLocker","SLH-Tresen-Nuc","Die Ausführung von %PROGRAMFILES%\COMMON FILES\MICROSOFT SHARED\CLICKTORUN\MAVINJECT32.EXE wurde zugelassen."
"27.05.2026 18:44:51","8002","Informationen","Microsoft-Windows-AppLocker","SLH-Tresen-Nuc","Die Ausführung von %PROGRAMFILES%\MICROSOFT OFFICE\ROOT\OFFICE16\MSOADFSB.EXE wurde zugelassen."
"27.05.2026 18:38:09","8002","Informationen","Microsoft-Windows-AppLocker","SLH-Tresen-Nuc","Die Ausführung von %PROGRAMFILES%\ADOBE\ACROBAT DC\ACROBAT\RDCNOTIFICATIONCLIENT\FULLTRUSTNOTIFIER.EXE wurde zugelassen."
"27.05.2026 18:37:14","8002","Informationen","Microsoft-Windows-AppLocker","SLH-Tresen-Nuc","Die Ausführung von %SYSTEM32%\SEARCHPROTOCOLHOST.EXE wurde zugelassen."
"27.05.2026 18:32:14","8002","Informationen","Microsoft-Windows-AppLocker","SLH-Tresen-Nuc","Die Ausführung von %SYSTEM32%\SEARCHPROTOCOLHOST.EXE wurde zugelassen."
"27.05.2026 18:24:20","8002","Informationen","Microsoft-Windows-AppLocker","SLH-Tresen-Nuc","Die Ausführung von %SYSTEM32%\SEARCHPROTOCOLHOST.EXE wurde zugelassen."
"27.05.2026 18:23:09","8002","Informationen","Microsoft-Windows-AppLocker","SLH-Tresen-Nuc","Die Ausführung von %PROGRAMFILES%\ADOBE\ACROBAT DC\ACROBAT\RDCNOTIFICATIONCLIENT\FULLTRUSTNOTIFIER.EXE wurde zugelassen."
"27.05.2026 18:19:26","8002","Informationen","Microsoft-Windows-AppLocker","SLH-Tresen-Nuc","Die Ausführung von %SYSTEM32%\SEARCHPROTOCOLHOST.EXE wurde zugelassen."
"27.05.2026 18:19:03","8002","Informationen","Microsoft-Windows-AppLocker","SLH-Tresen-Nuc","Die Ausführung von %PROGRAMFILES%\MOZILLA FIREFOX\FIREFOX.EXE wurde zugelassen."
"27.05.2026 18:19:03","8002","Informationen","Microsoft-Windows-AppLocker","SLH-Tresen-Nuc","Die Ausführung von %PROGRAMFILES%\MOZILLA FIREFOX\FIREFOX.EXE wurde zugelassen."
"27.05.2026 18:14:06","8002","Informationen","Microsoft-Windows-AppLocker","SLH-Tresen-Nuc","Die Ausführung von %PROGRAMFILES%\MICROSOFT OFFICE\ROOT\OFFICE16\SDXHELPER.EXE wurde zugelassen."
"27.05.2026 18:14:06","8002","Informationen","Microsoft-Windows-AppLocker","SLH-Tresen-Nuc","Die Ausführung von %PROGRAMFILES%\MICROSOFT OFFICE\ROOT\OFFICE16\SDXHELPER.EXE wurde zugelassen."
"27.05.2026 18:14:04","8002","Informationen","Microsoft-Windows-AppLocker","SLH-Tresen-Nuc","Die Ausführung von %SYSTEM32%\DLLHOST.EXE wurde zugelassen."
"27.05.2026 18:11:48","8002","Informationen","Microsoft-Windows-AppLocker","SLH-Tresen-Nuc","Die Ausführung von %SYSTEM32%\SEARCHPROTOCOLHOST.EXE wurde zugelassen."
"27.05.2026 18:08:09","8002","Informationen","Microsoft-Windows-AppLocker","SLH-Tresen-Nuc","Die Ausführung von %PROGRAMFILES%\ADOBE\ACROBAT DC\ACROBAT\RDCNOTIFICATIONCLIENT\FULLTRUSTNOTIFIER.EXE wurde zugelassen."
"27.05.2026 17:53:09","8002","Informationen","Microsoft-Windows-AppLocker","SLH-Tresen-Nuc","Die Ausführung von %PROGRAMFILES%\ADOBE\ACROBAT DC\ACROBAT\RDCNOTIFICATIONCLIENT\FULLTRUSTNOTIFIER.EXE wurde zugelassen."
"27.05.2026 17:44:29","8002","Informationen","Microsoft-Windows-AppLocker","SLH-Tresen-Nuc","Die Ausführung von %SYSTEM32%\DLLHOST.EXE wurde zugelassen."
"27.05.2026 17:43:51","8002","Informationen","Microsoft-Windows-AppLocker","SLH-Tresen-Nuc","Die Ausführung von %SYSTEM32%\SMARTSCREEN.EXE wurde zugelassen."
"27.05.2026 17:42:49","8002","Informationen","Microsoft-Windows-AppLocker","SLH-Tresen-Nuc","Die Ausführung von %SYSTEM32%\SEARCHPROTOCOLHOST.EXE wurde zugelassen."
"27.05.2026 17:42:22","8002","Informationen","Microsoft-Windows-AppLocker","SLH-Tresen-Nuc","Die Ausführung von %SYSTEM32%\CONHOST.EXE wurde zugelassen."
"27.05.2026 17:42:22","8002","Informationen","Microsoft-Windows-AppLocker","SLH-Tresen-Nuc","Die Ausführung von %PROGRAMFILES%\INTEL\SUR\QUEENCREEK\X64\ESRV.EXE wurde zugelassen."
"27.05.2026 17:41:51","8002","Informationen","Microsoft-Windows-AppLocker","SLH-Tresen-Nuc","Die Ausführung von %SYSTEM32%\CONHOST.EXE wurde zugelassen."
"27.05.2026 17:41:51","8002","Informationen","Microsoft-Windows-AppLocker","SLH-Tresen-Nuc","Die Ausführung von %PROGRAMFILES%\INTEL\SUR\QUEENCREEK\X64\ESRV.EXE wurde zugelassen."
"27.05.2026 17:41:51","8002","Informationen","Microsoft-Windows-AppLocker","SLH-Tresen-Nuc","Die Ausführung von %SYSTEM32%\CONHOST.EXE wurde zugelassen."
"27.05.2026 17:41:51","8002","Informationen","Microsoft-Windows-AppLocker","SLH-Tresen-Nuc","Die Ausführung von %PROGRAMFILES%\INTEL\SUR\QUEENCREEK\X64\ESRV.EXE wurde zugelassen."
"27.05.2026 17:38:09","8002","Informationen","Microsoft-Windows-AppLocker","SLH-Tresen-Nuc","Die Ausführung von %PROGRAMFILES%\ADOBE\ACROBAT DC\ACROBAT\RDCNOTIFICATIONCLIENT\FULLTRUSTNOTIFIER.EXE wurde zugelassen."
"27.05.2026 17:23:09","8002","Informationen","Microsoft-Windows-AppLocker","SLH-Tresen-Nuc","Die Ausführung von %PROGRAMFILES%\ADOBE\ACROBAT DC\ACROBAT\RDCNOTIFICATIONCLIENT\FULLTRUSTNOTIFIER.EXE wurde zugelassen."
"27.05.2026 17:22:37","8002","Informationen","Microsoft-Windows-AppLocker","SLH-Tresen-Nuc","Die Ausführung von %SYSTEM32%\SEARCHPROTOCOLHOST.EXE wurde zugelassen."
"27.05.2026 17:18:12","8002","Informationen","Microsoft-Windows-AppLocker","SLH-Tresen-Nuc","Die Ausführung von %SYSTEM32%\SEARCHPROTOCOLHOST.EXE wurde zugelassen."
"27.05.2026 17:08:09","8002","Informationen","Microsoft-Windows-AppLocker","SLH-Tresen-Nuc","Die Ausführung von %PROGRAMFILES%\ADOBE\ACROBAT DC\ACROBAT\RDCNOTIFICATIONCLIENT\FULLTRUSTNOTIFIER.EXE wurde zugelassen."
"27.05.2026 17:06:31","8002","Informationen","Microsoft-Windows-AppLocker","SLH-Tresen-Nuc","Die Ausführung von %SYSTEM32%\SEARCHPROTOCOLHOST.EXE wurde zugelassen."
"27.05.2026 17:01:58","8002","Informationen","Microsoft-Windows-AppLocker","SLH-Tresen-Nuc","Die Ausführung von %SYSTEM32%\SEARCHPROTOCOLHOST.EXE wurde zugelassen."
"27.05.2026 16:59:40","8002","Informationen","Microsoft-Windows-AppLocker","SLH-Tresen-Nuc","Die Ausführung von %PROGRAMFILES%\MOZILLA FIREFOX\FIREFOX.EXE wurde zugelassen."
"27.05.2026 16:56:23","8002","Informationen","Microsoft-Windows-AppLocker","SLH-Tresen-Nuc","Die Ausführung von %PROGRAMFILES%\MICROSOFT OFFICE\ROOT\OFFICE16\SDXHELPER.EXE wurde zugelassen."
"27.05.2026 16:56:23","8002","Informationen","Microsoft-Windows-AppLocker","SLH-Tresen-Nuc","Die Ausführung von %PROGRAMFILES%\MICROSOFT OFFICE\ROOT\OFFICE16\SDXHELPER.EXE wurde zugelassen."
"27.05.2026 16:53:09","8002","Informationen","Microsoft-Windows-AppLocker","SLH-Tresen-Nuc","Die Ausführung von %PROGRAMFILES%\ADOBE\ACROBAT DC\ACROBAT\RDCNOTIFICATIONCLIENT\FULLTRUSTNOTIFIER.EXE wurde zugelassen."
"27.05.2026 16:51:35","8002","Informationen","Microsoft-Windows-AppLocker","SLH-Tresen-Nuc","Die Ausführung von %SYSTEM32%\SEARCHPROTOCOLHOST.EXE wurde zugelassen."
"27.05.2026 16:47:41","8002","Informationen","Microsoft-Windows-AppLocker","SLH-Tresen-Nuc","Die Ausführung von %SYSTEM32%\SEARCHPROTOCOLHOST.EXE wurde zugelassen."
"27.05.2026 16:40:21","8002","Informationen","Microsoft-Windows-AppLocker","SLH-Tresen-Nuc","Die Ausführung von %PROGRAMFILES%\INTEL\SUR\QUEENCREEK\X64\ESRV.EXE wurde zugelassen."
"27.05.2026 16:39:16","8002","Informationen","Microsoft-Windows-AppLocker","SLH-Tresen-Nuc","Die Ausführung von %SYSTEM32%\SEARCHPROTOCOLHOST.EXE wurde zugelassen."
"27.05.2026 16:38:09","8002","Informationen","Microsoft-Windows-AppLocker","SLH-Tresen-Nuc","Die Ausführung von %PROGRAMFILES%\ADOBE\ACROBAT DC\ACROBAT\RDCNOTIFICATIONCLIENT\FULLTRUSTNOTIFIER.EXE wurde zugelassen."
"27.05.2026 16:37:32","8002","Informationen","Microsoft-Windows-AppLocker","SLH-Tresen-Nuc","Die Ausführung von %PROGRAMFILES%\MICROSOFT\EDGEWEBVIEW\APPLICATION\148.0.3967.83\MSEDGEWEBVIEW2.EXE wurde zugelassen."
"27.05.2026 16:37:31","8002","Informationen","Microsoft-Windows-AppLocker","SLH-Tresen-Nuc","Die Ausführung von %PROGRAMFILES%\ADOBE\ACROBAT DC\ACROBAT\ACROCEF\ACROCEF.EXE wurde zugelassen."
"27.05.2026 16:36:13","8002","Informationen","Microsoft-Windows-AppLocker","SLH-Tresen-Nuc","Die Ausführung von %SYSTEM32%\SEARCHPROTOCOLHOST.EXE wurde zugelassen."
"27.05.2026 16:36:13","8002","Informationen","Microsoft-Windows-AppLocker","SLH-Tresen-Nuc","Die Ausführung von %PROGRAMFILES%\COMMON FILES\MICROSOFT SHARED\CLICKTORUN\MAVINJECT32.EXE wurde zugelassen."
"27.05.2026 16:36:13","8002","Informationen","Microsoft-Windows-AppLocker","SLH-Tresen-Nuc","Die Ausführung von %PROGRAMFILES%\MICROSOFT OFFICE\ROOT\OFFICE16\MSOADFSB.EXE wurde zugelassen."
"27.05.2026 16:36:02","8002","Informationen","Microsoft-Windows-AppLocker","SLH-Tresen-Nuc","Die Ausführung von %PROGRAMFILES%\ADOBE\ACROBAT DC\ACROBAT\ACROBAT.EXE wurde zugelassen."
"27.05.2026 16:36:02","8002","Informationen","Microsoft-Windows-AppLocker","SLH-Tresen-Nuc","Die Ausführung von %PROGRAMFILES%\ADOBE\ACROBAT DC\ACROBAT\ACROBAT.EXE wurde zugelassen."
"27.05.2026 16:35:37","8002","Informationen","Microsoft-Windows-AppLocker","SLH-Tresen-Nuc","Die Ausführung von %SYSTEM32%\CONHOST.EXE wurde zugelassen."
"27.05.2026 16:35:37","8002","Informationen","Microsoft-Windows-AppLocker","SLH-Tresen-Nuc","Die Ausführung von %PROGRAMFILES%\ADOBE\ACROBAT DC\ACROBAT\CRLOGTRANSPORT.EXE wurde zugelassen."
"27.05.2026 16:35:37","8002","Informationen","Microsoft-Windows-AppLocker","SLH-Tresen-Nuc","Die Ausführung von %SYSTEM32%\CONHOST.EXE wurde zugelassen."
"27.05.2026 16:35:37","8002","Informationen","Microsoft-Windows-AppLocker","SLH-Tresen-Nuc","Die Ausführung von %PROGRAMFILES%\ADOBE\ACROBAT DC\ACROBAT\CRLOGTRANSPORT.EXE wurde zugelassen."
"27.05.2026 16:35:37","8002","Informationen","Microsoft-Windows-AppLocker","SLH-Tresen-Nuc","Die Ausführung von %SYSTEM32%\CONHOST.EXE wurde zugelassen."
"27.05.2026 16:35:36","8002","Informationen","Microsoft-Windows-AppLocker","SLH-Tresen-Nuc","Die Ausführung von %PROGRAMFILES%\ADOBE\ACROBAT DC\ACROBAT\CRLOGTRANSPORT.EXE wurde zugelassen."
"27.05.2026 16:35:36","8002","Informationen","Microsoft-Windows-AppLocker","SLH-Tresen-Nuc","Die Ausführung von %PROGRAMFILES%\MICROSOFT\EDGEWEBVIEW\APPLICATION\148.0.3967.83\MSEDGEWEBVIEW2.EXE wurde zugelassen."
"27.05.2026 16:35:35","8002","Informationen","Microsoft-Windows-AppLocker","SLH-Tresen-Nuc","Die Ausführung von %PROGRAMFILES%\ADOBE\ACROBAT DC\ACROBAT\ACROBAT.EXE wurde zugelassen."
"27.05.2026 16:35:35","8002","Informationen","Microsoft-Windows-AppLocker","SLH-Tresen-Nuc","Die Ausführung von %PROGRAMFILES%\ADOBE\ACROBAT DC\ACROBAT\ACROBAT.EXE wurde zugelassen."
"27.05.2026 16:35:34","8002","Informationen","Microsoft-Windows-AppLocker","SLH-Tresen-Nuc","Die Ausführung von %PROGRAMFILES%\ADOBE\ACROBAT DC\ACROBAT\CRWINDOWSCLIENTSERVICE.EXE wurde zugelassen."
"27.05.2026 16:35:34","8002","Informationen","Microsoft-Windows-AppLocker","SLH-Tresen-Nuc","Die Ausführung von %PROGRAMFILES%\ADOBE\ACROBAT DC\ACROBAT\ACROCEF\ACROCEF.EXE wurde zugelassen."
"27.05.2026 16:35:32","8002","Informationen","Microsoft-Windows-AppLocker","SLH-Tresen-Nuc","Die Ausführung von %PROGRAMFILES%\MICROSOFT\EDGEWEBVIEW\APPLICATION\148.0.3967.83\MSEDGEWEBVIEW2.EXE wurde zugelassen."
"27.05.2026 16:35:32","8002","Informationen","Microsoft-Windows-AppLocker","SLH-Tresen-Nuc","Die Ausführung von %PROGRAMFILES%\MICROSOFT\EDGEWEBVIEW\APPLICATION\148.0.3967.83\MSEDGEWEBVIEW2.EXE wurde zugelassen."
"27.05.2026 16:35:32","8002","Informationen","Microsoft-Windows-AppLocker","SLH-Tresen-Nuc","Die Ausführung von %PROGRAMFILES%\MICROSOFT\EDGEWEBVIEW\APPLICATION\148.0.3967.83\MSEDGEWEBVIEW2.EXE wurde zugelassen."
"27.05.2026 16:35:32","8002","Informationen","Microsoft-Windows-AppLocker","SLH-Tresen-Nuc","Die Ausführung von %PROGRAMFILES%\MICROSOFT\EDGEWEBVIEW\APPLICATION\148.0.3967.83\MSEDGEWEBVIEW2.EXE wurde zugelassen."
"27.05.2026 16:35:32","8002","Informationen","Microsoft-Windows-AppLocker","SLH-Tresen-Nuc","Die Ausführung von %PROGRAMFILES%\MICROSOFT\EDGEWEBVIEW\APPLICATION\148.0.3967.83\MSEDGEWEBVIEW2.EXE wurde zugelassen."
"27.05.2026 16:35:32","8002","Informationen","Microsoft-Windows-AppLocker","SLH-Tresen-Nuc","Die Ausführung von %PROGRAMFILES%\MICROSOFT\EDGEWEBVIEW\APPLICATION\148.0.3967.83\MSEDGEWEBVIEW2.EXE wurde zugelassen."
"27.05.2026 16:35:32","8002","Informationen","Microsoft-Windows-AppLocker","SLH-Tresen-Nuc","Die Ausführung von %PROGRAMFILES%\MICROSOFT\EDGEWEBVIEW\APPLICATION\148.0.3967.83\MSEDGEWEBVIEW2.EXE wurde zugelassen."
"27.05.2026 16:35:31","8002","Informationen","Microsoft-Windows-AppLocker","SLH-Tresen-Nuc","Die Ausführung von %SYSTEM32%\COMPPKGSRV.EXE wurde zugelassen."
"27.05.2026 16:35:31","8002","Informationen","Microsoft-Windows-AppLocker","SLH-Tresen-Nuc","Die Ausführung von %PROGRAMFILES%\MICROSOFT\EDGEWEBVIEW\APPLICATION\148.0.3967.83\MSEDGEWEBVIEW2.EXE wurde zugelassen."
"27.05.2026 16:35:31","8002","Informationen","Microsoft-Windows-AppLocker","SLH-Tresen-Nuc","Die Ausführung von %PROGRAMFILES%\MICROSOFT\EDGEWEBVIEW\APPLICATION\148.0.3967.83\MSEDGEWEBVIEW2.EXE wurde zugelassen."
"27.05.2026 16:35:31","8002","Informationen","Microsoft-Windows-AppLocker","SLH-Tresen-Nuc","Die Ausführung von %PROGRAMFILES%\ADOBE\ACROBAT DC\ACROBAT\ACROCEF\ACROCEF.EXE wurde zugelassen."
"27.05.2026 16:35:31","8002","Informationen","Microsoft-Windows-AppLocker","SLH-Tresen-Nuc","Die Ausführung von %PROGRAMFILES%\ADOBE\ACROBAT DC\ACROBAT\ACROCEF\ACROCEF.EXE wurde zugelassen."
"27.05.2026 16:35:31","8002","Informationen","Microsoft-Windows-AppLocker","SLH-Tresen-Nuc","Die Ausführung von %PROGRAMFILES%\ADOBE\ACROBAT DC\ACROBAT\ACROCEF\ACROCEF.EXE wurde zugelassen."
"27.05.2026 16:35:31","8002","Informationen","Microsoft-Windows-AppLocker","SLH-Tresen-Nuc","Die Ausführung von %PROGRAMFILES%\ADOBE\ACROBAT DC\ACROBAT\ACROCEF\ACROCEF.EXE wurde zugelassen."
"27.05.2026 16:35:31","8002","Informationen","Microsoft-Windows-AppLocker","SLH-Tresen-Nuc","Die Ausführung von %PROGRAMFILES%\ADOBE\ACROBAT DC\ACROBAT\ACROCEF\ACROCEF.EXE wurde zugelassen."
"27.05.2026 16:35:29","8002","Informationen","Microsoft-Windows-AppLocker","SLH-Tresen-Nuc","Die Ausführung von %PROGRAMFILES%\ADOBE\ACROBAT DC\ACROBAT\ACROBAT.EXE wurde zugelassen."
"27.05.2026 16:35:29","8002","Informationen","Microsoft-Windows-AppLocker","SLH-Tresen-Nuc","Die Ausführung von %PROGRAMFILES%\ADOBE\ACROBAT DC\ACROBAT\ACROBAT.EXE wurde zugelassen."
"27.05.2026 16:35:28","8002","Informationen","Microsoft-Windows-AppLocker","SLH-Tresen-Nuc","Die Ausführung von %SYSTEM32%\SVCHOST.EXE wurde zugelassen."
"27.05.2026 16:35:28","8002","Informationen","Microsoft-Windows-AppLocker","SLH-Tresen-Nuc","Die Ausführung von %WINDIR%\SPLWOW64.EXE wurde zugelassen."
"27.05.2026 16:23:09","8002","Informationen","Microsoft-Windows-AppLocker","SLH-Tresen-Nuc","Die Ausführung von %PROGRAMFILES%\ADOBE\ACROBAT DC\ACROBAT\RDCNOTIFICATIONCLIENT\FULLTRUSTNOTIFIER.EXE wurde zugelassen."
"27.05.2026 16:11:21","8002","Informationen","Microsoft-Windows-AppLocker","SLH-Tresen-Nuc","Die Ausführung von %SYSTEM32%\SMARTSCREEN.EXE wurde zugelassen."
"27.05.2026 16:08:09","8002","Informationen","Microsoft-Windows-AppLocker","SLH-Tresen-Nuc","Die Ausführung von %PROGRAMFILES%\ADOBE\ACROBAT DC\ACROBAT\RDCNOTIFICATIONCLIENT\FULLTRUSTNOTIFIER.EXE wurde zugelassen."
"27.05.2026 16:00:48","8002","Informationen","Microsoft-Windows-AppLocker","SLH-Tresen-Nuc","Die Ausführung von %SYSTEM32%\SEARCHPROTOCOLHOST.EXE wurde zugelassen."
"27.05.2026 15:53:27","8002","Informationen","Microsoft-Windows-AppLocker","SLH-Tresen-Nuc","Die Ausführung von %PROGRAMFILES%\MOZILLA FIREFOX\CRASHHELPER.EXE wurde zugelassen."
"27.05.2026 15:53:27","8002","Informationen","Microsoft-Windows-AppLocker","SLH-Tresen-Nuc","Die Ausführung von %PROGRAMFILES%\MOZILLA FIREFOX\FIREFOX.EXE wurde zugelassen."
"27.05.2026 15:53:27","8002","Informationen","Microsoft-Windows-AppLocker","SLH-Tresen-Nuc","Die Ausführung von %PROGRAMFILES%\MOZILLA FIREFOX\FIREFOX.EXE wurde zugelassen."
"27.05.2026 15:53:09","8002","Informationen","Microsoft-Windows-AppLocker","SLH-Tresen-Nuc","Die Ausführung von %PROGRAMFILES%\ADOBE\ACROBAT DC\ACROBAT\RDCNOTIFICATIONCLIENT\FULLTRUSTNOTIFIER.EXE wurde zugelassen."
"27.05.2026 15:52:20","8002","Informationen","Microsoft-Windows-AppLocker","SLH-Tresen-Nuc","Die Ausführung von %SYSTEM32%\SMARTSCREEN.EXE wurde zugelassen."
"27.05.2026 15:45:50","8002","Informationen","Microsoft-Windows-AppLocker","SLH-Tresen-Nuc","Die Ausführung von %SYSTEM32%\SEARCHPROTOCOLHOST.EXE wurde zugelassen."
"27.05.2026 15:38:09","8002","Informationen","Microsoft-Windows-AppLocker","SLH-Tresen-Nuc","Die Ausführung von %PROGRAMFILES%\ADOBE\ACROBAT DC\ACROBAT\RDCNOTIFICATIONCLIENT\FULLTRUSTNOTIFIER.EXE wurde zugelassen."
"27.05.2026 15:36:17","8002","Informationen","Microsoft-Windows-AppLocker","SLH-Tresen-Nuc","Die Ausführung von %SYSTEM32%\SMARTSCREEN.EXE wurde zugelassen."
"27.05.2026 15:36:17","8002","Informationen","Microsoft-Windows-AppLocker","SLH-Tresen-Nuc","Die Ausführung von %SYSTEM32%\TASKHOSTW.EXE wurde zugelassen."
"27.05.2026 15:23:09","8002","Informationen","Microsoft-Windows-AppLocker","SLH-Tresen-Nuc","Die Ausführung von %PROGRAMFILES%\ADOBE\ACROBAT DC\ACROBAT\RDCNOTIFICATIONCLIENT\FULLTRUSTNOTIFIER.EXE wurde zugelassen."
"27.05.2026 15:21:42","8002","Informationen","Microsoft-Windows-AppLocker","SLH-Tresen-Nuc","Die Ausführung von %PROGRAMFILES%\MOZILLA FIREFOX\FIREFOX.EXE wurde zugelassen."
"27.05.2026 15:17:13","8002","Informationen","Microsoft-Windows-AppLocker","SLH-Tresen-Nuc","Die Ausführung von %PROGRAMFILES%\MOZILLA FIREFOX\FIREFOX.EXE wurde zugelassen."
"27.05.2026 15:17:09","8002","Informationen","Microsoft-Windows-AppLocker","SLH-Tresen-Nuc","Die Ausführung von %PROGRAMFILES%\MOZILLA FIREFOX\FIREFOX.EXE wurde zugelassen."
"27.05.2026 15:16:54","8002","Informationen","Microsoft-Windows-AppLocker","SLH-Tresen-Nuc","Die Ausführung von %PROGRAMFILES%\MOZILLA FIREFOX\FIREFOX.EXE wurde zugelassen."
"27.05.2026 15:16:43","8002","Informationen","Microsoft-Windows-AppLocker","SLH-Tresen-Nuc","Die Ausführung von %PROGRAMFILES%\MOZILLA FIREFOX\FIREFOX.EXE wurde zugelassen."
"27.05.2026 15:16:30","8002","Informationen","Microsoft-Windows-AppLocker","SLH-Tresen-Nuc","Die Ausführung von %PROGRAMFILES%\MOZILLA FIREFOX\FIREFOX.EXE wurde zugelassen."
"27.05.2026 15:16:18","8002","Informationen","Microsoft-Windows-AppLocker","SLH-Tresen-Nuc","Die Ausführung von %PROGRAMFILES%\MOZILLA FIREFOX\FIREFOX.EXE wurde zugelassen."
"27.05.2026 15:16:07","8002","Informationen","Microsoft-Windows-AppLocker","SLH-Tresen-Nuc","Die Ausführung von %PROGRAMFILES%\MOZILLA FIREFOX\FIREFOX.EXE wurde zugelassen."
"27.05.2026 15:15:59","8002","Informationen","Microsoft-Windows-AppLocker","SLH-Tresen-Nuc","Die Ausführung von %PROGRAMFILES%\MOZILLA FIREFOX\FIREFOX.EXE wurde zugelassen."
"27.05.2026 15:15:47","8002","Informationen","Microsoft-Windows-AppLocker","SLH-Tresen-Nuc","Die Ausführung von %PROGRAMFILES%\MOZILLA FIREFOX\FIREFOX.EXE wurde zugelassen."
"27.05.2026 15:15:37","8002","Informationen","Microsoft-Windows-AppLocker","SLH-Tresen-Nuc","Die Ausführung von %PROGRAMFILES%\MOZILLA FIREFOX\FIREFOX.EXE wurde zugelassen."
"27.05.2026 15:12:58","8002","Informationen","Microsoft-Windows-AppLocker","SLH-Tresen-Nuc","Die Ausführung von %PROGRAMFILES%\MICROSOFT OFFICE\ROOT\VFS\PROGRAMFILESCOMMONX64\MICROSOFT SHARED\OFFICE16\AI\AI.EXE wurde zugelassen."
"27.05.2026 15:12:48","8002","Informationen","Microsoft-Windows-AppLocker","SLH-Tresen-Nuc","Die Ausführung von %PROGRAMFILES%\MICROSOFT OFFICE\ROOT\OFFICE16\WINWORD.EXE wurde zugelassen."
"27.05.2026 15:12:41","8002","Informationen","Microsoft-Windows-AppLocker","SLH-Tresen-Nuc","Die Ausführung von %PROGRAMFILES%\MICROSOFT OFFICE\ROOT\OFFICE16\WINWORD.EXE wurde zugelassen."
"27.05.2026 15:12:41","8002","Informationen","Microsoft-Windows-AppLocker","SLH-Tresen-Nuc","Die Ausführung von %SYSTEM32%\SMARTSCREEN.EXE wurde zugelassen."
"27.05.2026 15:12:15","8002","Informationen","Microsoft-Windows-AppLocker","SLH-Tresen-Nuc","Die Ausführung von %SYSTEM32%\RUNDLL32.EXE wurde zugelassen."
"27.05.2026 15:12:12","8002","Informationen","Microsoft-Windows-AppLocker","SLH-Tresen-Nuc","Die Ausführung von %PROGRAMFILES%\MICROSOFT ONEDRIVE\26.078.0426.0002\FILECOAUTH.EXE wurde zugelassen."
"27.05.2026 15:09:46","8002","Informationen","Microsoft-Windows-AppLocker","SLH-Tresen-Nuc","Die Ausführung von %PROGRAMFILES%\MICROSOFT ONEDRIVE\26.078.0426.0002\FILECOAUTH.EXE wurde zugelassen."
"27.05.2026 15:09:20","8002","Informationen","Microsoft-Windows-AppLocker","SLH-Tresen-Nuc","Die Ausführung von %SYSTEM32%\SEARCHPROTOCOLHOST.EXE wurde zugelassen."
"27.05.2026 15:08:09","8002","Informationen","Microsoft-Windows-AppLocker","SLH-Tresen-Nuc","Die Ausführung von %PROGRAMFILES%\ADOBE\ACROBAT DC\ACROBAT\RDCNOTIFICATIONCLIENT\FULLTRUSTNOTIFIER.EXE wurde zugelassen."
"27.05.2026 15:07:46","8002","Informationen","Microsoft-Windows-AppLocker","SLH-Tresen-Nuc","Die Ausführung von %PROGRAMFILES%\MICROSOFT ONEDRIVE\26.078.0426.0002\FILECOAUTH.EXE wurde zugelassen."
"27.05.2026 15:05:46","8002","Informationen","Microsoft-Windows-AppLocker","SLH-Tresen-Nuc","Die Ausführung von %PROGRAMFILES%\MICROSOFT ONEDRIVE\26.078.0426.0002\FILECOAUTH.EXE wurde zugelassen."
"27.05.2026 15:05:15","8002","Informationen","Microsoft-Windows-AppLocker","SLH-Tresen-Nuc","Die Ausführung von %SYSTEM32%\SEARCHPROTOCOLHOST.EXE wurde zugelassen."
"27.05.2026 15:03:46","8002","Informationen","Microsoft-Windows-AppLocker","SLH-Tresen-Nuc","Die Ausführung von %PROGRAMFILES%\MICROSOFT ONEDRIVE\26.078.0426.0002\FILECOAUTH.EXE wurde zugelassen."
"27.05.2026 15:01:55","8002","Informationen","Microsoft-Windows-AppLocker","SLH-Tresen-Nuc","Die Ausführung von %PROGRAMFILES%\MICROSOFT ONEDRIVE\26.078.0426.0002\FILECOAUTH.EXE wurde zugelassen."
"27.05.2026 15:01:24","8002","Informationen","Microsoft-Windows-AppLocker","SLH-Tresen-Nuc","Die Ausführung von %PROGRAMFILES%\MOZILLA FIREFOX\FIREFOX.EXE wurde zugelassen."
"27.05.2026 15:00:38","8002","Informationen","Microsoft-Windows-AppLocker","SLH-Tresen-Nuc","Die Ausführung von %SYSTEM32%\SEARCHPROTOCOLHOST.EXE wurde zugelassen."
"27.05.2026 15:00:38","8002","Informationen","Microsoft-Windows-AppLocker","SLH-Tresen-Nuc","Die Ausführung von %PROGRAMFILES%\MICROSOFT ONEDRIVE\26.078.0426.0002\FILECOAUTH.EXE wurde zugelassen."
"27.05.2026 15:00:38","8002","Informationen","Microsoft-Windows-AppLocker","SLH-Tresen-Nuc","Die Ausführung von %PROGRAMFILES%\COMMON FILES\MICROSOFT SHARED\CLICKTORUN\MAVINJECT32.EXE wurde zugelassen."
"27.05.2026 15:00:38","8002","Informationen","Microsoft-Windows-AppLocker","SLH-Tresen-Nuc","Die Ausführung von %PROGRAMFILES%\MICROSOFT OFFICE\ROOT\OFFICE16\MSOADFSB.EXE wurde zugelassen."
"27.05.2026 14:56:31","8002","Informationen","Microsoft-Windows-AppLocker","SLH-Tresen-Nuc","Die Ausführung von %SYSTEM32%\SEARCHPROTOCOLHOST.EXE wurde zugelassen."
"27.05.2026 14:55:44","8002","Informationen","Microsoft-Windows-AppLocker","SLH-Tresen-Nuc","Die Ausführung von %PROGRAMFILES%\MICROSOFT ONEDRIVE\26.078.0426.0002\FILECOAUTH.EXE wurde zugelassen."
"27.05.2026 14:54:49","8002","Informationen","Microsoft-Windows-AppLocker","SLH-Tresen-Nuc","Die Ausführung von %PROGRAMFILES%\MICROSOFT OFFICE\ROOT\VFS\PROGRAMFILESCOMMONX64\MICROSOFT SHARED\OFFICE16\AI\AI.EXE wurde zugelassen."
"27.05.2026 14:54:46","8002","Informationen","Microsoft-Windows-AppLocker","SLH-Tresen-Nuc","Die Ausführung von %PROGRAMFILES%\MICROSOFT ONEDRIVE\26.078.0426.0002\FILECOAUTH.EXE wurde zugelassen."
"27.05.2026 14:54:46","8002","Informationen","Microsoft-Windows-AppLocker","SLH-Tresen-Nuc","Die Ausführung von %PROGRAMFILES%\COMMON FILES\MICROSOFT SHARED\CLICKTORUN\MAVINJECT32.EXE wurde zugelassen."
"27.05.2026 14:54:46","8002","Informationen","Microsoft-Windows-AppLocker","SLH-Tresen-Nuc","Die Ausführung von %PROGRAMFILES%\MICROSOFT OFFICE\ROOT\OFFICE16\MSOADFSB.EXE wurde zugelassen."
"27.05.2026 14:54:22","8002","Informationen","Microsoft-Windows-AppLocker","SLH-Tresen-Nuc","Die Ausführung von %SYSTEM32%\SEARCHPROTOCOLHOST.EXE wurde zugelassen."
"27.05.2026 14:53:09","8002","Informationen","Microsoft-Windows-AppLocker","SLH-Tresen-Nuc","Die Ausführung von %PROGRAMFILES%\ADOBE\ACROBAT DC\ACROBAT\RDCNOTIFICATIONCLIENT\FULLTRUSTNOTIFIER.EXE wurde zugelassen."
"27.05.2026 14:52:25","8002","Informationen","Microsoft-Windows-AppLocker","SLH-Tresen-Nuc","Die Ausführung von %PROGRAMFILES%\MICROSOFT ONEDRIVE\26.078.0426.0002\FILECOAUTH.EXE wurde zugelassen."
"27.05.2026 14:52:25","8002","Informationen","Microsoft-Windows-AppLocker","SLH-Tresen-Nuc","Die Ausführung von %SYSTEM32%\DLLHOST.EXE wurde zugelassen."
"27.05.2026 14:38:09","8002","Informationen","Microsoft-Windows-AppLocker","SLH-Tresen-Nuc","Die Ausführung von %PROGRAMFILES%\ADOBE\ACROBAT DC\ACROBAT\RDCNOTIFICATIONCLIENT\FULLTRUSTNOTIFIER.EXE wurde zugelassen."
"27.05.2026 14:25:17","8002","Informationen","Microsoft-Windows-AppLocker","SLH-Tresen-Nuc","Die Ausführung von %SYSTEM32%\TASKHOSTW.EXE wurde zugelassen."
"27.05.2026 14:23:09","8002","Informationen","Microsoft-Windows-AppLocker","SLH-Tresen-Nuc","Die Ausführung von %PROGRAMFILES%\ADOBE\ACROBAT DC\ACROBAT\RDCNOTIFICATIONCLIENT\FULLTRUSTNOTIFIER.EXE wurde zugelassen."
"27.05.2026 14:19:45","8002","Informationen","Microsoft-Windows-AppLocker","SLH-Tresen-Nuc","Die Ausführung von %PROGRAMFILES%\MICROSOFT ONEDRIVE\26.078.0426.0002\FILECOAUTH.EXE wurde zugelassen."
"27.05.2026 14:19:45","8002","Informationen","Microsoft-Windows-AppLocker","SLH-Tresen-Nuc","Die Ausführung von %SYSTEM32%\DLLHOST.EXE wurde zugelassen."
"27.05.2026 14:09:12","8002","Informationen","Microsoft-Windows-AppLocker","SLH-Tresen-Nuc","Die Ausführung von %SYSTEM32%\RUNDLL32.EXE wurde zugelassen."
"27.05.2026 14:08:49","8002","Informationen","Microsoft-Windows-AppLocker","SLH-Tresen-Nuc","Die Ausführung von %SYSTEM32%\DEVICECENSUS.EXE wurde zugelassen."
"27.05.2026 14:08:09","8002","Informationen","Microsoft-Windows-AppLocker","SLH-Tresen-Nuc","Die Ausführung von %PROGRAMFILES%\ADOBE\ACROBAT DC\ACROBAT\RDCNOTIFICATIONCLIENT\FULLTRUSTNOTIFIER.EXE wurde zugelassen."
"27.05.2026 13:59:37","8002","Informationen","Microsoft-Windows-AppLocker","SLH-Tresen-Nuc","Die Ausführung von %SYSTEM32%\SEARCHPROTOCOLHOST.EXE wurde zugelassen."
"27.05.2026 13:55:54","8002","Informationen","Microsoft-Windows-AppLocker","SLH-Tresen-Nuc","Die Ausführung von %SYSTEM32%\CONHOST.EXE wurde zugelassen."
"27.05.2026 13:55:54","8002","Informationen","Microsoft-Windows-AppLocker","SLH-Tresen-Nuc","Die Ausführung von %WINDIR%\MICROSOFT.NET\FRAMEWORK\V4.0.30319\NGENTASK.EXE wurde zugelassen."
"27.05.2026 13:55:54","8002","Informationen","Microsoft-Windows-AppLocker","SLH-Tresen-Nuc","Die Ausführung von %SYSTEM32%\CONHOST.EXE wurde zugelassen."
"27.05.2026 13:55:54","8002","Informationen","Microsoft-Windows-AppLocker","SLH-Tresen-Nuc","Die Ausführung von %WINDIR%\MICROSOFT.NET\FRAMEWORK64\V4.0.30319\NGENTASK.EXE wurde zugelassen."
"27.05.2026 13:55:48","8002","Informationen","Microsoft-Windows-AppLocker","SLH-Tresen-Nuc","Die Ausführung von %SYSTEM32%\CONHOST.EXE wurde zugelassen."
"27.05.2026 13:55:48","8002","Informationen","Microsoft-Windows-AppLocker","SLH-Tresen-Nuc","Die Ausführung von %SYSTEM32%\SDIAGNHOST.EXE wurde zugelassen."
"27.05.2026 13:55:48","8002","Informationen","Microsoft-Windows-AppLocker","SLH-Tresen-Nuc","Die Ausführung von %SYSTEM32%\CLEANMGR.EXE wurde zugelassen."
"27.05.2026 13:55:48","8002","Informationen","Microsoft-Windows-AppLocker","SLH-Tresen-Nuc","Die Ausführung von %SYSTEM32%\APPHOSTREGISTRATIONVERIFIER.EXE wurde zugelassen."
"27.05.2026 13:55:48","8002","Informationen","Microsoft-Windows-AppLocker","SLH-Tresen-Nuc","Die Ausführung von %SYSTEM32%\TASKHOSTW.EXE wurde zugelassen."
"27.05.2026 13:55:48","8002","Informationen","Microsoft-Windows-AppLocker","SLH-Tresen-Nuc","Die Ausführung von %SYSTEM32%\TASKHOSTW.EXE wurde zugelassen."
"27.05.2026 13:53:09","8002","Informationen","Microsoft-Windows-AppLocker","SLH-Tresen-Nuc","Die Ausführung von %PROGRAMFILES%\ADOBE\ACROBAT DC\ACROBAT\RDCNOTIFICATIONCLIENT\FULLTRUSTNOTIFIER.EXE wurde zugelassen."
"27.05.2026 13:51:17","8002","Informationen","Microsoft-Windows-AppLocker","SLH-Tresen-Nuc","Die Ausführung von %SYSTEM32%\TASKHOSTW.EXE wurde zugelassen."
"27.05.2026 13:51:17","8002","Informationen","Microsoft-Windows-AppLocker","SLH-Tresen-Nuc","Die Ausführung von %SYSTEM32%\TASKHOSTW.EXE wurde zugelassen."
"27.05.2026 13:50:41","8002","Informationen","Microsoft-Windows-AppLocker","SLH-Tresen-Nuc","Die Ausführung von %SYSTEM32%\SEARCHPROTOCOLHOST.EXE wurde zugelassen."
"27.05.2026 13:48:00","8002","Informationen","Microsoft-Windows-AppLocker","SLH-Tresen-Nuc","Die Ausführung von %PROGRAMFILES%\MICROSOFT ONEDRIVE\26.078.0426.0002\FILECOAUTH.EXE wurde zugelassen."
"27.05.2026 13:47:59","8002","Informationen","Microsoft-Windows-AppLocker","SLH-Tresen-Nuc","Die Ausführung von %PROGRAMFILES%\COMMON FILES\MICROSOFT SHARED\CLICKTORUN\MAVINJECT32.EXE wurde zugelassen."
"27.05.2026 13:47:59","8002","Informationen","Microsoft-Windows-AppLocker","SLH-Tresen-Nuc","Die Ausführung von %PROGRAMFILES%\MICROSOFT OFFICE\ROOT\OFFICE16\MSOADFSB.EXE wurde zugelassen."
"27.05.2026 13:47:51","8002","Informationen","Microsoft-Windows-AppLocker","SLH-Tresen-Nuc","Die Ausführung von %PROGRAMFILES%\MICROSOFT\EDGE\APPLICATION\MSEDGE.EXE wurde zugelassen."
"27.05.2026 13:47:01","8002","Informationen","Microsoft-Windows-AppLocker","SLH-Tresen-Nuc","Die Ausführung von %SYSTEM32%\SECURITYHEALTH\10.0.29554.1001-0\SECURITYHEALTHHOST.EXE wurde zugelassen."
"27.05.2026 13:46:58","8002","Informationen","Microsoft-Windows-AppLocker","SLH-Tresen-Nuc","Die Ausführung von %SYSTEM32%\SECURITYHEALTH\10.0.29554.1001-0\SECURITYHEALTHHOST.EXE wurde zugelassen."
"27.05.2026 13:45:59","8002","Informationen","Microsoft-Windows-AppLocker","SLH-Tresen-Nuc","Die Ausführung von %PROGRAMFILES%\MOZILLA FIREFOX\FIREFOX.EXE wurde zugelassen."
"27.05.2026 13:45:55","8002","Informationen","Microsoft-Windows-AppLocker","SLH-Tresen-Nuc","Die Ausführung von %PROGRAMFILES%\MOZILLA FIREFOX\FIREFOX.EXE wurde zugelassen."
"27.05.2026 13:45:38","8002","Informationen","Microsoft-Windows-AppLocker","SLH-Tresen-Nuc","Die Ausführung von %PROGRAMFILES%\MOZILLA FIREFOX\CRASHHELPER.EXE wurde zugelassen."
"27.05.2026 13:45:37","8002","Informationen","Microsoft-Windows-AppLocker","SLH-Tresen-Nuc","Die Ausführung von %PROGRAMFILES%\MOZILLA FIREFOX\FIREFOX.EXE wurde zugelassen."
"27.05.2026 13:45:36","8002","Informationen","Microsoft-Windows-AppLocker","SLH-Tresen-Nuc","Die Ausführung von %SYSTEM32%\TASKHOSTW.EXE wurde zugelassen."
"27.05.2026 13:45:36","8002","Informationen","Microsoft-Windows-AppLocker","SLH-Tresen-Nuc","Die Ausführung von %SYSTEM32%\CLIPRENEW.EXE wurde zugelassen."
"27.05.2026 13:45:36","8002","Informationen","Microsoft-Windows-AppLocker","SLH-Tresen-Nuc","Die Ausführung von %PROGRAMFILES%\MOZILLA FIREFOX\FIREFOX.EXE wurde zugelassen."
"27.05.2026 13:45:17","8002","Informationen","Microsoft-Windows-AppLocker","SLH-Tresen-Nuc","Die Ausführung von %PROGRAMFILES%\MICROSOFT\EDGEWEBVIEW\APPLICATION\148.0.3967.83\MSEDGEWEBVIEW2.EXE wurde zugelassen."
"27.05.2026 13:44:49","8002","Informationen","Microsoft-Windows-AppLocker","SLH-Tresen-Nuc","Die Ausführung von %PROGRAMFILES%\MICROSOFT\EDGE\APPLICATION\MSEDGE.EXE wurde zugelassen."
"27.05.2026 13:44:34","8002","Informationen","Microsoft-Windows-AppLocker","SLH-Tresen-Nuc","Die Ausführung von %SYSTEM32%\SVCHOST.EXE wurde zugelassen."
"27.05.2026 13:44:32","8002","Informationen","Microsoft-Windows-AppLocker","SLH-Tresen-Nuc","Die Ausführung von %SYSTEM32%\APPLICATIONFRAMEHOST.EXE wurde zugelassen."
"27.05.2026 13:44:14","8002","Informationen","Microsoft-Windows-AppLocker","SLH-Tresen-Nuc","Die Ausführung von %SYSTEM32%\SEARCHPROTOCOLHOST.EXE wurde zugelassen."
"27.05.2026 13:44:04","8002","Informationen","Microsoft-Windows-AppLocker","SLH-Tresen-Nuc","Die Ausführung von %PROGRAMFILES%\MICROSOFT ONEDRIVE\26.078.0426.0002\FILECOAUTH.EXE wurde zugelassen."
"27.05.2026 13:44:03","8002","Informationen","Microsoft-Windows-AppLocker","SLH-Tresen-Nuc","Die Ausführung von %SYSTEM32%\DLLHOST.EXE wurde zugelassen."
"27.05.2026 13:43:49","8002","Informationen","Microsoft-Windows-AppLocker","SLH-Tresen-Nuc","Die Ausführung von %SYSTEM32%\RUNTIMEBROKER.EXE wurde zugelassen."
"27.05.2026 13:43:49","8002","Informationen","Microsoft-Windows-AppLocker","SLH-Tresen-Nuc","Die Ausführung von %PROGRAMFILES%\MICROSOFT\EDGE\APPLICATION\MSEDGE.EXE wurde zugelassen."
"27.05.2026 13:43:37","8002","Informationen","Microsoft-Windows-AppLocker","SLH-Tresen-Nuc","Die Ausführung von %PROGRAMFILES%\MICROSOFT ONEDRIVE\26.078.0426.0002\FILECOAUTH.EXE wurde zugelassen."
"27.05.2026 13:43:36","8002","Informationen","Microsoft-Windows-AppLocker","SLH-Tresen-Nuc","Die Ausführung von %SYSTEM32%\DLLHOST.EXE wurde zugelassen."
"27.05.2026 13:43:31","8002","Informationen","Microsoft-Windows-AppLocker","SLH-Tresen-Nuc","Die Ausführung von %PROGRAMFILES%\MICROSOFT\EDGEWEBVIEW\APPLICATION\148.0.3967.83\MSEDGEWEBVIEW2.EXE wurde zugelassen."
"27.05.2026 13:43:22","8002","Informationen","Microsoft-Windows-AppLocker","SLH-Tresen-Nuc","Die Ausführung von %PROGRAMFILES%\MICROSOFT\EDGEWEBVIEW\APPLICATION\148.0.3967.83\MSEDGEWEBVIEW2.EXE wurde zugelassen."
"27.05.2026 13:43:22","8002","Informationen","Microsoft-Windows-AppLocker","SLH-Tresen-Nuc","Die Ausführung von %SYSTEM32%\SEARCHPROTOCOLHOST.EXE wurde zugelassen."
"27.05.2026 13:43:21","8002","Informationen","Microsoft-Windows-AppLocker","SLH-Tresen-Nuc","Die Ausführung von %PROGRAMFILES%\MICROSOFT ONEDRIVE\26.078.0426.0002\FILECOAUTH.EXE wurde zugelassen."
"27.05.2026 13:43:21","8002","Informationen","Microsoft-Windows-AppLocker","SLH-Tresen-Nuc","Die Ausführung von %SYSTEM32%\DLLHOST.EXE wurde zugelassen."
"27.05.2026 13:43:19","8002","Informationen","Microsoft-Windows-AppLocker","SLH-Tresen-Nuc","Die Ausführung von %SYSTEM32%\SEARCHPROTOCOLHOST.EXE wurde zugelassen."
"27.05.2026 13:43:19","8002","Informationen","Microsoft-Windows-AppLocker","SLH-Tresen-Nuc","Die Ausführung von %PROGRAMFILES%\MICROSOFT\EDGE\APPLICATION\MSEDGE.EXE wurde zugelassen."
"27.05.2026 13:43:17","8002","Informationen","Microsoft-Windows-AppLocker","SLH-Tresen-Nuc","Die Ausführung von %PROGRAMFILES%\MICROSOFT\EDGEWEBVIEW\APPLICATION\148.0.3967.83\MSEDGEWEBVIEW2.EXE wurde zugelassen."
"27.05.2026 13:43:17","8002","Informationen","Microsoft-Windows-AppLocker","SLH-Tresen-Nuc","Die Ausführung von %PROGRAMFILES%\MICROSOFT\EDGEWEBVIEW\APPLICATION\148.0.3967.83\MSEDGEWEBVIEW2.EXE wurde zugelassen."
"27.05.2026 13:43:17","8002","Informationen","Microsoft-Windows-AppLocker","SLH-Tresen-Nuc","Die Ausführung von %PROGRAMFILES%\MICROSOFT\EDGEWEBVIEW\APPLICATION\148.0.3967.83\MSEDGEWEBVIEW2.EXE wurde zugelassen."
"27.05.2026 13:43:17","8002","Informationen","Microsoft-Windows-AppLocker","SLH-Tresen-Nuc","Die Ausführung von %PROGRAMFILES%\MICROSOFT\EDGEWEBVIEW\APPLICATION\148.0.3967.83\MSEDGEWEBVIEW2.EXE wurde zugelassen."
"27.05.2026 13:43:16","8002","Informationen","Microsoft-Windows-AppLocker","SLH-Tresen-Nuc","Die Ausführung von %PROGRAMFILES%\MICROSOFT\EDGEWEBVIEW\APPLICATION\148.0.3967.83\MSEDGEWEBVIEW2.EXE wurde zugelassen."
"27.05.2026 13:43:16","8002","Informationen","Microsoft-Windows-AppLocker","SLH-Tresen-Nuc","Die Ausführung von %PROGRAMFILES%\MICROSOFT\EDGEWEBVIEW\APPLICATION\148.0.3967.83\MSEDGEWEBVIEW2.EXE wurde zugelassen."
"27.05.2026 13:43:10","8002","Informationen","Microsoft-Windows-AppLocker","SLH-Tresen-Nuc","Die Ausführung von %SYSTEM32%\RUNDLL32.EXE wurde zugelassen."
"27.05.2026 13:43:07","8002","Informationen","Microsoft-Windows-AppLocker","SLH-Tresen-Nuc","Die Ausführung von %PROGRAMFILES%\COMMON FILES\MICROSOFT SHARED\CLICKTORUN\OFFICECLICKTORUN.EXE wurde zugelassen."
"27.05.2026 13:43:06","8002","Informationen","Microsoft-Windows-AppLocker","SLH-Tresen-Nuc","Die Ausführung von %PROGRAMFILES%\MICROSOFT OFFICE\ROOT\OFFICE16\OUTLOOK.EXE wurde zugelassen."
"27.05.2026 13:43:01","8002","Informationen","Microsoft-Windows-AppLocker","SLH-Tresen-Nuc","Die Ausführung von %PROGRAMFILES%\MICROSOFT ONEDRIVE\26.078.0426.0002\FILECOAUTH.EXE wurde zugelassen."
"27.05.2026 13:43:00","8002","Informationen","Microsoft-Windows-AppLocker","SLH-Tresen-Nuc","Die Ausführung von %SYSTEM32%\DLLHOST.EXE wurde zugelassen."
"27.05.2026 13:42:59","8002","Informationen","Microsoft-Windows-AppLocker","SLH-Tresen-Nuc","Die Ausführung von %PROGRAMFILES%\COMMON FILES\MICROSOFT SHARED\CLICKTORUN\APPVSHNOTIFY.EXE wurde zugelassen."
"27.05.2026 13:42:53","8002","Informationen","Microsoft-Windows-AppLocker","SLH-Tresen-Nuc","Die Ausführung von %PROGRAMFILES%\MICROSOFT\EDGE\APPLICATION\148.0.3967.83\IDENTITY_HELPER.EXE wurde zugelassen."
"27.05.2026 13:42:53","8002","Informationen","Microsoft-Windows-AppLocker","SLH-Tresen-Nuc","Die Ausführung von %PROGRAMFILES%\MICROSOFT\EDGE\APPLICATION\MSEDGE.EXE wurde zugelassen."
"27.05.2026 13:42:50","8002","Informationen","Microsoft-Windows-AppLocker","SLH-Tresen-Nuc","Die Ausführung von %PROGRAMFILES%\MICROSOFT\EDGE\APPLICATION\MSEDGE.EXE wurde zugelassen."
"27.05.2026 13:42:50","8002","Informationen","Microsoft-Windows-AppLocker","SLH-Tresen-Nuc","Die Ausführung von %PROGRAMFILES%\MICROSOFT\EDGE\APPLICATION\MSEDGE.EXE wurde zugelassen."
"27.05.2026 13:42:49","8002","Informationen","Microsoft-Windows-AppLocker","SLH-Tresen-Nuc","Die Ausführung von %PROGRAMFILES%\MICROSOFT\EDGE\APPLICATION\MSEDGE.EXE wurde zugelassen."
"27.05.2026 13:42:49","8002","Informationen","Microsoft-Windows-AppLocker","SLH-Tresen-Nuc","Die Ausführung von %PROGRAMFILES%\MICROSOFT\EDGE\APPLICATION\MSEDGE.EXE wurde zugelassen."
"27.05.2026 13:42:49","8002","Informationen","Microsoft-Windows-AppLocker","SLH-Tresen-Nuc","Die Ausführung von %PROGRAMFILES%\MICROSOFT\EDGE\APPLICATION\MSEDGE.EXE wurde zugelassen."
"27.05.2026 13:42:49","8002","Informationen","Microsoft-Windows-AppLocker","SLH-Tresen-Nuc","Die Ausführung von %PROGRAMFILES%\MICROSOFT\EDGE\APPLICATION\MSEDGE.EXE wurde zugelassen."
"27.05.2026 13:42:49","8002","Informationen","Microsoft-Windows-AppLocker","SLH-Tresen-Nuc","Die Ausführung von %PROGRAMFILES%\MICROSOFT\EDGE\APPLICATION\MSEDGE.EXE wurde zugelassen."
"27.05.2026 13:42:35","8002","Informationen","Microsoft-Windows-AppLocker","SLH-Tresen-Nuc","Die Ausführung von %WINDIR%\UUS\AMD64\MONOTIFICATIONUX.EXE wurde zugelassen."
"27.05.2026 13:41:17","8002","Informationen","Microsoft-Windows-AppLocker","SLH-Tresen-Nuc","Die Ausführung von %SYSTEM32%\TASKHOSTW.EXE wurde zugelassen."
"27.05.2026 13:40:21","8002","Informationen","Microsoft-Windows-AppLocker","SLH-Tresen-Nuc","Die Ausführung von %SYSTEM32%\SC.EXE wurde zugelassen."
"27.05.2026 13:40:21","8002","Informationen","Microsoft-Windows-AppLocker","SLH-Tresen-Nuc","Die Ausführung von %PROGRAMFILES%\INTEL\SUR\QUEENCREEK\X64\ESRV.EXE wurde zugelassen."
"27.05.2026 13:39:56","8002","Informationen","Microsoft-Windows-AppLocker","SLH-Tresen-Nuc","Die Ausführung von %PROGRAMFILES%\MOZILLA FIREFOX\FIREFOX.EXE wurde zugelassen."
"27.05.2026 13:38:59","8002","Informationen","Microsoft-Windows-AppLocker","SLH-Tresen-Nuc","Die Ausführung von %PROGRAMFILES%\MOZILLA FIREFOX\FIREFOX.EXE wurde zugelassen."
"27.05.2026 13:38:49","8002","Informationen","Microsoft-Windows-AppLocker","SLH-Tresen-Nuc","Die Ausführung von %PROGRAMFILES%\MOZILLA FIREFOX\FIREFOX.EXE wurde zugelassen."
"27.05.2026 13:38:48","8002","Informationen","Microsoft-Windows-AppLocker","SLH-Tresen-Nuc","Die Ausführung von %SYSTEM32%\SVCHOST.EXE wurde zugelassen."
"27.05.2026 13:38:45","8002","Informationen","Microsoft-Windows-AppLocker","SLH-Tresen-Nuc","Die Ausführung von %PROGRAMFILES%\MOZILLA FIREFOX\CRASHREPORTER.EXE wurde zugelassen."
"27.05.2026 13:38:43","8002","Informationen","Microsoft-Windows-AppLocker","SLH-Tresen-Nuc","Die Ausführung von %PROGRAMFILES%\MOZILLA FIREFOX\FIREFOX.EXE wurde zugelassen."
"27.05.2026 13:38:29","8002","Informationen","Microsoft-Windows-AppLocker","SLH-Tresen-Nuc","Die Ausführung von %PROGRAMFILES%\MOZILLA FIREFOX\FIREFOX.EXE wurde zugelassen."
"27.05.2026 13:38:11","8002","Informationen","Microsoft-Windows-AppLocker","SLH-Tresen-Nuc","Die Ausführung von %SYSTEM32%\DLLHOST.EXE wurde zugelassen."
"27.05.2026 13:38:09","8002","Informationen","Microsoft-Windows-AppLocker","SLH-Tresen-Nuc","Die Ausführung von %PROGRAMFILES%\ADOBE\ACROBAT DC\ACROBAT\RDCNOTIFICATIONCLIENT\FULLTRUSTNOTIFIER.EXE wurde zugelassen."
"27.05.2026 13:38:08","8002","Informationen","Microsoft-Windows-AppLocker","SLH-Tresen-Nuc","Die Ausführung von %PROGRAMFILES%\MOZILLA FIREFOX\FIREFOX.EXE wurde zugelassen."
"27.05.2026 13:38:04","8002","Informationen","Microsoft-Windows-AppLocker","SLH-Tresen-Nuc","Die Ausführung von %PROGRAMFILES%\ADOBE\ACROBAT DC\ACROBAT\ADOBECOLLABSYNC.EXE wurde zugelassen."
"27.05.2026 13:38:04","8002","Informationen","Microsoft-Windows-AppLocker","SLH-Tresen-Nuc","Die Ausführung von %PROGRAMFILES%\ADOBE\ACROBAT DC\ACROBAT\ADOBECOLLABSYNC.EXE wurde zugelassen."
"27.05.2026 13:38:03","8002","Informationen","Microsoft-Windows-AppLocker","SLH-Tresen-Nuc","Die Ausführung von %PROGRAMFILES%\MICROSOFT ONEDRIVE\26.078.0426.0002\ONEDRIVE.SYNC.SERVICE.EXE wurde zugelassen."
"27.05.2026 13:38:00","8002","Informationen","Microsoft-Windows-AppLocker","SLH-Tresen-Nuc","Die Ausführung von %SYSTEM32%\SVCHOST.EXE wurde zugelassen."
"27.05.2026 13:37:58","8002","Informationen","Microsoft-Windows-AppLocker","SLH-Tresen-Nuc","Die Ausführung von %PROGRAMFILES%\MOZILLA FIREFOX\FIREFOX.EXE wurde zugelassen."
"27.05.2026 13:37:54","8002","Informationen","Microsoft-Windows-AppLocker","SLH-Tresen-Nuc","Die Ausführung von %PROGRAMFILES%\NEXTCLOUD\NEXTCLOUD.EXE wurde zugelassen."
"27.05.2026 13:37:53","8002","Informationen","Microsoft-Windows-AppLocker","SLH-Tresen-Nuc","Die Ausführung von %PROGRAMFILES%\MOZILLA FIREFOX\FIREFOX.EXE wurde zugelassen."
"27.05.2026 13:37:53","8002","Informationen","Microsoft-Windows-AppLocker","SLH-Tresen-Nuc","Die Ausführung von %PROGRAMFILES%\MOZILLA FIREFOX\FIREFOX.EXE wurde zugelassen."
"27.05.2026 13:37:53","8002","Informationen","Microsoft-Windows-AppLocker","SLH-Tresen-Nuc","Die Ausführung von %PROGRAMFILES%\MOZILLA FIREFOX\FIREFOX.EXE wurde zugelassen."
"27.05.2026 13:37:51","8002","Informationen","Microsoft-Windows-AppLocker","SLH-Tresen-Nuc","Die Ausführung von %PROGRAMFILES%\MOZILLA FIREFOX\FIREFOX.EXE wurde zugelassen."
"27.05.2026 13:37:50","8002","Informationen","Microsoft-Windows-AppLocker","SLH-Tresen-Nuc","Die Ausführung von %PROGRAMFILES%\MOZILLA FIREFOX\FIREFOX.EXE wurde zugelassen."
"27.05.2026 13:37:50","8002","Informationen","Microsoft-Windows-AppLocker","SLH-Tresen-Nuc","Die Ausführung von %PROGRAMFILES%\MOZILLA FIREFOX\FIREFOX.EXE wurde zugelassen."
"27.05.2026 13:37:49","8002","Informationen","Microsoft-Windows-AppLocker","SLH-Tresen-Nuc","Die Ausführung von %PROGRAMFILES%\MOZILLA FIREFOX\FIREFOX.EXE wurde zugelassen."
"27.05.2026 13:37:49","8002","Informationen","Microsoft-Windows-AppLocker","SLH-Tresen-Nuc","Die Ausführung von %PROGRAMFILES%\MOZILLA FIREFOX\FIREFOX.EXE wurde zugelassen."
"27.05.2026 13:37:48","8002","Informationen","Microsoft-Windows-AppLocker","SLH-Tresen-Nuc","Die Ausführung von %PROGRAMFILES%\MOZILLA FIREFOX\FIREFOX.EXE wurde zugelassen."
"27.05.2026 13:37:48","8002","Informationen","Microsoft-Windows-AppLocker","SLH-Tresen-Nuc","Die Ausführung von %PROGRAMFILES%\MOZILLA FIREFOX\FIREFOX.EXE wurde zugelassen."
"27.05.2026 13:37:48","8002","Informationen","Microsoft-Windows-AppLocker","SLH-Tresen-Nuc","Die Ausführung von %SYSTEM32%\COMPPKGSRV.EXE wurde zugelassen."
"27.05.2026 13:37:48","8002","Informationen","Microsoft-Windows-AppLocker","SLH-Tresen-Nuc","Die Ausführung von %PROGRAMFILES%\MOZILLA FIREFOX\FIREFOX.EXE wurde zugelassen."
"27.05.2026 13:37:48","8002","Informationen","Microsoft-Windows-AppLocker","SLH-Tresen-Nuc","Die Ausführung von %SYSTEM32%\COMPPKGSRV.EXE wurde zugelassen."
"27.05.2026 13:37:48","8002","Informationen","Microsoft-Windows-AppLocker","SLH-Tresen-Nuc","Die Ausführung von %SYSTEM32%\RUNTIMEBROKER.EXE wurde zugelassen."
"27.05.2026 13:37:48","8002","Informationen","Microsoft-Windows-AppLocker","SLH-Tresen-Nuc","Die Ausführung von %SYSTEM32%\COMPPKGSRV.EXE wurde zugelassen."
"27.05.2026 13:37:47","8002","Informationen","Microsoft-Windows-AppLocker","SLH-Tresen-Nuc","Die Ausführung von %PROGRAMFILES%\MOZILLA FIREFOX\FIREFOX.EXE wurde zugelassen."
"27.05.2026 13:37:47","8002","Informationen","Microsoft-Windows-AppLocker","SLH-Tresen-Nuc","Die Ausführung von %PROGRAMFILES%\MOZILLA FIREFOX\CRASHHELPER.EXE wurde zugelassen."
"27.05.2026 13:37:47","8002","Informationen","Microsoft-Windows-AppLocker","SLH-Tresen-Nuc","Die Ausführung von %PROGRAMFILES%\MOZILLA FIREFOX\FIREFOX.EXE wurde zugelassen."
"27.05.2026 13:37:47","8002","Informationen","Microsoft-Windows-AppLocker","SLH-Tresen-Nuc","Die Ausführung von %PROGRAMFILES%\MOZILLA FIREFOX\FIREFOX.EXE wurde zugelassen."
"27.05.2026 13:37:39","8001","Informationen","Microsoft-Windows-AppLocker","SLH-Tresen-Nuc","Die AppLocker-Richtlinie wurde erfolgreich auf diesen Computer angewendet."
"27.05.2026 13:37:38","8002","Informationen","Microsoft-Windows-AppLocker","SLH-Tresen-Nuc","Die Ausführung von %SYSTEM32%\DLLHOST.EXE wurde zugelassen."
"27.05.2026 13:37:34","8002","Informationen","Microsoft-Windows-AppLocker","SLH-Tresen-Nuc","Die Ausführung von %PROGRAMFILES%\MOZILLA FIREFOX\CRASHHELPER.EXE wurde zugelassen."
"27.05.2026 13:37:34","8002","Informationen","Microsoft-Windows-AppLocker","SLH-Tresen-Nuc","Die Ausführung von %PROGRAMFILES%\MOZILLA FIREFOX\FIREFOX.EXE wurde zugelassen."
"27.05.2026 13:37:33","8002","Informationen","Microsoft-Windows-AppLocker","SLH-Tresen-Nuc","Die Ausführung von %PROGRAMFILES%\MOZILLA FIREFOX\FIREFOX.EXE wurde zugelassen."
"27.05.2026 13:37:31","8002","Informationen","Microsoft-Windows-AppLocker","SLH-Tresen-Nuc","Die Ausführung von %SYSTEM32%\RUNDLL32.EXE wurde zugelassen."
"27.05.2026 13:37:31","8002","Informationen","Microsoft-Windows-AppLocker","SLH-Tresen-Nuc","Die Ausführung von %SYSTEM32%\DLLHOST.EXE wurde zugelassen."
"27.05.2026 13:37:25","8002","Informationen","Microsoft-Windows-AppLocker","SLH-Tresen-Nuc","Die Ausführung von %PROGRAMFILES%\MICROSOFT ONEDRIVE\26.078.0426.0002\FILECOAUTH.EXE wurde zugelassen."
"27.05.2026 13:37:25","8002","Informationen","Microsoft-Windows-AppLocker","SLH-Tresen-Nuc","Die Ausführung von %SYSTEM32%\SECURITYHEALTH\10.0.29554.1001-0\SECURITYHEALTHHOST.EXE wurde zugelassen."
"27.05.2026 13:37:24","8002","Informationen","Microsoft-Windows-AppLocker","SLH-Tresen-Nuc","Die Ausführung von %PROGRAMFILES%\MICROSOFT ONEDRIVE\ONEDRIVE.EXE wurde zugelassen."
"27.05.2026 13:37:18","8002","Informationen","Microsoft-Windows-AppLocker","SLH-Tresen-Nuc","Die Ausführung von %SYSTEM32%\TASKHOSTW.EXE wurde zugelassen."
"27.05.2026 13:37:12","8002","Informationen","Microsoft-Windows-AppLocker","SLH-Tresen-Nuc","Die Ausführung von %PROGRAMFILES%\MICROSOFT ONEDRIVE\26.078.0426.0002\FILECOAUTH.EXE wurde zugelassen."
"27.05.2026 13:37:12","8002","Informationen","Microsoft-Windows-AppLocker","SLH-Tresen-Nuc","Die Ausführung von %SYSTEM32%\DLLHOST.EXE wurde zugelassen."
"27.05.2026 13:37:01","8002","Informationen","Microsoft-Windows-AppLocker","SLH-Tresen-Nuc","Die Ausführung von %PROGRAMFILES%\MICROSOFT ONEDRIVE\26.078.0426.0002\FILECOAUTH.EXE wurde zugelassen."
"27.05.2026 13:37:00","8002","Informationen","Microsoft-Windows-AppLocker","SLH-Tresen-Nuc","Die Ausführung von %SYSTEM32%\DLLHOST.EXE wurde zugelassen."
"27.05.2026 13:36:54","8002","Informationen","Microsoft-Windows-AppLocker","SLH-Tresen-Nuc","Die Ausführung von %SYSTEM32%\SECURITYHEALTHSYSTRAY.EXE wurde zugelassen."
"27.05.2026 13:36:54","8002","Informationen","Microsoft-Windows-AppLocker","SLH-Tresen-Nuc","Die Ausführung von %SYSTEM32%\SMARTSCREEN.EXE wurde zugelassen."
"27.05.2026 13:36:47","8002","Informationen","Microsoft-Windows-AppLocker","SLH-Tresen-Nuc","Die Ausführung von %SYSTEM32%\WLRMDR.EXE wurde zugelassen."
"27.05.2026 13:36:47","8002","Informationen","Microsoft-Windows-AppLocker","SLH-Tresen-Nuc","Die Ausführung von %SYSTEM32%\TASKHOSTW.EXE wurde zugelassen."
"27.05.2026 13:36:28","8002","Informationen","Microsoft-Windows-AppLocker","SLH-Tresen-Nuc","Die Ausführung von %SYSTEM32%\BDEUISRV.EXE wurde zugelassen."
"27.05.2026 13:36:27","8002","Informationen","Microsoft-Windows-AppLocker","SLH-Tresen-Nuc","Die Ausführung von %SYSTEM32%\CTFMON.EXE wurde zugelassen."
"27.05.2026 13:36:26","8002","Informationen","Microsoft-Windows-AppLocker","SLH-Tresen-Nuc","Die Ausführung von %SYSTEM32%\MOBSYNC.EXE wurde zugelassen."
"27.05.2026 13:36:22","8002","Informationen","Microsoft-Windows-AppLocker","SLH-Tresen-Nuc","Die Ausführung von %SYSTEM32%\CLIPRENEW.EXE wurde zugelassen."
"27.05.2026 13:36:22","8002","Informationen","Microsoft-Windows-AppLocker","SLH-Tresen-Nuc","Die Ausführung von %PROGRAMFILES%\MICROSOFT ONEDRIVE\26.078.0426.0002\FILECOAUTH.EXE wurde zugelassen."
"27.05.2026 13:36:20","8002","Informationen","Microsoft-Windows-AppLocker","SLH-Tresen-Nuc","Die Ausführung von %SYSTEM32%\SVCHOST.EXE wurde zugelassen."
"27.05.2026 13:36:20","8002","Informationen","Microsoft-Windows-AppLocker","SLH-Tresen-Nuc","Die Ausführung von %SYSTEM32%\DLLHOST.EXE wurde zugelassen."
"27.05.2026 13:36:20","8002","Informationen","Microsoft-Windows-AppLocker","SLH-Tresen-Nuc","Die Ausführung von %SYSTEM32%\DLLHOST.EXE wurde zugelassen."
"27.05.2026 13:36:19","8002","Informationen","Microsoft-Windows-AppLocker","SLH-Tresen-Nuc","Die Ausführung von %SYSTEM32%\SVCHOST.EXE wurde zugelassen."
"27.05.2026 13:36:18","8002","Informationen","Microsoft-Windows-AppLocker","SLH-Tresen-Nuc","Die Ausführung von %SYSTEM32%\RUNDLL32.EXE wurde zugelassen."
"27.05.2026 13:36:17","8002","Informationen","Microsoft-Windows-AppLocker","SLH-Tresen-Nuc","Die Ausführung von %SYSTEM32%\SHELLHOST.EXE wurde zugelassen."
"27.05.2026 13:36:17","8002","Informationen","Microsoft-Windows-AppLocker","SLH-Tresen-Nuc","Die Ausführung von %WINDIR%\EXPLORER.EXE wurde zugelassen."
"27.05.2026 13:36:17","8002","Informationen","Microsoft-Windows-AppLocker","SLH-Tresen-Nuc","Die Ausführung von %SYSTEM32%\USERINIT.EXE wurde zugelassen."
"27.05.2026 13:36:17","8002","Informationen","Microsoft-Windows-AppLocker","SLH-Tresen-Nuc","Die Ausführung von %PROGRAMFILES%\INTEL\DRIVER AND SUPPORT ASSISTANT\X86\DSATRAY.EXE wurde zugelassen."
"27.05.2026 13:36:17","8002","Informationen","Microsoft-Windows-AppLocker","SLH-Tresen-Nuc","Die Ausführung von %SYSTEM32%\TASKHOSTW.EXE wurde zugelassen."
"27.05.2026 13:36:17","8002","Informationen","Microsoft-Windows-AppLocker","SLH-Tresen-Nuc","Die Ausführung von %SYSTEM32%\TASKHOSTW.EXE wurde zugelassen."
"27.05.2026 13:36:17","8002","Informationen","Microsoft-Windows-AppLocker","SLH-Tresen-Nuc","Die Ausführung von %PROGRAMFILES%\MICROSOFT OFFICE\ROOT\VFS\PROGRAMFILESCOMMONX86\MICROSOFT SHARED\OFFICE16\OPUSHUTIL.EXE wurde zugelassen."
"27.05.2026 13:36:17","8002","Informationen","Microsoft-Windows-AppLocker","SLH-Tresen-Nuc","Die Ausführung von %SYSTEM32%\TASKHOSTW.EXE wurde zugelassen."
"27.05.2026 13:36:17","8002","Informationen","Microsoft-Windows-AppLocker","SLH-Tresen-Nuc","Die Ausführung von %SYSTEM32%\SVCHOST.EXE wurde zugelassen."
"27.05.2026 13:36:16","8002","Informationen","Microsoft-Windows-AppLocker","SLH-Tresen-Nuc","Die Ausführung von %SYSTEM32%\SVCHOST.EXE wurde zugelassen."
"27.05.2026 13:36:16","8002","Informationen","Microsoft-Windows-AppLocker","SLH-Tresen-Nuc","Die Ausführung von %SYSTEM32%\SVCHOST.EXE wurde zugelassen."
"27.05.2026 13:36:16","8002","Informationen","Microsoft-Windows-AppLocker","SLH-Tresen-Nuc","Die Ausführung von %SYSTEM32%\SVCHOST.EXE wurde zugelassen."
"27.05.2026 13:36:16","8002","Informationen","Microsoft-Windows-AppLocker","SLH-Tresen-Nuc","Die Ausführung von %SYSTEM32%\SIHOST.EXE wurde zugelassen."
"26.05.2026 21:50:34","8002","Informationen","Microsoft-Windows-AppLocker","SLH-Tresen-Nuc","Die Ausführung von %PROGRAMFILES%\MICROSOFT ONEDRIVE\26.078.0426.0002\FILECOAUTH.EXE wurde zugelassen."
"26.05.2026 21:50:34","8002","Informationen","Microsoft-Windows-AppLocker","SLH-Tresen-Nuc","Die Ausführung von %SYSTEM32%\DLLHOST.EXE wurde zugelassen."
"26.05.2026 21:50:34","8002","Informationen","Microsoft-Windows-AppLocker","SLH-Tresen-Nuc","Die Ausführung von %PROGRAMFILES%\MICROSOFT ONEDRIVE\26.078.0426.0002\FILECOAUTH.EXE wurde zugelassen."
"26.05.2026 21:50:34","8002","Informationen","Microsoft-Windows-AppLocker","SLH-Tresen-Nuc","Die Ausführung von %SYSTEM32%\DLLHOST.EXE wurde zugelassen."
"26.05.2026 21:50:34","8002","Informationen","Microsoft-Windows-AppLocker","SLH-Tresen-Nuc","Die Ausführung von %PROGRAMFILES%\MICROSOFT ONEDRIVE\26.078.0426.0002\FILECOAUTH.EXE wurde zugelassen."
"26.05.2026 21:50:34","8002","Informationen","Microsoft-Windows-AppLocker","SLH-Tresen-Nuc","Die Ausführung von %SYSTEM32%\DLLHOST.EXE wurde zugelassen."
"26.05.2026 21:50:34","8002","Informationen","Microsoft-Windows-AppLocker","SLH-Tresen-Nuc","Die Ausführung von %PROGRAMFILES%\MICROSOFT ONEDRIVE\26.078.0426.0002\FILECOAUTH.EXE wurde zugelassen."
"26.05.2026 21:50:34","8002","Informationen","Microsoft-Windows-AppLocker","SLH-Tresen-Nuc","Die Ausführung von %SYSTEM32%\DLLHOST.EXE wurde zugelassen."
"26.05.2026 21:50:34","8002","Informationen","Microsoft-Windows-AppLocker","SLH-Tresen-Nuc","Die Ausführung von %PROGRAMFILES%\MICROSOFT ONEDRIVE\26.078.0426.0002\FILECOAUTH.EXE wurde zugelassen."
"26.05.2026 21:50:34","8002","Informationen","Microsoft-Windows-AppLocker","SLH-Tresen-Nuc","Die Ausführung von %SYSTEM32%\DLLHOST.EXE wurde zugelassen."
"26.05.2026 21:50:34","8002","Informationen","Microsoft-Windows-AppLocker","SLH-Tresen-Nuc","Die Ausführung von %PROGRAMFILES%\MICROSOFT ONEDRIVE\26.078.0426.0002\FILECOAUTH.EXE wurde zugelassen."
"26.05.2026 21:50:34","8002","Informationen","Microsoft-Windows-AppLocker","SLH-Tresen-Nuc","Die Ausführung von %SYSTEM32%\DLLHOST.EXE wurde zugelassen."
"26.05.2026 21:50:34","8002","Informationen","Microsoft-Windows-AppLocker","SLH-Tresen-Nuc","Die Ausführung von %PROGRAMFILES%\MICROSOFT ONEDRIVE\26.078.0426.0002\FILECOAUTH.EXE wurde zugelassen."
"26.05.2026 21:50:34","8002","Informationen","Microsoft-Windows-AppLocker","SLH-Tresen-Nuc","Die Ausführung von %SYSTEM32%\DLLHOST.EXE wurde zugelassen."
"26.05.2026 21:50:34","8002","Informationen","Microsoft-Windows-AppLocker","SLH-Tresen-Nuc","Die Ausführung von %PROGRAMFILES%\MICROSOFT ONEDRIVE\26.078.0426.0002\FILECOAUTH.EXE wurde zugelassen."
"26.05.2026 21:50:34","8002","Informationen","Microsoft-Windows-AppLocker","SLH-Tresen-Nuc","Die Ausführung von %SYSTEM32%\DLLHOST.EXE wurde zugelassen."
"26.05.2026 21:50:34","8002","Informationen","Microsoft-Windows-AppLocker","SLH-Tresen-Nuc","Die Ausführung von %PROGRAMFILES%\MICROSOFT ONEDRIVE\26.078.0426.0002\FILECOAUTH.EXE wurde zugelassen."
"26.05.2026 21:50:34","8002","Informationen","Microsoft-Windows-AppLocker","SLH-Tresen-Nuc","Die Ausführung von %SYSTEM32%\DLLHOST.EXE wurde zugelassen."
"26.05.2026 21:50:34","8002","Informationen","Microsoft-Windows-AppLocker","SLH-Tresen-Nuc","Die Ausführung von %PROGRAMFILES%\MICROSOFT ONEDRIVE\26.078.0426.0002\FILECOAUTH.EXE wurde zugelassen."
"26.05.2026 21:50:34","8002","Informationen","Microsoft-Windows-AppLocker","SLH-Tresen-Nuc","Die Ausführung von %SYSTEM32%\DLLHOST.EXE wurde zugelassen."
"26.05.2026 21:50:34","8002","Informationen","Microsoft-Windows-AppLocker","SLH-Tresen-Nuc","Die Ausführung von %PROGRAMFILES%\MICROSOFT ONEDRIVE\26.078.0426.0002\FILECOAUTH.EXE wurde zugelassen."
"26.05.2026 21:50:34","8002","Informationen","Microsoft-Windows-AppLocker","SLH-Tresen-Nuc","Die Ausführung von %SYSTEM32%\DLLHOST.EXE wurde zugelassen."
"26.05.2026 21:50:34","8002","Informationen","Microsoft-Windows-AppLocker","SLH-Tresen-Nuc","Die Ausführung von %SYSTEM32%\DLLHOST.EXE wurde zugelassen."
"26.05.2026 21:50:34","8002","Informationen","Microsoft-Windows-AppLocker","SLH-Tresen-Nuc","Die Ausführung von %SYSTEM32%\DLLHOST.EXE wurde zugelassen."
"26.05.2026 21:50:34","8002","Informationen","Microsoft-Windows-AppLocker","SLH-Tresen-Nuc","Die Ausführung von %SYSTEM32%\DLLHOST.EXE wurde zugelassen."
"26.05.2026 21:50:34","8002","Informationen","Microsoft-Windows-AppLocker","SLH-Tresen-Nuc","Die Ausführung von %SYSTEM32%\DLLHOST.EXE wurde zugelassen."
"26.05.2026 21:50:34","8002","Informationen","Microsoft-Windows-AppLocker","SLH-Tresen-Nuc","Die Ausführung von %SYSTEM32%\DLLHOST.EXE wurde zugelassen."
"26.05.2026 21:50:34","8002","Informationen","Microsoft-Windows-AppLocker","SLH-Tresen-Nuc","Die Ausführung von %SYSTEM32%\DLLHOST.EXE wurde zugelassen."
"26.05.2026 21:50:33","8002","Informationen","Microsoft-Windows-AppLocker","SLH-Tresen-Nuc","Die Ausführung von %SYSTEM32%\DLLHOST.EXE wurde zugelassen."
"26.05.2026 21:50:32","8002","Informationen","Microsoft-Windows-AppLocker","SLH-Tresen-Nuc","Die Ausführung von %SYSTEM32%\SC.EXE wurde zugelassen."
"26.05.2026 21:50:27","8002","Informationen","Microsoft-Windows-AppLocker","SLH-Tresen-Nuc","Die Ausführung von %PROGRAMFILES%\MICROSOFT\EDGE\APPLICATION\148.0.3967.83\IDENTITY_HELPER.EXE wurde zugelassen."
"26.05.2026 21:50:26","8002","Informationen","Microsoft-Windows-AppLocker","SLH-Tresen-Nuc","Die Ausführung von %SYSTEM32%\SMARTSCREEN.EXE wurde zugelassen."
"26.05.2026 21:50:26","8002","Informationen","Microsoft-Windows-AppLocker","SLH-Tresen-Nuc","Die Ausführung von %PROGRAMFILES%\MICROSOFT\EDGE\APPLICATION\MSEDGE.EXE wurde zugelassen."
"26.05.2026 21:50:26","8002","Informationen","Microsoft-Windows-AppLocker","SLH-Tresen-Nuc","Die Ausführung von %PROGRAMFILES%\MICROSOFT\EDGE\APPLICATION\MSEDGE.EXE wurde zugelassen."
"26.05.2026 21:50:26","8002","Informationen","Microsoft-Windows-AppLocker","SLH-Tresen-Nuc","Die Ausführung von %PROGRAMFILES%\MICROSOFT\EDGE\APPLICATION\MSEDGE.EXE wurde zugelassen."
"26.05.2026 21:50:26","8002","Informationen","Microsoft-Windows-AppLocker","SLH-Tresen-Nuc","Die Ausführung von %PROGRAMFILES%\MICROSOFT\EDGE\APPLICATION\MSEDGE.EXE wurde zugelassen."
"26.05.2026 21:50:25","8002","Informationen","Microsoft-Windows-AppLocker","SLH-Tresen-Nuc","Die Ausführung von %PROGRAMFILES%\MICROSOFT\EDGE\APPLICATION\MSEDGE.EXE wurde zugelassen."
"26.05.2026 21:50:06","8002","Informationen","Microsoft-Windows-AppLocker","SLH-Tresen-Nuc","Die Ausführung von %SYSTEM32%\CONHOST.EXE wurde zugelassen."
"26.05.2026 21:50:06","8002","Informationen","Microsoft-Windows-AppLocker","SLH-Tresen-Nuc","Die Ausführung von %PROGRAMFILES%\MOZILLA FIREFOX\PINGSENDER.EXE wurde zugelassen."
"26.05.2026 21:50:00","8002","Informationen","Microsoft-Windows-AppLocker","SLH-Tresen-Nuc","Die Ausführung von %SYSTEM32%\SEARCHPROTOCOLHOST.EXE wurde zugelassen."
"26.05.2026 21:49:48","8002","Informationen","Microsoft-Windows-AppLocker","SLH-Tresen-Nuc","Die Ausführung von %SYSTEM32%\DLLHOST.EXE wurde zugelassen."
"26.05.2026 21:49:42","8002","Informationen","Microsoft-Windows-AppLocker","SLH-Tresen-Nuc","Die Ausführung von %SYSTEM32%\DLLHOST.EXE wurde zugelassen."
"26.05.2026 21:40:17","8002","Informationen","Microsoft-Windows-AppLocker","SLH-Tresen-Nuc","Die Ausführung von %PROGRAMFILES%\ADOBE\ACROBAT DC\ACROBAT\RDCNOTIFICATIONCLIENT\FULLTRUSTNOTIFIER.EXE wurde zugelassen."
"26.05.2026 21:38:53","8002","Informationen","Microsoft-Windows-AppLocker","SLH-Tresen-Nuc","Die Ausführung von %SYSTEM32%\DLLHOST.EXE wurde zugelassen."
"26.05.2026 21:34:30","8002","Informationen","Microsoft-Windows-AppLocker","SLH-Tresen-Nuc","Die Ausführung von %PROGRAMFILES%\MICROSOFT OFFICE\ROOT\OFFICE16\SDXHELPER.EXE wurde zugelassen."
"26.05.2026 21:34:30","8002","Informationen","Microsoft-Windows-AppLocker","SLH-Tresen-Nuc","Die Ausführung von %PROGRAMFILES%\MICROSOFT OFFICE\ROOT\OFFICE16\SDXHELPER.EXE wurde zugelassen."
"26.05.2026 21:27:29","8002","Informationen","Microsoft-Windows-AppLocker","SLH-Tresen-Nuc","Die Ausführung von %SYSTEM32%\SEARCHPROTOCOLHOST.EXE wurde zugelassen."
"26.05.2026 21:25:17","8002","Informationen","Microsoft-Windows-AppLocker","SLH-Tresen-Nuc","Die Ausführung von %PROGRAMFILES%\ADOBE\ACROBAT DC\ACROBAT\RDCNOTIFICATIONCLIENT\FULLTRUSTNOTIFIER.EXE wurde zugelassen."
"26.05.2026 21:10:17","8002","Informationen","Microsoft-Windows-AppLocker","SLH-Tresen-Nuc","Die Ausführung von %PROGRAMFILES%\ADOBE\ACROBAT DC\ACROBAT\RDCNOTIFICATIONCLIENT\FULLTRUSTNOTIFIER.EXE wurde zugelassen."
"26.05.2026 20:55:17","8002","Informationen","Microsoft-Windows-AppLocker","SLH-Tresen-Nuc","Die Ausführung von %PROGRAMFILES%\ADOBE\ACROBAT DC\ACROBAT\RDCNOTIFICATIONCLIENT\FULLTRUSTNOTIFIER.EXE wurde zugelassen."
"26.05.2026 20:44:02","8002","Informationen","Microsoft-Windows-AppLocker","SLH-Tresen-Nuc","Die Ausführung von %PROGRAMFILES%\MOZILLA FIREFOX\FIREFOX.EXE wurde zugelassen."
"26.05.2026 20:42:55","8002","Informationen","Microsoft-Windows-AppLocker","SLH-Tresen-Nuc","Die Ausführung von %PROGRAMFILES%\INTEL\SUR\QUEENCREEK\X64\ESRV.EXE wurde zugelassen."
"26.05.2026 20:40:17","8002","Informationen","Microsoft-Windows-AppLocker","SLH-Tresen-Nuc","Die Ausführung von %PROGRAMFILES%\ADOBE\ACROBAT DC\ACROBAT\RDCNOTIFICATIONCLIENT\FULLTRUSTNOTIFIER.EXE wurde zugelassen."
"26.05.2026 20:28:41","8002","Informationen","Microsoft-Windows-AppLocker","SLH-Tresen-Nuc","Die Ausführung von %PROGRAMFILES%\MOZILLA FIREFOX\FIREFOX.EXE wurde zugelassen."
"26.05.2026 20:28:35","8002","Informationen","Microsoft-Windows-AppLocker","SLH-Tresen-Nuc","Die Ausführung von %PROGRAMFILES%\MOZILLA FIREFOX\FIREFOX.EXE wurde zugelassen."
"26.05.2026 20:28:29","8002","Informationen","Microsoft-Windows-AppLocker","SLH-Tresen-Nuc","Die Ausführung von %PROGRAMFILES%\MOZILLA FIREFOX\FIREFOX.EXE wurde zugelassen."
"26.05.2026 20:25:17","8002","Informationen","Microsoft-Windows-AppLocker","SLH-Tresen-Nuc","Die Ausführung von %PROGRAMFILES%\ADOBE\ACROBAT DC\ACROBAT\RDCNOTIFICATIONCLIENT\FULLTRUSTNOTIFIER.EXE wurde zugelassen."
"26.05.2026 20:22:15","8002","Informationen","Microsoft-Windows-AppLocker","SLH-Tresen-Nuc","Die Ausführung von %SYSTEM32%\DLLHOST.EXE wurde zugelassen."
"26.05.2026 20:21:14","8002","Informationen","Microsoft-Windows-AppLocker","SLH-Tresen-Nuc","Die Ausführung von %SYSTEM32%\DLLHOST.EXE wurde zugelassen."
"26.05.2026 20:10:17","8002","Informationen","Microsoft-Windows-AppLocker","SLH-Tresen-Nuc","Die Ausführung von %PROGRAMFILES%\ADOBE\ACROBAT DC\ACROBAT\RDCNOTIFICATIONCLIENT\FULLTRUSTNOTIFIER.EXE wurde zugelassen."
"26.05.2026 20:04:41","8002","Informationen","Microsoft-Windows-AppLocker","SLH-Tresen-Nuc","Die Ausführung von %PROGRAMFILES%\MOZILLA FIREFOX\FIREFOX.EXE wurde zugelassen."
"26.05.2026 20:04:27","8002","Informationen","Microsoft-Windows-AppLocker","SLH-Tresen-Nuc","Die Ausführung von %PROGRAMFILES%\MOZILLA FIREFOX\FIREFOX.EXE wurde zugelassen."
"26.05.2026 20:04:23","8002","Informationen","Microsoft-Windows-AppLocker","SLH-Tresen-Nuc","Die Ausführung von %PROGRAMFILES%\MOZILLA FIREFOX\FIREFOX.EXE wurde zugelassen."
"26.05.2026 20:03:38","8002","Informationen","Microsoft-Windows-AppLocker","SLH-Tresen-Nuc","Die Ausführung von %PROGRAMFILES%\MOZILLA FIREFOX\FIREFOX.EXE wurde zugelassen."
"26.05.2026 20:03:06","8002","Informationen","Microsoft-Windows-AppLocker","SLH-Tresen-Nuc","Die Ausführung von %PROGRAMFILES%\MOZILLA FIREFOX\FIREFOX.EXE wurde zugelassen."
"26.05.2026 20:03:04","8002","Informationen","Microsoft-Windows-AppLocker","SLH-Tresen-Nuc","Die Ausführung von %PROGRAMFILES%\MOZILLA FIREFOX\FIREFOX.EXE wurde zugelassen."
"26.05.2026 20:02:50","8002","Informationen","Microsoft-Windows-AppLocker","SLH-Tresen-Nuc","Die Ausführung von %PROGRAMFILES%\MOZILLA FIREFOX\FIREFOX.EXE wurde zugelassen."
"26.05.2026 20:02:05","8002","Informationen","Microsoft-Windows-AppLocker","SLH-Tresen-Nuc","Die Ausführung von %PROGRAMFILES%\MOZILLA FIREFOX\FIREFOX.EXE wurde zugelassen."
"26.05.2026 20:01:08","8002","Informationen","Microsoft-Windows-AppLocker","SLH-Tresen-Nuc","Die Ausführung von %PROGRAMFILES%\MOZILLA FIREFOX\FIREFOX.EXE wurde zugelassen."
"26.05.2026 20:00:54","8002","Informationen","Microsoft-Windows-AppLocker","SLH-Tresen-Nuc","Die Ausführung von %PROGRAMFILES%\MOZILLA FIREFOX\FIREFOX.EXE wurde zugelassen."
"26.05.2026 20:00:27","8002","Informationen","Microsoft-Windows-AppLocker","SLH-Tresen-Nuc","Die Ausführung von %PROGRAMFILES%\MOZILLA FIREFOX\FIREFOX.EXE wurde zugelassen."
"26.05.2026 20:00:18","8002","Informationen","Microsoft-Windows-AppLocker","SLH-Tresen-Nuc","Die Ausführung von %PROGRAMFILES%\MOZILLA FIREFOX\FIREFOX.EXE wurde zugelassen."
"26.05.2026 19:59:51","8002","Informationen","Microsoft-Windows-AppLocker","SLH-Tresen-Nuc","Die Ausführung von %PROGRAMFILES%\MOZILLA FIREFOX\FIREFOX.EXE wurde zugelassen."
"26.05.2026 19:59:45","8002","Informationen","Microsoft-Windows-AppLocker","SLH-Tresen-Nuc","Die Ausführung von %PROGRAMFILES%\MOZILLA FIREFOX\FIREFOX.EXE wurde zugelassen."
"26.05.2026 19:59:38","8002","Informationen","Microsoft-Windows-AppLocker","SLH-Tresen-Nuc","Die Ausführung von %PROGRAMFILES%\MOZILLA FIREFOX\FIREFOX.EXE wurde zugelassen."
"26.05.2026 19:59:18","8002","Informationen","Microsoft-Windows-AppLocker","SLH-Tresen-Nuc","Die Ausführung von %PROGRAMFILES%\MOZILLA FIREFOX\FIREFOX.EXE wurde zugelassen."
"26.05.2026 19:58:47","8002","Informationen","Microsoft-Windows-AppLocker","SLH-Tresen-Nuc","Die Ausführung von %PROGRAMFILES%\MOZILLA FIREFOX\FIREFOX.EXE wurde zugelassen."
"26.05.2026 19:58:28","8002","Informationen","Microsoft-Windows-AppLocker","SLH-Tresen-Nuc","Die Ausführung von %PROGRAMFILES%\MOZILLA FIREFOX\FIREFOX.EXE wurde zugelassen."
"26.05.2026 19:58:22","8002","Informationen","Microsoft-Windows-AppLocker","SLH-Tresen-Nuc","Die Ausführung von %PROGRAMFILES%\MOZILLA FIREFOX\FIREFOX.EXE wurde zugelassen."
"26.05.2026 19:55:17","8002","Informationen","Microsoft-Windows-AppLocker","SLH-Tresen-Nuc","Die Ausführung von %PROGRAMFILES%\ADOBE\ACROBAT DC\ACROBAT\RDCNOTIFICATIONCLIENT\FULLTRUSTNOTIFIER.EXE wurde zugelassen."
"26.05.2026 19:45:17","8002","Informationen","Microsoft-Windows-AppLocker","SLH-Tresen-Nuc","Die Ausführung von %PROGRAMFILES%\COMMON FILES\MICROSOFT SHARED\CLICKTORUN\MAVINJECT32.EXE wurde zugelassen."
"26.05.2026 19:45:17","8002","Informationen","Microsoft-Windows-AppLocker","SLH-Tresen-Nuc","Die Ausführung von %PROGRAMFILES%\MICROSOFT OFFICE\ROOT\OFFICE16\MSOADFSB.EXE wurde zugelassen."
"26.05.2026 19:42:38","8002","Informationen","Microsoft-Windows-AppLocker","SLH-Tresen-Nuc","Die Ausführung von %SYSTEM32%\SEARCHPROTOCOLHOST.EXE wurde zugelassen."
"26.05.2026 19:40:17","8002","Informationen","Microsoft-Windows-AppLocker","SLH-Tresen-Nuc","Die Ausführung von %PROGRAMFILES%\ADOBE\ACROBAT DC\ACROBAT\RDCNOTIFICATIONCLIENT\FULLTRUSTNOTIFIER.EXE wurde zugelassen."
"26.05.2026 19:38:52","8002","Informationen","Microsoft-Windows-AppLocker","SLH-Tresen-Nuc","Die Ausführung von %SYSTEM32%\SMARTSCREEN.EXE wurde zugelassen."
"26.05.2026 19:38:52","8002","Informationen","Microsoft-Windows-AppLocker","SLH-Tresen-Nuc","Die Ausführung von %SYSTEM32%\TASKHOSTW.EXE wurde zugelassen."
"26.05.2026 19:33:52","8002","Informationen","Microsoft-Windows-AppLocker","SLH-Tresen-Nuc","Die Ausführung von %SYSTEM32%\SEARCHPROTOCOLHOST.EXE wurde zugelassen."
"26.05.2026 19:29:48","8002","Informationen","Microsoft-Windows-AppLocker","SLH-Tresen-Nuc","Die Ausführung von %PROGRAMFILES%\MICROSOFT\EDGEWEBVIEW\APPLICATION\148.0.3967.83\MSEDGEWEBVIEW2.EXE wurde zugelassen."
"26.05.2026 19:29:48","8002","Informationen","Microsoft-Windows-AppLocker","SLH-Tresen-Nuc","Die Ausführung von %PROGRAMFILES%\ADOBE\ACROBAT DC\ACROBAT\ACROCEF\ACROCEF.EXE wurde zugelassen."
"26.05.2026 19:29:32","8002","Informationen","Microsoft-Windows-AppLocker","SLH-Tresen-Nuc","Die Ausführung von %PROGRAMFILES%\MICROSOFT\EDGEWEBVIEW\APPLICATION\148.0.3967.83\MSEDGEWEBVIEW2.EXE wurde zugelassen."
"26.05.2026 19:29:31","8002","Informationen","Microsoft-Windows-AppLocker","SLH-Tresen-Nuc","Die Ausführung von %PROGRAMFILES%\MICROSOFT\EDGEWEBVIEW\APPLICATION\148.0.3967.83\MSEDGEWEBVIEW2.EXE wurde zugelassen."
"26.05.2026 19:28:19","8002","Informationen","Microsoft-Windows-AppLocker","SLH-Tresen-Nuc","Die Ausführung von %PROGRAMFILES%\ADOBE\ACROBAT DC\ACROBAT\ACROBAT.EXE wurde zugelassen."
"26.05.2026 19:28:19","8002","Informationen","Microsoft-Windows-AppLocker","SLH-Tresen-Nuc","Die Ausführung von %PROGRAMFILES%\ADOBE\ACROBAT DC\ACROBAT\ACROBAT.EXE wurde zugelassen."
"26.05.2026 19:27:56","8002","Informationen","Microsoft-Windows-AppLocker","SLH-Tresen-Nuc","Die Ausführung von %SYSTEM32%\CONHOST.EXE wurde zugelassen."
"26.05.2026 19:27:56","8002","Informationen","Microsoft-Windows-AppLocker","SLH-Tresen-Nuc","Die Ausführung von %PROGRAMFILES%\ADOBE\ACROBAT DC\ACROBAT\CRLOGTRANSPORT.EXE wurde zugelassen."
